instance,lefthand,righthand,trunk
0,CarryingWhileLocomoting,CarryingWhileLocomoting,StandingStill
1,CarryingWhileLocomoting,CarryingWhileLocomoting,StandingStill
2,CarryingWhileLocomoting,CarryingWhileLocomoting,StandingStill
3,CarryingWhileLocomoting,CarryingWhileLocomoting,StandingStill
4,CarryingWhileLocomoting,CarryingWhileLocomoting,StandingStill
5,CarryingWhileLocomoting,CarryingWhileLocomoting,StandingStill
6,CarryingWhileLocomoting,CarryingWhileLocomoting,StandingStill
7,CarryingWhileLocomoting,CarryingWhileLocomoting,StandingStill
8,CarryingWhileLocomoting,CarryingWhileLocomoting,StandingStill
9,CarryingWhileLocomoting,CarryingWhileLocomoting,StandingStill
10,CarryingWhileLocomoting,CarryingWhileLocomoting,StandingStill
11,CarryingWhileLocomoting,CarryingWhileLocomoting,StandingStill
12,CarryingWhileLocomoting,CarryingWhileLocomoting,StandingStill
13,CarryingWhileLocomoting,CarryingWhileLocomoting,StandingStill
14,CarryingWhileLocomoting,CarryingWhileLocomoting,StandingStill
15,CarryingWhileLocomoting,CarryingWhileLocomoting,StandingStill
16,CarryingWhileLocomoting,CarryingWhileLocomoting,StandingStill
17,CarryingWhileLocomoting,CarryingWhileLocomoting,StandingStill
18,CarryingWhileLocomoting,CarryingWhileLocomoting,StandingStill
19,CarryingWhileLocomoting,CarryingWhileLocomoting,StandingStill
20,CarryingWhileLocomoting,CarryingWhileLocomoting,StandingStill
21,CarryingWhileLocomoting,CarryingWhileLocomoting,StandingStill
22,CarryingWhileLocomoting,CarryingWhileLocomoting,StandingStill
23,CarryingWhileLocomoting,CarryingWhileLocomoting,HumanWalkingProcess
24,CarryingWhileLocomoting,CarryingWhileLocomoting,HumanWalkingProcess
25,CarryingWhileLocomoting,CarryingWhileLocomoting,HumanWalkingProcess
26,CarryingWhileLocomoting,CarryingWhileLocomoting,HumanWalkingProcess
27,CarryingWhileLocomoting,CarryingWhileLocomoting,HumanWalkingProcess
28,CarryingWhileLocomoting,CarryingWhileLocomoting,HumanWalkingProcess
29,CarryingWhileLocomoting,CarryingWhileLocomoting,HumanWalkingProcess
30,CarryingWhileLocomoting,CarryingWhileLocomoting,HumanWalkingProcess
31,CarryingWhileLocomoting,Reaching,HumanWalkingProcess
32,CarryingWhileLocomoting,Reaching,HumanWalkingProcess
33,CarryingWhileLocomoting,Reaching,HumanWalkingProcess
34,CarryingWhileLocomoting,Reaching,HumanWalkingProcess
35,CarryingWhileLocomoting,Reaching,HumanWalkingProcess
36,CarryingWhileLocomoting,Reaching,HumanWalkingProcess
37,CarryingWhileLocomoting,Reaching,HumanWalkingProcess
38,CarryingWhileLocomoting,Reaching,HumanWalkingProcess
39,CarryingWhileLocomoting,Reaching,HumanWalkingProcess
40,CarryingWhileLocomoting,Reaching,HumanWalkingProcess
41,CarryingWhileLocomoting,Reaching,HumanWalkingProcess
42,CarryingWhileLocomoting,Reaching,HumanWalkingProcess
43,CarryingWhileLocomoting,Reaching,HumanWalkingProcess
44,CarryingWhileLocomoting,Reaching,HumanWalkingProcess
45,CarryingWhileLocomoting,Reaching,HumanWalkingProcess
46,CarryingWhileLocomoting,Reaching,HumanWalkingProcess
47,CarryingWhileLocomoting,Reaching,HumanWalkingProcess
48,CarryingWhileLocomoting,Reaching,HumanWalkingProcess
49,CarryingWhileLocomoting,Reaching,HumanWalkingProcess
50,CarryingWhileLocomoting,Reaching,HumanWalkingProcess
51,CarryingWhileLocomoting,Reaching,HumanWalkingProcess
52,CarryingWhileLocomoting,Reaching,HumanWalkingProcess
53,CarryingWhileLocomoting,TakingSomething,HumanWalkingProcess
54,CarryingWhileLocomoting,TakingSomething,HumanWalkingProcess
55,CarryingWhileLocomoting,TakingSomething,HumanWalkingProcess
56,CarryingWhileLocomoting,TakingSomething,HumanWalkingProcess
57,CarryingWhileLocomoting,TakingSomething,HumanWalkingProcess
58,CarryingWhileLocomoting,TakingSomething,HumanWalkingProcess
59,CarryingWhileLocomoting,TakingSomething,HumanWalkingProcess
60,CarryingWhileLocomoting,TakingSomething,StandingStill
61,CarryingWhileLocomoting,TakingSomething,StandingStill
62,CarryingWhileLocomoting,TakingSomething,StandingStill
63,CarryingWhileLocomoting,TakingSomething,StandingStill
64,CarryingWhileLocomoting,TakingSomething,StandingStill
65,CarryingWhileLocomoting,TakingSomething,StandingStill
66,CarryingWhileLocomoting,TakingSomething,StandingStill
67,CarryingWhileLocomoting,TakingSomething,HumanWalkingProcess
68,CarryingWhileLocomoting,TakingSomething,HumanWalkingProcess
69,CarryingWhileLocomoting,TakingSomething,HumanWalkingProcess
70,CarryingWhileLocomoting,TakingSomething,HumanWalkingProcess
71,CarryingWhileLocomoting,TakingSomething,HumanWalkingProcess
72,CarryingWhileLocomoting,TakingSomething,HumanWalkingProcess
73,CarryingWhileLocomoting,TakingSomething,HumanWalkingProcess
74,CarryingWhileLocomoting,TakingSomething,HumanWalkingProcess
75,CarryingWhileLocomoting,TakingSomething,HumanWalkingProcess
76,CarryingWhileLocomoting,TakingSomething,HumanWalkingProcess
77,CarryingWhileLocomoting,TakingSomething,HumanWalkingProcess
78,CarryingWhileLocomoting,TakingSomething,HumanWalkingProcess
79,CarryingWhileLocomoting,TakingSomething,HumanWalkingProcess
80,CarryingWhileLocomoting,CarryingWhileLocomoting,HumanWalkingProcess
81,CarryingWhileLocomoting,CarryingWhileLocomoting,HumanWalkingProcess
82,CarryingWhileLocomoting,CarryingWhileLocomoting,HumanWalkingProcess
83,CarryingWhileLocomoting,CarryingWhileLocomoting,HumanWalkingProcess
84,CarryingWhileLocomoting,CarryingWhileLocomoting,HumanWalkingProcess
85,CarryingWhileLocomoting,CarryingWhileLocomoting,HumanWalkingProcess
86,CarryingWhileLocomoting,CarryingWhileLocomoting,HumanWalkingProcess
87,CarryingWhileLocomoting,CarryingWhileLocomoting,HumanWalkingProcess
88,CarryingWhileLocomoting,CarryingWhileLocomoting,HumanWalkingProcess
89,CarryingWhileLocomoting,CarryingWhileLocomoting,HumanWalkingProcess
90,CarryingWhileLocomoting,CarryingWhileLocomoting,HumanWalkingProcess
91,CarryingWhileLocomoting,CarryingWhileLocomoting,HumanWalkingProcess
92,CarryingWhileLocomoting,CarryingWhileLocomoting,HumanWalkingProcess
93,CarryingWhileLocomoting,CarryingWhileLocomoting,HumanWalkingProcess
94,CarryingWhileLocomoting,CarryingWhileLocomoting,HumanWalkingProcess
95,CarryingWhileLocomoting,CarryingWhileLocomoting,HumanWalkingProcess
96,CarryingWhileLocomoting,CarryingWhileLocomoting,HumanWalkingProcess
97,CarryingWhileLocomoting,CarryingWhileLocomoting,HumanWalkingProcess
98,CarryingWhileLocomoting,CarryingWhileLocomoting,HumanWalkingProcess
99,CarryingWhileLocomoting,CarryingWhileLocomoting,HumanWalkingProcess
100,CarryingWhileLocomoting,CarryingWhileLocomoting,HumanWalkingProcess
101,CarryingWhileLocomoting,CarryingWhileLocomoting,HumanWalkingProcess
102,CarryingWhileLocomoting,CarryingWhileLocomoting,HumanWalkingProcess
103,CarryingWhileLocomoting,CarryingWhileLocomoting,HumanWalkingProcess
104,CarryingWhileLocomoting,CarryingWhileLocomoting,HumanWalkingProcess
105,CarryingWhileLocomoting,CarryingWhileLocomoting,HumanWalkingProcess
106,CarryingWhileLocomoting,CarryingWhileLocomoting,HumanWalkingProcess
107,CarryingWhileLocomoting,CarryingWhileLocomoting,HumanWalkingProcess
108,LoweringAnObject,CarryingWhileLocomoting,HumanWalkingProcess
109,LoweringAnObject,CarryingWhileLocomoting,HumanWalkingProcess
110,LoweringAnObject,LoweringAnObject,HumanWalkingProcess
111,LoweringAnObject,LoweringAnObject,HumanWalkingProcess
112,LoweringAnObject,LoweringAnObject,HumanWalkingProcess
113,LoweringAnObject,LoweringAnObject,HumanWalkingProcess
114,LoweringAnObject,LoweringAnObject,HumanWalkingProcess
115,LoweringAnObject,LoweringAnObject,HumanWalkingProcess
116,LoweringAnObject,LoweringAnObject,HumanWalkingProcess
117,LoweringAnObject,LoweringAnObject,HumanWalkingProcess
118,LoweringAnObject,LoweringAnObject,HumanWalkingProcess
119,LoweringAnObject,LoweringAnObject,HumanWalkingProcess
120,LoweringAnObject,LoweringAnObject,HumanWalkingProcess
121,LoweringAnObject,LoweringAnObject,StandingStill
122,LoweringAnObject,LoweringAnObject,StandingStill
123,LoweringAnObject,LoweringAnObject,StandingStill
124,LoweringAnObject,LoweringAnObject,StandingStill
125,LoweringAnObject,LoweringAnObject,StandingStill
126,LoweringAnObject,LoweringAnObject,StandingStill
127,LoweringAnObject,LoweringAnObject,StandingStill
128,LoweringAnObject,LoweringAnObject,StandingStill
129,LoweringAnObject,LoweringAnObject,StandingStill
130,LoweringAnObject,LoweringAnObject,StandingStill
131,LoweringAnObject,LoweringAnObject,StandingStill
132,ReleasingGraspOfSomething,LoweringAnObject,StandingStill
133,ReleasingGraspOfSomething,LoweringAnObject,StandingStill
134,ReleasingGraspOfSomething,LoweringAnObject,StandingStill
135,ReleasingGraspOfSomething,LoweringAnObject,StandingStill
136,ReleasingGraspOfSomething,LoweringAnObject,StandingStill
137,ReleasingGraspOfSomething,LoweringAnObject,StandingStill
138,ReleasingGraspOfSomething,LoweringAnObject,StandingStill
139,ReleasingGraspOfSomething,LoweringAnObject,StandingStill
140,ReleasingGraspOfSomething,LoweringAnObject,StandingStill
141,ReleasingGraspOfSomething,LoweringAnObject,StandingStill
142,ReleasingGraspOfSomething,LoweringAnObject,StandingStill
143,ReleasingGraspOfSomething,LoweringAnObject,StandingStill
144,ReleasingGraspOfSomething,LoweringAnObject,StandingStill
145,ReleasingGraspOfSomething,LoweringAnObject,StandingStill
146,ReleasingGraspOfSomething,ReleasingGraspOfSomething,StandingStill
147,ReleasingGraspOfSomething,ReleasingGraspOfSomething,StandingStill
148,ReleasingGraspOfSomething,ReleasingGraspOfSomething,StandingStill
149,ReleasingGraspOfSomething,ReleasingGraspOfSomething,StandingStill
150,ReleasingGraspOfSomething,ReleasingGraspOfSomething,StandingStill
151,ReleasingGraspOfSomething,ReleasingGraspOfSomething,StandingStill
152,ReleasingGraspOfSomething,ReleasingGraspOfSomething,StandingStill
153,ReleasingGraspOfSomething,ReleasingGraspOfSomething,StandingStill
154,ReleasingGraspOfSomething,ReleasingGraspOfSomething,StandingStill
155,ReleasingGraspOfSomething,ReleasingGraspOfSomething,StandingStill
156,ReleasingGraspOfSomething,ReleasingGraspOfSomething,StandingStill
157,ReleasingGraspOfSomething,ReleasingGraspOfSomething,StandingStill
158,ReleasingGraspOfSomething,ReleasingGraspOfSomething,StandingStill
159,ReleasingGraspOfSomething,ReleasingGraspOfSomething,StandingStill
160,ReleasingGraspOfSomething,ReleasingGraspOfSomething,HumanWalkingProcess
161,ReleasingGraspOfSomething,ReleasingGraspOfSomething,HumanWalkingProcess
162,ReleasingGraspOfSomething,ReleasingGraspOfSomething,HumanWalkingProcess
163,ReleasingGraspOfSomething,ReleasingGraspOfSomething,HumanWalkingProcess
164,CarryingWhileLocomoting,ReleasingGraspOfSomething,HumanWalkingProcess
165,CarryingWhileLocomoting,ReleasingGraspOfSomething,HumanWalkingProcess
166,CarryingWhileLocomoting,CarryingWhileLocomoting,HumanWalkingProcess
167,CarryingWhileLocomoting,CarryingWhileLocomoting,HumanWalkingProcess
168,CarryingWhileLocomoting,CarryingWhileLocomoting,HumanWalkingProcess
169,CarryingWhileLocomoting,CarryingWhileLocomoting,HumanWalkingProcess
170,CarryingWhileLocomoting,CarryingWhileLocomoting,HumanWalkingProcess
171,CarryingWhileLocomoting,CarryingWhileLocomoting,HumanWalkingProcess
172,CarryingWhileLocomoting,CarryingWhileLocomoting,HumanWalkingProcess
173,CarryingWhileLocomoting,CarryingWhileLocomoting,HumanWalkingProcess
174,CarryingWhileLocomoting,CarryingWhileLocomoting,HumanWalkingProcess
175,CarryingWhileLocomoting,CarryingWhileLocomoting,HumanWalkingProcess
176,CarryingWhileLocomoting,CarryingWhileLocomoting,HumanWalkingProcess
177,CarryingWhileLocomoting,CarryingWhileLocomoting,HumanWalkingProcess
178,CarryingWhileLocomoting,CarryingWhileLocomoting,HumanWalkingProcess
179,CarryingWhileLocomoting,CarryingWhileLocomoting,HumanWalkingProcess
180,CarryingWhileLocomoting,CarryingWhileLocomoting,HumanWalkingProcess
181,CarryingWhileLocomoting,CarryingWhileLocomoting,HumanWalkingProcess
182,CarryingWhileLocomoting,CarryingWhileLocomoting,HumanWalkingProcess
183,CarryingWhileLocomoting,CarryingWhileLocomoting,HumanWalkingProcess
184,CarryingWhileLocomoting,CarryingWhileLocomoting,HumanWalkingProcess
185,CarryingWhileLocomoting,CarryingWhileLocomoting,HumanWalkingProcess
186,CarryingWhileLocomoting,CarryingWhileLocomoting,HumanWalkingProcess
187,CarryingWhileLocomoting,CarryingWhileLocomoting,HumanWalkingProcess
188,CarryingWhileLocomoting,CarryingWhileLocomoting,HumanWalkingProcess
189,CarryingWhileLocomoting,CarryingWhileLocomoting,HumanWalkingProcess
190,CarryingWhileLocomoting,CarryingWhileLocomoting,HumanWalkingProcess
191,CarryingWhileLocomoting,CarryingWhileLocomoting,HumanWalkingProcess
192,CarryingWhileLocomoting,CarryingWhileLocomoting,HumanWalkingProcess
193,CarryingWhileLocomoting,CarryingWhileLocomoting,HumanWalkingProcess
194,CarryingWhileLocomoting,CarryingWhileLocomoting,HumanWalkingProcess
195,CarryingWhileLocomoting,CarryingWhileLocomoting,HumanWalkingProcess
196,CarryingWhileLocomoting,CarryingWhileLocomoting,HumanWalkingProcess
197,Reaching,CarryingWhileLocomoting,HumanWalkingProcess
198,Reaching,CarryingWhileLocomoting,HumanWalkingProcess
199,Reaching,CarryingWhileLocomoting,HumanWalkingProcess
200,Reaching,CarryingWhileLocomoting,HumanWalkingProcess
201,Reaching,CarryingWhileLocomoting,HumanWalkingProcess
202,Reaching,CarryingWhileLocomoting,HumanWalkingProcess
203,Reaching,CarryingWhileLocomoting,HumanWalkingProcess
204,Reaching,Reaching,HumanWalkingProcess
205,Reaching,Reaching,HumanWalkingProcess
206,Reaching,Reaching,HumanWalkingProcess
207,Reaching,Reaching,HumanWalkingProcess
208,Reaching,Reaching,HumanWalkingProcess
209,Reaching,Reaching,HumanWalkingProcess
210,Reaching,Reaching,HumanWalkingProcess
211,Reaching,Reaching,HumanWalkingProcess
212,Reaching,Reaching,HumanWalkingProcess
213,Reaching,Reaching,HumanWalkingProcess
214,Reaching,Reaching,HumanWalkingProcess
215,Reaching,Reaching,HumanWalkingProcess
216,Reaching,Reaching,HumanWalkingProcess
217,Reaching,Reaching,HumanWalkingProcess
218,Reaching,Reaching,HumanWalkingProcess
219,Reaching,Reaching,HumanWalkingProcess
220,Reaching,Reaching,HumanWalkingProcess
221,Reaching,Reaching,HumanWalkingProcess
222,Reaching,Reaching,HumanWalkingProcess
223,Reaching,Reaching,StandingStill
224,Reaching,Reaching,StandingStill
225,TakingSomething,Reaching,StandingStill
226,TakingSomething,Reaching,StandingStill
227,TakingSomething,Reaching,StandingStill
228,TakingSomething,Reaching,StandingStill
229,TakingSomething,Reaching,StandingStill
230,TakingSomething,Reaching,StandingStill
231,TakingSomething,Reaching,StandingStill
232,TakingSomething,Reaching,StandingStill
233,TakingSomething,Reaching,StandingStill
234,TakingSomething,TakingSomething,StandingStill
235,TakingSomething,TakingSomething,StandingStill
236,TakingSomething,TakingSomething,StandingStill
237,TakingSomething,TakingSomething,StandingStill
238,TakingSomething,TakingSomething,StandingStill
239,TakingSomething,TakingSomething,StandingStill
240,TakingSomething,TakingSomething,StandingStill
241,TakingSomething,TakingSomething,StandingStill
242,TakingSomething,TakingSomething,StandingStill
243,TakingSomething,TakingSomething,StandingStill
244,TakingSomething,TakingSomething,StandingStill
245,TakingSomething,TakingSomething,StandingStill
246,TakingSomething,TakingSomething,HumanWalkingProcess
247,CarryingWhileLocomoting,TakingSomething,HumanWalkingProcess
248,CarryingWhileLocomoting,TakingSomething,HumanWalkingProcess
249,CarryingWhileLocomoting,TakingSomething,HumanWalkingProcess
250,CarryingWhileLocomoting,CarryingWhileLocomoting,HumanWalkingProcess
251,CarryingWhileLocomoting,CarryingWhileLocomoting,HumanWalkingProcess
252,CarryingWhileLocomoting,CarryingWhileLocomoting,HumanWalkingProcess
253,CarryingWhileLocomoting,CarryingWhileLocomoting,HumanWalkingProcess
254,CarryingWhileLocomoting,CarryingWhileLocomoting,HumanWalkingProcess
255,CarryingWhileLocomoting,CarryingWhileLocomoting,HumanWalkingProcess
256,CarryingWhileLocomoting,CarryingWhileLocomoting,HumanWalkingProcess
257,CarryingWhileLocomoting,CarryingWhileLocomoting,HumanWalkingProcess
258,CarryingWhileLocomoting,CarryingWhileLocomoting,HumanWalkingProcess
259,CarryingWhileLocomoting,CarryingWhileLocomoting,HumanWalkingProcess
260,CarryingWhileLocomoting,CarryingWhileLocomoting,HumanWalkingProcess
261,CarryingWhileLocomoting,CarryingWhileLocomoting,HumanWalkingProcess
262,CarryingWhileLocomoting,CarryingWhileLocomoting,HumanWalkingProcess
263,CarryingWhileLocomoting,CarryingWhileLocomoting,HumanWalkingProcess
264,CarryingWhileLocomoting,CarryingWhileLocomoting,HumanWalkingProcess
265,CarryingWhileLocomoting,CarryingWhileLocomoting,HumanWalkingProcess
266,CarryingWhileLocomoting,CarryingWhileLocomoting,HumanWalkingProcess
267,CarryingWhileLocomoting,CarryingWhileLocomoting,HumanWalkingProcess
268,CarryingWhileLocomoting,CarryingWhileLocomoting,HumanWalkingProcess
269,CarryingWhileLocomoting,CarryingWhileLocomoting,HumanWalkingProcess
270,CarryingWhileLocomoting,CarryingWhileLocomoting,HumanWalkingProcess
271,CarryingWhileLocomoting,CarryingWhileLocomoting,HumanWalkingProcess
272,CarryingWhileLocomoting,CarryingWhileLocomoting,HumanWalkingProcess
273,CarryingWhileLocomoting,CarryingWhileLocomoting,HumanWalkingProcess
274,CarryingWhileLocomoting,CarryingWhileLocomoting,HumanWalkingProcess
275,CarryingWhileLocomoting,CarryingWhileLocomoting,HumanWalkingProcess
276,CarryingWhileLocomoting,CarryingWhileLocomoting,HumanWalkingProcess
277,CarryingWhileLocomoting,CarryingWhileLocomoting,HumanWalkingProcess
278,CarryingWhileLocomoting,CarryingWhileLocomoting,HumanWalkingProcess
279,CarryingWhileLocomoting,CarryingWhileLocomoting,HumanWalkingProcess
280,CarryingWhileLocomoting,CarryingWhileLocomoting,HumanWalkingProcess
281,CarryingWhileLocomoting,CarryingWhileLocomoting,HumanWalkingProcess
282,CarryingWhileLocomoting,CarryingWhileLocomoting,HumanWalkingProcess
283,CarryingWhileLocomoting,CarryingWhileLocomoting,HumanWalkingProcess
284,CarryingWhileLocomoting,CarryingWhileLocomoting,HumanWalkingProcess
285,CarryingWhileLocomoting,LoweringAnObject,HumanWalkingProcess
286,CarryingWhileLocomoting,LoweringAnObject,HumanWalkingProcess
287,LoweringAnObject,LoweringAnObject,HumanWalkingProcess
288,LoweringAnObject,LoweringAnObject,HumanWalkingProcess
289,LoweringAnObject,LoweringAnObject,HumanWalkingProcess
290,LoweringAnObject,LoweringAnObject,HumanWalkingProcess
291,LoweringAnObject,LoweringAnObject,StandingStill
292,LoweringAnObject,LoweringAnObject,StandingStill
293,LoweringAnObject,LoweringAnObject,StandingStill
294,LoweringAnObject,LoweringAnObject,StandingStill
295,LoweringAnObject,LoweringAnObject,StandingStill
296,LoweringAnObject,LoweringAnObject,StandingStill
297,LoweringAnObject,LoweringAnObject,StandingStill
298,LoweringAnObject,LoweringAnObject,StandingStill
299,LoweringAnObject,LoweringAnObject,StandingStill
300,LoweringAnObject,LoweringAnObject,StandingStill
301,LoweringAnObject,LoweringAnObject,StandingStill
302,LoweringAnObject,LoweringAnObject,StandingStill
303,LoweringAnObject,LoweringAnObject,StandingStill
304,LoweringAnObject,LoweringAnObject,StandingStill
305,LoweringAnObject,LoweringAnObject,StandingStill
306,LoweringAnObject,LoweringAnObject,StandingStill
307,LoweringAnObject,LoweringAnObject,StandingStill
308,LoweringAnObject,LoweringAnObject,StandingStill
309,LoweringAnObject,LoweringAnObject,StandingStill
310,LoweringAnObject,LoweringAnObject,StandingStill
311,LoweringAnObject,LoweringAnObject,StandingStill
312,LoweringAnObject,LoweringAnObject,StandingStill
313,LoweringAnObject,LoweringAnObject,StandingStill
314,LoweringAnObject,LoweringAnObject,StandingStill
315,LoweringAnObject,LoweringAnObject,StandingStill
316,LoweringAnObject,LoweringAnObject,StandingStill
317,LoweringAnObject,LoweringAnObject,StandingStill
318,LoweringAnObject,LoweringAnObject,StandingStill
319,LoweringAnObject,LoweringAnObject,StandingStill
320,LoweringAnObject,LoweringAnObject,StandingStill
321,LoweringAnObject,LoweringAnObject,StandingStill
322,LoweringAnObject,LoweringAnObject,StandingStill
323,LoweringAnObject,LoweringAnObject,StandingStill
324,LoweringAnObject,LoweringAnObject,StandingStill
325,LoweringAnObject,LoweringAnObject,StandingStill
326,LoweringAnObject,LoweringAnObject,StandingStill
327,LoweringAnObject,LoweringAnObject,StandingStill
328,ReleasingGraspOfSomething,LoweringAnObject,StandingStill
329,ReleasingGraspOfSomething,LoweringAnObject,StandingStill
330,ReleasingGraspOfSomething,LoweringAnObject,StandingStill
331,ReleasingGraspOfSomething,LoweringAnObject,StandingStill
332,ReleasingGraspOfSomething,LoweringAnObject,StandingStill
333,ReleasingGraspOfSomething,LoweringAnObject,StandingStill
334,ReleasingGraspOfSomething,LoweringAnObject,StandingStill
335,ReleasingGraspOfSomething,LoweringAnObject,StandingStill
336,ReleasingGraspOfSomething,LoweringAnObject,StandingStill
337,ReleasingGraspOfSomething,LoweringAnObject,StandingStill
338,ReleasingGraspOfSomething,ReleasingGraspOfSomething,StandingStill
339,ReleasingGraspOfSomething,ReleasingGraspOfSomething,StandingStill
340,ReleasingGraspOfSomething,ReleasingGraspOfSomething,StandingStill
341,ReleasingGraspOfSomething,ReleasingGraspOfSomething,StandingStill
342,ReleasingGraspOfSomething,ReleasingGraspOfSomething,StandingStill
343,ReleasingGraspOfSomething,ReleasingGraspOfSomething,StandingStill
344,ReleasingGraspOfSomething,ReleasingGraspOfSomething,StandingStill
345,ReleasingGraspOfSomething,ReleasingGraspOfSomething,StandingStill
346,ReleasingGraspOfSomething,ReleasingGraspOfSomething,StandingStill
347,ReleasingGraspOfSomething,ReleasingGraspOfSomething,StandingStill
348,ReleasingGraspOfSomething,ReleasingGraspOfSomething,StandingStill
349,ReleasingGraspOfSomething,ReleasingGraspOfSomething,StandingStill
350,ReleasingGraspOfSomething,ReleasingGraspOfSomething,StandingStill
351,ReleasingGraspOfSomething,ReleasingGraspOfSomething,StandingStill
352,ReleasingGraspOfSomething,ReleasingGraspOfSomething,StandingStill
353,ReleasingGraspOfSomething,ReleasingGraspOfSomething,HumanWalkingProcess
354,ReleasingGraspOfSomething,ReleasingGraspOfSomething,HumanWalkingProcess
355,CarryingWhileLocomoting,ReleasingGraspOfSomething,HumanWalkingProcess
356,CarryingWhileLocomoting,CarryingWhileLocomoting,HumanWalkingProcess
357,CarryingWhileLocomoting,CarryingWhileLocomoting,HumanWalkingProcess
358,CarryingWhileLocomoting,CarryingWhileLocomoting,HumanWalkingProcess
359,CarryingWhileLocomoting,CarryingWhileLocomoting,HumanWalkingProcess
360,CarryingWhileLocomoting,CarryingWhileLocomoting,HumanWalkingProcess
361,CarryingWhileLocomoting,CarryingWhileLocomoting,HumanWalkingProcess
362,CarryingWhileLocomoting,CarryingWhileLocomoting,HumanWalkingProcess
363,CarryingWhileLocomoting,CarryingWhileLocomoting,HumanWalkingProcess
364,CarryingWhileLocomoting,CarryingWhileLocomoting,HumanWalkingProcess
365,CarryingWhileLocomoting,CarryingWhileLocomoting,HumanWalkingProcess
366,CarryingWhileLocomoting,CarryingWhileLocomoting,HumanWalkingProcess
367,CarryingWhileLocomoting,CarryingWhileLocomoting,HumanWalkingProcess
368,CarryingWhileLocomoting,CarryingWhileLocomoting,HumanWalkingProcess
369,CarryingWhileLocomoting,CarryingWhileLocomoting,HumanWalkingProcess
370,CarryingWhileLocomoting,CarryingWhileLocomoting,HumanWalkingProcess
371,CarryingWhileLocomoting,CarryingWhileLocomoting,HumanWalkingProcess
372,CarryingWhileLocomoting,CarryingWhileLocomoting,HumanWalkingProcess
373,CarryingWhileLocomoting,CarryingWhileLocomoting,HumanWalkingProcess
374,CarryingWhileLocomoting,CarryingWhileLocomoting,HumanWalkingProcess
375,CarryingWhileLocomoting,CarryingWhileLocomoting,HumanWalkingProcess
376,CarryingWhileLocomoting,CarryingWhileLocomoting,HumanWalkingProcess
377,CarryingWhileLocomoting,CarryingWhileLocomoting,HumanWalkingProcess
378,CarryingWhileLocomoting,CarryingWhileLocomoting,HumanWalkingProcess
379,CarryingWhileLocomoting,CarryingWhileLocomoting,HumanWalkingProcess
380,CarryingWhileLocomoting,CarryingWhileLocomoting,HumanWalkingProcess
381,CarryingWhileLocomoting,CarryingWhileLocomoting,HumanWalkingProcess
382,CarryingWhileLocomoting,CarryingWhileLocomoting,HumanWalkingProcess
383,CarryingWhileLocomoting,CarryingWhileLocomoting,HumanWalkingProcess
384,CarryingWhileLocomoting,CarryingWhileLocomoting,HumanWalkingProcess
385,CarryingWhileLocomoting,CarryingWhileLocomoting,HumanWalkingProcess
386,CarryingWhileLocomoting,CarryingWhileLocomoting,HumanWalkingProcess
387,CarryingWhileLocomoting,CarryingWhileLocomoting,HumanWalkingProcess
388,CarryingWhileLocomoting,CarryingWhileLocomoting,HumanWalkingProcess
389,CarryingWhileLocomoting,CarryingWhileLocomoting,HumanWalkingProcess
390,CarryingWhileLocomoting,CarryingWhileLocomoting,HumanWalkingProcess
391,CarryingWhileLocomoting,CarryingWhileLocomoting,HumanWalkingProcess
392,CarryingWhileLocomoting,CarryingWhileLocomoting,HumanWalkingProcess
393,CarryingWhileLocomoting,CarryingWhileLocomoting,HumanWalkingProcess
394,CarryingWhileLocomoting,CarryingWhileLocomoting,HumanWalkingProcess
395,CarryingWhileLocomoting,CarryingWhileLocomoting,HumanWalkingProcess
396,CarryingWhileLocomoting,CarryingWhileLocomoting,HumanWalkingProcess
397,CarryingWhileLocomoting,CarryingWhileLocomoting,HumanWalkingProcess
398,CarryingWhileLocomoting,CarryingWhileLocomoting,HumanWalkingProcess
399,CarryingWhileLocomoting,Reaching,HumanWalkingProcess
400,CarryingWhileLocomoting,Reaching,HumanWalkingProcess
401,CarryingWhileLocomoting,Reaching,HumanWalkingProcess
402,CarryingWhileLocomoting,Reaching,HumanWalkingProcess
403,CarryingWhileLocomoting,Reaching,HumanWalkingProcess
404,CarryingWhileLocomoting,Reaching,HumanWalkingProcess
405,CarryingWhileLocomoting,Reaching,HumanWalkingProcess
406,CarryingWhileLocomoting,Reaching,HumanWalkingProcess
407,CarryingWhileLocomoting,Reaching,HumanWalkingProcess
408,CarryingWhileLocomoting,Reaching,HumanWalkingProcess
409,CarryingWhileLocomoting,Reaching,HumanWalkingProcess
410,CarryingWhileLocomoting,Reaching,HumanWalkingProcess
411,CarryingWhileLocomoting,Reaching,HumanWalkingProcess
412,CarryingWhileLocomoting,Reaching,HumanWalkingProcess
413,CarryingWhileLocomoting,Reaching,HumanWalkingProcess
414,CarryingWhileLocomoting,Reaching,HumanWalkingProcess
415,CarryingWhileLocomoting,Reaching,StandingStill
416,CarryingWhileLocomoting,Reaching,StandingStill
417,Reaching,Reaching,StandingStill
418,Reaching,Reaching,StandingStill
419,Reaching,Reaching,StandingStill
420,Reaching,Reaching,StandingStill
421,Reaching,Reaching,StandingStill
422,Reaching,Reaching,StandingStill
423,Reaching,Reaching,StandingStill
424,Reaching,Reaching,StandingStill
425,Reaching,Reaching,StandingStill
426,Reaching,OpeningADoor,StandingStill
427,Reaching,OpeningADoor,StandingStill
428,Reaching,OpeningADoor,StandingStill
429,Reaching,OpeningADoor,StandingStill
430,Reaching,OpeningADoor,StandingStill
431,Reaching,OpeningADoor,StandingStill
432,Reaching,OpeningADoor,StandingStill
433,Reaching,OpeningADoor,StandingStill
434,Reaching,OpeningADoor,StandingStill
435,Reaching,OpeningADoor,StandingStill
436,Reaching,OpeningADoor,StandingStill
437,Reaching,OpeningADoor,StandingStill
438,Reaching,Reaching,StandingStill
439,Reaching,Reaching,StandingStill
440,Reaching,Reaching,StandingStill
441,Reaching,Reaching,StandingStill
442,Reaching,Reaching,StandingStill
443,Reaching,Reaching,StandingStill
444,Reaching,Reaching,StandingStill
445,Reaching,Reaching,StandingStill
446,Reaching,Reaching,StandingStill
447,Reaching,Reaching,StandingStill
448,Reaching,Reaching,StandingStill
449,Reaching,Reaching,StandingStill
450,Reaching,Reaching,StandingStill
451,Reaching,Reaching,StandingStill
452,Reaching,Reaching,StandingStill
453,Reaching,Reaching,StandingStill
454,Reaching,Reaching,StandingStill
455,Reaching,Reaching,StandingStill
456,Reaching,Reaching,StandingStill
457,Reaching,Reaching,StandingStill
458,Reaching,Reaching,StandingStill
459,Reaching,Reaching,StandingStill
460,Reaching,TakingSomething,StandingStill
461,Reaching,TakingSomething,StandingStill
462,Reaching,TakingSomething,StandingStill
463,Reaching,TakingSomething,StandingStill
464,Reaching,TakingSomething,StandingStill
465,Reaching,TakingSomething,StandingStill
466,Reaching,TakingSomething,StandingStill
467,Reaching,TakingSomething,StandingStill
468,Reaching,TakingSomething,StandingStill
469,Reaching,TakingSomething,StandingStill
470,ClosingADoor,TakingSomething,StandingStill
471,ClosingADoor,TakingSomething,StandingStill
472,ClosingADoor,TakingSomething,StandingStill
473,ClosingADoor,TakingSomething,StandingStill
474,ClosingADoor,TakingSomething,StandingStill
475,ClosingADoor,TakingSomething,StandingStill
476,ClosingADoor,TakingSomething,StandingStill
477,ClosingADoor,TakingSomething,StandingStill
478,ClosingADoor,TakingSomething,StandingStill
479,ClosingADoor,TakingSomething,StandingStill
480,ClosingADoor,TakingSomething,StandingStill
481,ClosingADoor,TakingSomething,StandingStill
482,ClosingADoor,TakingSomething,StandingStill
483,ClosingADoor,CarryingWhileLocomoting,StandingStill
484,ClosingADoor,CarryingWhileLocomoting,StandingStill
485,ClosingADoor,CarryingWhileLocomoting,StandingStill
486,ClosingADoor,CarryingWhileLocomoting,StandingStill
487,ClosingADoor,CarryingWhileLocomoting,StandingStill
488,ClosingADoor,CarryingWhileLocomoting,StandingStill
489,ClosingADoor,CarryingWhileLocomoting,StandingStill
490,ReleasingGraspOfSomething,CarryingWhileLocomoting,StandingStill
491,ReleasingGraspOfSomething,CarryingWhileLocomoting,StandingStill
492,ReleasingGraspOfSomething,CarryingWhileLocomoting,StandingStill
493,ReleasingGraspOfSomething,CarryingWhileLocomoting,StandingStill
494,ReleasingGraspOfSomething,CarryingWhileLocomoting,StandingStill
495,ReleasingGraspOfSomething,CarryingWhileLocomoting,StandingStill
496,ReleasingGraspOfSomething,CarryingWhileLocomoting,StandingStill
497,ReleasingGraspOfSomething,CarryingWhileLocomoting,StandingStill
498,ReleasingGraspOfSomething,CarryingWhileLocomoting,StandingStill
499,ReleasingGraspOfSomething,CarryingWhileLocomoting,StandingStill
500,ReleasingGraspOfSomething,CarryingWhileLocomoting,StandingStill
501,ReleasingGraspOfSomething,CarryingWhileLocomoting,StandingStill
502,ReleasingGraspOfSomething,CarryingWhileLocomoting,StandingStill
503,ReleasingGraspOfSomething,CarryingWhileLocomoting,StandingStill
504,ReleasingGraspOfSomething,CarryingWhileLocomoting,StandingStill
505,ReleasingGraspOfSomething,CarryingWhileLocomoting,StandingStill
506,CarryingWhileLocomoting,CarryingWhileLocomoting,StandingStill
507,CarryingWhileLocomoting,CarryingWhileLocomoting,StandingStill
508,CarryingWhileLocomoting,CarryingWhileLocomoting,StandingStill
509,CarryingWhileLocomoting,CarryingWhileLocomoting,StandingStill
510,CarryingWhileLocomoting,CarryingWhileLocomoting,HumanWalkingProcess
511,CarryingWhileLocomoting,CarryingWhileLocomoting,HumanWalkingProcess
512,CarryingWhileLocomoting,CarryingWhileLocomoting,HumanWalkingProcess
513,CarryingWhileLocomoting,CarryingWhileLocomoting,HumanWalkingProcess
514,CarryingWhileLocomoting,CarryingWhileLocomoting,HumanWalkingProcess
515,CarryingWhileLocomoting,CarryingWhileLocomoting,HumanWalkingProcess
516,CarryingWhileLocomoting,CarryingWhileLocomoting,HumanWalkingProcess
517,CarryingWhileLocomoting,CarryingWhileLocomoting,HumanWalkingProcess
518,CarryingWhileLocomoting,CarryingWhileLocomoting,HumanWalkingProcess
519,CarryingWhileLocomoting,CarryingWhileLocomoting,HumanWalkingProcess
520,CarryingWhileLocomoting,CarryingWhileLocomoting,HumanWalkingProcess
521,CarryingWhileLocomoting,CarryingWhileLocomoting,HumanWalkingProcess
522,CarryingWhileLocomoting,CarryingWhileLocomoting,HumanWalkingProcess
523,CarryingWhileLocomoting,CarryingWhileLocomoting,HumanWalkingProcess
524,CarryingWhileLocomoting,CarryingWhileLocomoting,HumanWalkingProcess
525,CarryingWhileLocomoting,CarryingWhileLocomoting,HumanWalkingProcess
526,CarryingWhileLocomoting,CarryingWhileLocomoting,HumanWalkingProcess
527,CarryingWhileLocomoting,CarryingWhileLocomoting,HumanWalkingProcess
528,CarryingWhileLocomoting,CarryingWhileLocomoting,HumanWalkingProcess
529,CarryingWhileLocomoting,CarryingWhileLocomoting,HumanWalkingProcess
530,CarryingWhileLocomoting,CarryingWhileLocomoting,HumanWalkingProcess
531,CarryingWhileLocomoting,CarryingWhileLocomoting,HumanWalkingProcess
532,CarryingWhileLocomoting,CarryingWhileLocomoting,HumanWalkingProcess
533,CarryingWhileLocomoting,CarryingWhileLocomoting,HumanWalkingProcess
534,CarryingWhileLocomoting,CarryingWhileLocomoting,HumanWalkingProcess
535,CarryingWhileLocomoting,CarryingWhileLocomoting,HumanWalkingProcess
536,CarryingWhileLocomoting,CarryingWhileLocomoting,HumanWalkingProcess
537,CarryingWhileLocomoting,CarryingWhileLocomoting,HumanWalkingProcess
538,CarryingWhileLocomoting,CarryingWhileLocomoting,HumanWalkingProcess
539,CarryingWhileLocomoting,CarryingWhileLocomoting,HumanWalkingProcess
540,CarryingWhileLocomoting,CarryingWhileLocomoting,HumanWalkingProcess
541,CarryingWhileLocomoting,CarryingWhileLocomoting,HumanWalkingProcess
542,CarryingWhileLocomoting,CarryingWhileLocomoting,HumanWalkingProcess
543,CarryingWhileLocomoting,CarryingWhileLocomoting,HumanWalkingProcess
544,CarryingWhileLocomoting,CarryingWhileLocomoting,HumanWalkingProcess
545,LoweringAnObject,CarryingWhileLocomoting,HumanWalkingProcess
546,LoweringAnObject,LoweringAnObject,HumanWalkingProcess
547,LoweringAnObject,LoweringAnObject,HumanWalkingProcess
548,LoweringAnObject,LoweringAnObject,HumanWalkingProcess
549,LoweringAnObject,LoweringAnObject,HumanWalkingProcess
550,LoweringAnObject,LoweringAnObject,HumanWalkingProcess
551,LoweringAnObject,LoweringAnObject,HumanWalkingProcess
552,LoweringAnObject,LoweringAnObject,HumanWalkingProcess
553,LoweringAnObject,LoweringAnObject,HumanWalkingProcess
554,LoweringAnObject,LoweringAnObject,HumanWalkingProcess
555,LoweringAnObject,LoweringAnObject,HumanWalkingProcess
556,LoweringAnObject,LoweringAnObject,HumanWalkingProcess
557,LoweringAnObject,LoweringAnObject,HumanWalkingProcess
558,LoweringAnObject,LoweringAnObject,HumanWalkingProcess
559,LoweringAnObject,LoweringAnObject,HumanWalkingProcess
560,LoweringAnObject,LoweringAnObject,HumanWalkingProcess
561,LoweringAnObject,LoweringAnObject,HumanWalkingProcess
562,LoweringAnObject,LoweringAnObject,HumanWalkingProcess
563,LoweringAnObject,LoweringAnObject,StandingStill
564,LoweringAnObject,LoweringAnObject,StandingStill
565,LoweringAnObject,LoweringAnObject,StandingStill
566,LoweringAnObject,LoweringAnObject,StandingStill
567,LoweringAnObject,LoweringAnObject,StandingStill
568,LoweringAnObject,LoweringAnObject,StandingStill
569,LoweringAnObject,LoweringAnObject,StandingStill
570,ReleasingGraspOfSomething,LoweringAnObject,StandingStill
571,ReleasingGraspOfSomething,LoweringAnObject,StandingStill
572,ReleasingGraspOfSomething,LoweringAnObject,StandingStill
573,ReleasingGraspOfSomething,LoweringAnObject,StandingStill
574,ReleasingGraspOfSomething,LoweringAnObject,StandingStill
575,ReleasingGraspOfSomething,ReleasingGraspOfSomething,StandingStill
576,ReleasingGraspOfSomething,ReleasingGraspOfSomething,StandingStill
577,ReleasingGraspOfSomething,ReleasingGraspOfSomething,StandingStill
578,ReleasingGraspOfSomething,ReleasingGraspOfSomething,StandingStill
579,ReleasingGraspOfSomething,ReleasingGraspOfSomething,StandingStill
580,ReleasingGraspOfSomething,ReleasingGraspOfSomething,HumanWalkingProcess
581,ReleasingGraspOfSomething,ReleasingGraspOfSomething,HumanWalkingProcess
582,ReleasingGraspOfSomething,ReleasingGraspOfSomething,HumanWalkingProcess
583,ReleasingGraspOfSomething,ReleasingGraspOfSomething,HumanWalkingProcess
584,ReleasingGraspOfSomething,ReleasingGraspOfSomething,HumanWalkingProcess
585,ReleasingGraspOfSomething,ReleasingGraspOfSomething,HumanWalkingProcess
586,ReleasingGraspOfSomething,ReleasingGraspOfSomething,HumanWalkingProcess
587,ReleasingGraspOfSomething,ReleasingGraspOfSomething,HumanWalkingProcess
588,ReleasingGraspOfSomething,ReleasingGraspOfSomething,HumanWalkingProcess
589,CarryingWhileLocomoting,ReleasingGraspOfSomething,HumanWalkingProcess
590,CarryingWhileLocomoting,ReleasingGraspOfSomething,HumanWalkingProcess
591,CarryingWhileLocomoting,ReleasingGraspOfSomething,HumanWalkingProcess
592,CarryingWhileLocomoting,CarryingWhileLocomoting,HumanWalkingProcess
593,CarryingWhileLocomoting,CarryingWhileLocomoting,HumanWalkingProcess
594,CarryingWhileLocomoting,CarryingWhileLocomoting,HumanWalkingProcess
595,CarryingWhileLocomoting,CarryingWhileLocomoting,HumanWalkingProcess
596,CarryingWhileLocomoting,CarryingWhileLocomoting,HumanWalkingProcess
597,CarryingWhileLocomoting,CarryingWhileLocomoting,HumanWalkingProcess
598,CarryingWhileLocomoting,CarryingWhileLocomoting,HumanWalkingProcess
599,CarryingWhileLocomoting,CarryingWhileLocomoting,HumanWalkingProcess
600,CarryingWhileLocomoting,CarryingWhileLocomoting,HumanWalkingProcess
601,CarryingWhileLocomoting,CarryingWhileLocomoting,HumanWalkingProcess
602,CarryingWhileLocomoting,CarryingWhileLocomoting,HumanWalkingProcess
603,CarryingWhileLocomoting,CarryingWhileLocomoting,HumanWalkingProcess
604,CarryingWhileLocomoting,CarryingWhileLocomoting,HumanWalkingProcess
605,CarryingWhileLocomoting,CarryingWhileLocomoting,HumanWalkingProcess
606,CarryingWhileLocomoting,CarryingWhileLocomoting,HumanWalkingProcess
607,CarryingWhileLocomoting,CarryingWhileLocomoting,HumanWalkingProcess
608,CarryingWhileLocomoting,CarryingWhileLocomoting,HumanWalkingProcess
609,CarryingWhileLocomoting,CarryingWhileLocomoting,HumanWalkingProcess
610,CarryingWhileLocomoting,CarryingWhileLocomoting,HumanWalkingProcess
611,CarryingWhileLocomoting,CarryingWhileLocomoting,HumanWalkingProcess
612,CarryingWhileLocomoting,CarryingWhileLocomoting,HumanWalkingProcess
613,CarryingWhileLocomoting,CarryingWhileLocomoting,HumanWalkingProcess
614,CarryingWhileLocomoting,CarryingWhileLocomoting,HumanWalkingProcess
615,Reaching,CarryingWhileLocomoting,HumanWalkingProcess
616,Reaching,CarryingWhileLocomoting,HumanWalkingProcess
617,Reaching,CarryingWhileLocomoting,HumanWalkingProcess
618,Reaching,CarryingWhileLocomoting,HumanWalkingProcess
619,Reaching,CarryingWhileLocomoting,HumanWalkingProcess
620,Reaching,CarryingWhileLocomoting,HumanWalkingProcess
621,Reaching,CarryingWhileLocomoting,HumanWalkingProcess
622,Reaching,CarryingWhileLocomoting,HumanWalkingProcess
623,Reaching,CarryingWhileLocomoting,HumanWalkingProcess
624,Reaching,CarryingWhileLocomoting,HumanWalkingProcess
625,Reaching,CarryingWhileLocomoting,HumanWalkingProcess
626,Reaching,CarryingWhileLocomoting,HumanWalkingProcess
627,Reaching,CarryingWhileLocomoting,HumanWalkingProcess
628,Reaching,CarryingWhileLocomoting,HumanWalkingProcess
629,Reaching,CarryingWhileLocomoting,HumanWalkingProcess
630,Reaching,CarryingWhileLocomoting,HumanWalkingProcess
631,Reaching,CarryingWhileLocomoting,HumanWalkingProcess
632,Reaching,CarryingWhileLocomoting,HumanWalkingProcess
633,Reaching,CarryingWhileLocomoting,HumanWalkingProcess
634,Reaching,CarryingWhileLocomoting,HumanWalkingProcess
635,Reaching,CarryingWhileLocomoting,HumanWalkingProcess
636,Reaching,CarryingWhileLocomoting,HumanWalkingProcess
637,Reaching,CarryingWhileLocomoting,HumanWalkingProcess
638,Reaching,CarryingWhileLocomoting,HumanWalkingProcess
639,Reaching,CarryingWhileLocomoting,HumanWalkingProcess
640,OpeningADrawer,CarryingWhileLocomoting,HumanWalkingProcess
641,OpeningADrawer,CarryingWhileLocomoting,HumanWalkingProcess
642,OpeningADrawer,CarryingWhileLocomoting,HumanWalkingProcess
643,OpeningADrawer,CarryingWhileLocomoting,HumanWalkingProcess
644,OpeningADrawer,CarryingWhileLocomoting,HumanWalkingProcess
645,OpeningADrawer,Reaching,HumanWalkingProcess
646,OpeningADrawer,Reaching,HumanWalkingProcess
647,OpeningADrawer,Reaching,HumanWalkingProcess
648,OpeningADrawer,Reaching,HumanWalkingProcess
649,OpeningADrawer,Reaching,StandingStill
650,OpeningADrawer,Reaching,StandingStill
651,OpeningADrawer,Reaching,StandingStill
652,OpeningADrawer,Reaching,StandingStill
653,OpeningADrawer,Reaching,StandingStill
654,OpeningADrawer,Reaching,StandingStill
655,OpeningADrawer,Reaching,StandingStill
656,Reaching,Reaching,StandingStill
657,Reaching,Reaching,StandingStill
658,Reaching,Reaching,StandingStill
659,Reaching,Reaching,StandingStill
660,Reaching,Reaching,StandingStill
661,Reaching,Reaching,StandingStill
662,Reaching,Reaching,StandingStill
663,Reaching,Reaching,StandingStill
664,Reaching,Reaching,StandingStill
665,Reaching,Reaching,StandingStill
666,Reaching,Reaching,StandingStill
667,Reaching,Reaching,StandingStill
668,Reaching,Reaching,StandingStill
669,Reaching,Reaching,StandingStill
670,Reaching,Reaching,StandingStill
671,Reaching,Reaching,StandingStill
672,Reaching,Reaching,StandingStill
673,TakingSomething,Reaching,StandingStill
674,TakingSomething,Reaching,StandingStill
675,TakingSomething,Reaching,StandingStill
676,TakingSomething,ClosingADrawer,StandingStill
677,TakingSomething,ClosingADrawer,StandingStill
678,TakingSomething,ClosingADrawer,StandingStill
679,TakingSomething,ClosingADrawer,StandingStill
680,TakingSomething,ClosingADrawer,StandingStill
681,TakingSomething,ClosingADrawer,StandingStill
682,TakingSomething,ClosingADrawer,StandingStill
683,TakingSomething,ClosingADrawer,StandingStill
684,TakingSomething,ClosingADrawer,StandingStill
685,TakingSomething,ClosingADrawer,StandingStill
686,CarryingWhileLocomoting,ClosingADrawer,StandingStill
687,CarryingWhileLocomoting,ClosingADrawer,StandingStill
688,CarryingWhileLocomoting,ClosingADrawer,StandingStill
689,CarryingWhileLocomoting,ClosingADrawer,StandingStill
690,CarryingWhileLocomoting,ClosingADrawer,StandingStill
691,CarryingWhileLocomoting,ClosingADrawer,StandingStill
692,CarryingWhileLocomoting,ClosingADrawer,StandingStill
693,CarryingWhileLocomoting,ClosingADrawer,StandingStill
694,CarryingWhileLocomoting,ClosingADrawer,StandingStill
695,CarryingWhileLocomoting,ClosingADrawer,StandingStill
696,CarryingWhileLocomoting,ClosingADrawer,HumanWalkingProcess
697,CarryingWhileLocomoting,ReleasingGraspOfSomething,HumanWalkingProcess
698,CarryingWhileLocomoting,ReleasingGraspOfSomething,HumanWalkingProcess
699,CarryingWhileLocomoting,ReleasingGraspOfSomething,HumanWalkingProcess
700,CarryingWhileLocomoting,ReleasingGraspOfSomething,HumanWalkingProcess
701,CarryingWhileLocomoting,ReleasingGraspOfSomething,HumanWalkingProcess
702,CarryingWhileLocomoting,ReleasingGraspOfSomething,HumanWalkingProcess
703,CarryingWhileLocomoting,ReleasingGraspOfSomething,HumanWalkingProcess
704,CarryingWhileLocomoting,ReleasingGraspOfSomething,HumanWalkingProcess
705,CarryingWhileLocomoting,ReleasingGraspOfSomething,HumanWalkingProcess
706,CarryingWhileLocomoting,ReleasingGraspOfSomething,HumanWalkingProcess
707,CarryingWhileLocomoting,ReleasingGraspOfSomething,HumanWalkingProcess
708,CarryingWhileLocomoting,ReleasingGraspOfSomething,HumanWalkingProcess
709,CarryingWhileLocomoting,ReleasingGraspOfSomething,HumanWalkingProcess
710,CarryingWhileLocomoting,CarryingWhileLocomoting,HumanWalkingProcess
711,CarryingWhileLocomoting,CarryingWhileLocomoting,HumanWalkingProcess
712,CarryingWhileLocomoting,CarryingWhileLocomoting,HumanWalkingProcess
713,CarryingWhileLocomoting,CarryingWhileLocomoting,HumanWalkingProcess
714,CarryingWhileLocomoting,CarryingWhileLocomoting,HumanWalkingProcess
715,CarryingWhileLocomoting,CarryingWhileLocomoting,HumanWalkingProcess
716,CarryingWhileLocomoting,CarryingWhileLocomoting,HumanWalkingProcess
717,CarryingWhileLocomoting,CarryingWhileLocomoting,HumanWalkingProcess
718,CarryingWhileLocomoting,CarryingWhileLocomoting,HumanWalkingProcess
719,CarryingWhileLocomoting,CarryingWhileLocomoting,HumanWalkingProcess
720,CarryingWhileLocomoting,CarryingWhileLocomoting,HumanWalkingProcess
721,CarryingWhileLocomoting,CarryingWhileLocomoting,HumanWalkingProcess
722,CarryingWhileLocomoting,CarryingWhileLocomoting,HumanWalkingProcess
723,CarryingWhileLocomoting,CarryingWhileLocomoting,HumanWalkingProcess
724,CarryingWhileLocomoting,CarryingWhileLocomoting,HumanWalkingProcess
725,CarryingWhileLocomoting,CarryingWhileLocomoting,HumanWalkingProcess
726,CarryingWhileLocomoting,CarryingWhileLocomoting,HumanWalkingProcess
727,CarryingWhileLocomoting,CarryingWhileLocomoting,HumanWalkingProcess
728,CarryingWhileLocomoting,CarryingWhileLocomoting,HumanWalkingProcess
729,CarryingWhileLocomoting,CarryingWhileLocomoting,HumanWalkingProcess
730,CarryingWhileLocomoting,CarryingWhileLocomoting,HumanWalkingProcess
731,CarryingWhileLocomoting,CarryingWhileLocomoting,HumanWalkingProcess
732,CarryingWhileLocomoting,CarryingWhileLocomoting,HumanWalkingProcess
733,CarryingWhileLocomoting,CarryingWhileLocomoting,HumanWalkingProcess
734,CarryingWhileLocomoting,CarryingWhileLocomoting,HumanWalkingProcess
735,CarryingWhileLocomoting,CarryingWhileLocomoting,HumanWalkingProcess
736,CarryingWhileLocomoting,CarryingWhileLocomoting,HumanWalkingProcess
737,LoweringAnObject,CarryingWhileLocomoting,HumanWalkingProcess
738,LoweringAnObject,CarryingWhileLocomoting,HumanWalkingProcess
739,LoweringAnObject,CarryingWhileLocomoting,HumanWalkingProcess
740,LoweringAnObject,CarryingWhileLocomoting,HumanWalkingProcess
741,LoweringAnObject,CarryingWhileLocomoting,HumanWalkingProcess
742,LoweringAnObject,CarryingWhileLocomoting,HumanWalkingProcess
743,LoweringAnObject,CarryingWhileLocomoting,HumanWalkingProcess
744,LoweringAnObject,CarryingWhileLocomoting,HumanWalkingProcess
745,LoweringAnObject,CarryingWhileLocomoting,HumanWalkingProcess
746,LoweringAnObject,CarryingWhileLocomoting,HumanWalkingProcess
747,LoweringAnObject,CarryingWhileLocomoting,HumanWalkingProcess
748,LoweringAnObject,CarryingWhileLocomoting,HumanWalkingProcess
749,LoweringAnObject,CarryingWhileLocomoting,HumanWalkingProcess
750,LoweringAnObject,CarryingWhileLocomoting,HumanWalkingProcess
751,LoweringAnObject,CarryingWhileLocomoting,HumanWalkingProcess
752,LoweringAnObject,CarryingWhileLocomoting,HumanWalkingProcess
753,LoweringAnObject,CarryingWhileLocomoting,StandingStill
754,LoweringAnObject,CarryingWhileLocomoting,StandingStill
755,LoweringAnObject,CarryingWhileLocomoting,StandingStill
756,LoweringAnObject,CarryingWhileLocomoting,StandingStill
757,LoweringAnObject,CarryingWhileLocomoting,StandingStill
758,LoweringAnObject,CarryingWhileLocomoting,StandingStill
759,LoweringAnObject,CarryingWhileLocomoting,StandingStill
760,LoweringAnObject,CarryingWhileLocomoting,StandingStill
761,LoweringAnObject,CarryingWhileLocomoting,StandingStill
762,LoweringAnObject,CarryingWhileLocomoting,StandingStill
763,LoweringAnObject,CarryingWhileLocomoting,StandingStill
764,LoweringAnObject,CarryingWhileLocomoting,StandingStill
765,LoweringAnObject,CarryingWhileLocomoting,StandingStill
766,LoweringAnObject,CarryingWhileLocomoting,StandingStill
767,LoweringAnObject,CarryingWhileLocomoting,StandingStill
768,LoweringAnObject,CarryingWhileLocomoting,StandingStill
769,LoweringAnObject,CarryingWhileLocomoting,StandingStill
770,LoweringAnObject,CarryingWhileLocomoting,StandingStill
771,LoweringAnObject,CarryingWhileLocomoting,StandingStill
772,LoweringAnObject,CarryingWhileLocomoting,StandingStill
773,LoweringAnObject,CarryingWhileLocomoting,StandingStill
774,LoweringAnObject,CarryingWhileLocomoting,StandingStill
775,LoweringAnObject,CarryingWhileLocomoting,StandingStill
776,LoweringAnObject,CarryingWhileLocomoting,StandingStill
777,LoweringAnObject,CarryingWhileLocomoting,StandingStill
778,LoweringAnObject,CarryingWhileLocomoting,StandingStill
779,LoweringAnObject,CarryingWhileLocomoting,StandingStill
780,LoweringAnObject,CarryingWhileLocomoting,StandingStill
781,LoweringAnObject,CarryingWhileLocomoting,StandingStill
782,LoweringAnObject,CarryingWhileLocomoting,StandingStill
783,LoweringAnObject,CarryingWhileLocomoting,StandingStill
784,LoweringAnObject,CarryingWhileLocomoting,StandingStill
785,LoweringAnObject,CarryingWhileLocomoting,StandingStill
786,LoweringAnObject,CarryingWhileLocomoting,StandingStill
787,LoweringAnObject,CarryingWhileLocomoting,StandingStill
788,LoweringAnObject,CarryingWhileLocomoting,StandingStill
789,LoweringAnObject,CarryingWhileLocomoting,StandingStill
790,LoweringAnObject,CarryingWhileLocomoting,StandingStill
791,LoweringAnObject,CarryingWhileLocomoting,StandingStill
792,LoweringAnObject,CarryingWhileLocomoting,StandingStill
793,LoweringAnObject,CarryingWhileLocomoting,StandingStill
794,LoweringAnObject,CarryingWhileLocomoting,StandingStill
795,LoweringAnObject,CarryingWhileLocomoting,StandingStill
796,LoweringAnObject,CarryingWhileLocomoting,StandingStill
797,ReleasingGraspOfSomething,CarryingWhileLocomoting,StandingStill
798,ReleasingGraspOfSomething,CarryingWhileLocomoting,StandingStill
799,ReleasingGraspOfSomething,CarryingWhileLocomoting,StandingStill
800,ReleasingGraspOfSomething,CarryingWhileLocomoting,StandingStill
801,ReleasingGraspOfSomething,CarryingWhileLocomoting,StandingStill
802,ReleasingGraspOfSomething,CarryingWhileLocomoting,StandingStill
803,ReleasingGraspOfSomething,CarryingWhileLocomoting,StandingStill
804,ReleasingGraspOfSomething,CarryingWhileLocomoting,HumanWalkingProcess
805,ReleasingGraspOfSomething,CarryingWhileLocomoting,HumanWalkingProcess
806,ReleasingGraspOfSomething,CarryingWhileLocomoting,HumanWalkingProcess
807,ReleasingGraspOfSomething,CarryingWhileLocomoting,HumanWalkingProcess
808,ReleasingGraspOfSomething,CarryingWhileLocomoting,HumanWalkingProcess
809,ReleasingGraspOfSomething,CarryingWhileLocomoting,HumanWalkingProcess
810,ReleasingGraspOfSomething,CarryingWhileLocomoting,HumanWalkingProcess
811,ReleasingGraspOfSomething,CarryingWhileLocomoting,HumanWalkingProcess
812,ReleasingGraspOfSomething,CarryingWhileLocomoting,HumanWalkingProcess
813,ReleasingGraspOfSomething,CarryingWhileLocomoting,HumanWalkingProcess
814,ReleasingGraspOfSomething,CarryingWhileLocomoting,HumanWalkingProcess
815,CarryingWhileLocomoting,CarryingWhileLocomoting,HumanWalkingProcess
816,CarryingWhileLocomoting,CarryingWhileLocomoting,HumanWalkingProcess
817,CarryingWhileLocomoting,CarryingWhileLocomoting,HumanWalkingProcess
818,CarryingWhileLocomoting,CarryingWhileLocomoting,HumanWalkingProcess
819,CarryingWhileLocomoting,CarryingWhileLocomoting,HumanWalkingProcess
820,CarryingWhileLocomoting,CarryingWhileLocomoting,HumanWalkingProcess
821,CarryingWhileLocomoting,CarryingWhileLocomoting,HumanWalkingProcess
822,CarryingWhileLocomoting,CarryingWhileLocomoting,HumanWalkingProcess
823,CarryingWhileLocomoting,CarryingWhileLocomoting,HumanWalkingProcess
824,CarryingWhileLocomoting,CarryingWhileLocomoting,HumanWalkingProcess
825,CarryingWhileLocomoting,CarryingWhileLocomoting,HumanWalkingProcess
826,CarryingWhileLocomoting,CarryingWhileLocomoting,HumanWalkingProcess
827,CarryingWhileLocomoting,CarryingWhileLocomoting,HumanWalkingProcess
828,CarryingWhileLocomoting,CarryingWhileLocomoting,HumanWalkingProcess
829,CarryingWhileLocomoting,CarryingWhileLocomoting,HumanWalkingProcess
830,CarryingWhileLocomoting,CarryingWhileLocomoting,HumanWalkingProcess
831,CarryingWhileLocomoting,CarryingWhileLocomoting,HumanWalkingProcess
832,CarryingWhileLocomoting,CarryingWhileLocomoting,HumanWalkingProcess
833,CarryingWhileLocomoting,CarryingWhileLocomoting,HumanWalkingProcess
834,CarryingWhileLocomoting,CarryingWhileLocomoting,HumanWalkingProcess
835,CarryingWhileLocomoting,CarryingWhileLocomoting,HumanWalkingProcess
836,CarryingWhileLocomoting,CarryingWhileLocomoting,HumanWalkingProcess
837,CarryingWhileLocomoting,CarryingWhileLocomoting,HumanWalkingProcess
838,CarryingWhileLocomoting,CarryingWhileLocomoting,HumanWalkingProcess
839,CarryingWhileLocomoting,CarryingWhileLocomoting,HumanWalkingProcess
840,CarryingWhileLocomoting,CarryingWhileLocomoting,HumanWalkingProcess
841,CarryingWhileLocomoting,CarryingWhileLocomoting,HumanWalkingProcess
842,CarryingWhileLocomoting,CarryingWhileLocomoting,HumanWalkingProcess
843,CarryingWhileLocomoting,CarryingWhileLocomoting,HumanWalkingProcess
844,CarryingWhileLocomoting,CarryingWhileLocomoting,HumanWalkingProcess
845,CarryingWhileLocomoting,CarryingWhileLocomoting,HumanWalkingProcess
846,CarryingWhileLocomoting,CarryingWhileLocomoting,HumanWalkingProcess
847,CarryingWhileLocomoting,CarryingWhileLocomoting,HumanWalkingProcess
848,CarryingWhileLocomoting,CarryingWhileLocomoting,HumanWalkingProcess
849,Reaching,CarryingWhileLocomoting,HumanWalkingProcess
850,Reaching,CarryingWhileLocomoting,HumanWalkingProcess
851,Reaching,CarryingWhileLocomoting,HumanWalkingProcess
852,Reaching,CarryingWhileLocomoting,HumanWalkingProcess
853,Reaching,CarryingWhileLocomoting,HumanWalkingProcess
854,Reaching,CarryingWhileLocomoting,HumanWalkingProcess
855,Reaching,CarryingWhileLocomoting,HumanWalkingProcess
856,Reaching,CarryingWhileLocomoting,HumanWalkingProcess
857,Reaching,CarryingWhileLocomoting,HumanWalkingProcess
858,Reaching,Reaching,HumanWalkingProcess
859,Reaching,Reaching,HumanWalkingProcess
860,Reaching,Reaching,HumanWalkingProcess
861,Reaching,Reaching,StandingStill
862,Reaching,Reaching,StandingStill
863,Reaching,Reaching,StandingStill
864,Reaching,Reaching,StandingStill
865,Reaching,Reaching,StandingStill
866,Reaching,Reaching,StandingStill
867,OpeningADrawer,Reaching,StandingStill
868,OpeningADrawer,Reaching,StandingStill
869,OpeningADrawer,Reaching,StandingStill
870,OpeningADrawer,Reaching,StandingStill
871,OpeningADrawer,Reaching,StandingStill
872,OpeningADrawer,Reaching,StandingStill
873,OpeningADrawer,Reaching,StandingStill
874,OpeningADrawer,Reaching,StandingStill
875,OpeningADrawer,Reaching,StandingStill
876,OpeningADrawer,Reaching,StandingStill
877,OpeningADrawer,Reaching,StandingStill
878,OpeningADrawer,Reaching,StandingStill
879,OpeningADrawer,Reaching,StandingStill
880,OpeningADrawer,Reaching,StandingStill
881,OpeningADrawer,Reaching,StandingStill
882,OpeningADrawer,Reaching,StandingStill
883,OpeningADrawer,Reaching,StandingStill
884,OpeningADrawer,Reaching,StandingStill
885,OpeningADrawer,Reaching,StandingStill
886,OpeningADrawer,Reaching,StandingStill
887,OpeningADrawer,Reaching,StandingStill
888,Reaching,Reaching,StandingStill
889,Reaching,Reaching,StandingStill
890,Reaching,Reaching,StandingStill
891,Reaching,Reaching,StandingStill
892,Reaching,Reaching,StandingStill
893,Reaching,Reaching,StandingStill
894,Reaching,Reaching,StandingStill
895,Reaching,Reaching,StandingStill
896,Reaching,Reaching,StandingStill
897,Reaching,Reaching,StandingStill
898,Reaching,Reaching,StandingStill
899,Reaching,Reaching,StandingStill
900,Reaching,Reaching,StandingStill
901,Reaching,Reaching,StandingStill
902,Reaching,Reaching,StandingStill
903,Reaching,Reaching,StandingStill
904,Reaching,Reaching,StandingStill
905,Reaching,Reaching,StandingStill
906,Reaching,Reaching,StandingStill
907,Reaching,Reaching,StandingStill
908,TakingSomething,Reaching,StandingStill
909,TakingSomething,Reaching,StandingStill
910,TakingSomething,ClosingADrawer,StandingStill
911,TakingSomething,ClosingADrawer,StandingStill
912,TakingSomething,ClosingADrawer,StandingStill
913,TakingSomething,ClosingADrawer,StandingStill
914,TakingSomething,ClosingADrawer,StandingStill
915,TakingSomething,ClosingADrawer,StandingStill
916,TakingSomething,ClosingADrawer,StandingStill
917,TakingSomething,ClosingADrawer,StandingStill
918,TakingSomething,ClosingADrawer,StandingStill
919,TakingSomething,ClosingADrawer,StandingStill
920,TakingSomething,ClosingADrawer,StandingStill
921,TakingSomething,ClosingADrawer,StandingStill
922,TakingSomething,ClosingADrawer,StandingStill
923,TakingSomething,ClosingADrawer,StandingStill
924,TakingSomething,ClosingADrawer,StandingStill
925,TakingSomething,ClosingADrawer,StandingStill
926,TakingSomething,ClosingADrawer,StandingStill
927,TakingSomething,ClosingADrawer,StandingStill
928,CarryingWhileLocomoting,ClosingADrawer,StandingStill
929,CarryingWhileLocomoting,ClosingADrawer,StandingStill
930,CarryingWhileLocomoting,ClosingADrawer,StandingStill
931,CarryingWhileLocomoting,ClosingADrawer,HumanWalkingProcess
932,CarryingWhileLocomoting,ClosingADrawer,HumanWalkingProcess
933,CarryingWhileLocomoting,ClosingADrawer,HumanWalkingProcess
934,CarryingWhileLocomoting,ClosingADrawer,HumanWalkingProcess
935,CarryingWhileLocomoting,ClosingADrawer,HumanWalkingProcess
936,CarryingWhileLocomoting,ClosingADrawer,HumanWalkingProcess
937,CarryingWhileLocomoting,ClosingADrawer,HumanWalkingProcess
938,CarryingWhileLocomoting,ClosingADrawer,HumanWalkingProcess
939,CarryingWhileLocomoting,ClosingADrawer,HumanWalkingProcess
940,CarryingWhileLocomoting,ReleasingGraspOfSomething,HumanWalkingProcess
941,CarryingWhileLocomoting,ReleasingGraspOfSomething,HumanWalkingProcess
942,CarryingWhileLocomoting,ReleasingGraspOfSomething,HumanWalkingProcess
943,CarryingWhileLocomoting,ReleasingGraspOfSomething,HumanWalkingProcess
944,CarryingWhileLocomoting,ReleasingGraspOfSomething,HumanWalkingProcess
945,CarryingWhileLocomoting,ReleasingGraspOfSomething,HumanWalkingProcess
946,CarryingWhileLocomoting,ReleasingGraspOfSomething,HumanWalkingProcess
947,CarryingWhileLocomoting,ReleasingGraspOfSomething,HumanWalkingProcess
948,CarryingWhileLocomoting,ReleasingGraspOfSomething,HumanWalkingProcess
949,CarryingWhileLocomoting,ReleasingGraspOfSomething,HumanWalkingProcess
950,CarryingWhileLocomoting,ReleasingGraspOfSomething,HumanWalkingProcess
951,CarryingWhileLocomoting,ReleasingGraspOfSomething,HumanWalkingProcess
952,CarryingWhileLocomoting,ReleasingGraspOfSomething,HumanWalkingProcess
953,CarryingWhileLocomoting,ReleasingGraspOfSomething,HumanWalkingProcess
954,CarryingWhileLocomoting,ReleasingGraspOfSomething,HumanWalkingProcess
955,CarryingWhileLocomoting,CarryingWhileLocomoting,HumanWalkingProcess
956,CarryingWhileLocomoting,CarryingWhileLocomoting,HumanWalkingProcess
957,CarryingWhileLocomoting,CarryingWhileLocomoting,HumanWalkingProcess
958,CarryingWhileLocomoting,CarryingWhileLocomoting,HumanWalkingProcess
959,CarryingWhileLocomoting,CarryingWhileLocomoting,HumanWalkingProcess
960,CarryingWhileLocomoting,CarryingWhileLocomoting,HumanWalkingProcess
961,CarryingWhileLocomoting,CarryingWhileLocomoting,HumanWalkingProcess
962,CarryingWhileLocomoting,CarryingWhileLocomoting,HumanWalkingProcess
963,CarryingWhileLocomoting,CarryingWhileLocomoting,HumanWalkingProcess
964,CarryingWhileLocomoting,CarryingWhileLocomoting,HumanWalkingProcess
965,CarryingWhileLocomoting,CarryingWhileLocomoting,HumanWalkingProcess
966,CarryingWhileLocomoting,CarryingWhileLocomoting,HumanWalkingProcess
967,CarryingWhileLocomoting,CarryingWhileLocomoting,HumanWalkingProcess
968,CarryingWhileLocomoting,CarryingWhileLocomoting,HumanWalkingProcess
969,CarryingWhileLocomoting,CarryingWhileLocomoting,HumanWalkingProcess
970,CarryingWhileLocomoting,CarryingWhileLocomoting,HumanWalkingProcess
971,CarryingWhileLocomoting,CarryingWhileLocomoting,HumanWalkingProcess
972,CarryingWhileLocomoting,CarryingWhileLocomoting,HumanWalkingProcess
973,CarryingWhileLocomoting,CarryingWhileLocomoting,HumanWalkingProcess
974,CarryingWhileLocomoting,CarryingWhileLocomoting,HumanWalkingProcess
975,CarryingWhileLocomoting,CarryingWhileLocomoting,HumanWalkingProcess
976,CarryingWhileLocomoting,CarryingWhileLocomoting,HumanWalkingProcess
977,CarryingWhileLocomoting,LoweringAnObject,HumanWalkingProcess
978,CarryingWhileLocomoting,LoweringAnObject,HumanWalkingProcess
979,CarryingWhileLocomoting,LoweringAnObject,HumanWalkingProcess
980,CarryingWhileLocomoting,LoweringAnObject,HumanWalkingProcess
981,CarryingWhileLocomoting,LoweringAnObject,HumanWalkingProcess
982,CarryingWhileLocomoting,LoweringAnObject,HumanWalkingProcess
983,CarryingWhileLocomoting,LoweringAnObject,HumanWalkingProcess
984,CarryingWhileLocomoting,LoweringAnObject,HumanWalkingProcess
985,CarryingWhileLocomoting,LoweringAnObject,HumanWalkingProcess
986,CarryingWhileLocomoting,LoweringAnObject,HumanWalkingProcess
987,CarryingWhileLocomoting,LoweringAnObject,HumanWalkingProcess
988,CarryingWhileLocomoting,LoweringAnObject,HumanWalkingProcess
989,CarryingWhileLocomoting,LoweringAnObject,HumanWalkingProcess
990,CarryingWhileLocomoting,LoweringAnObject,HumanWalkingProcess
991,CarryingWhileLocomoting,LoweringAnObject,HumanWalkingProcess
992,CarryingWhileLocomoting,LoweringAnObject,HumanWalkingProcess
993,CarryingWhileLocomoting,LoweringAnObject,HumanWalkingProcess
994,CarryingWhileLocomoting,LoweringAnObject,HumanWalkingProcess
995,CarryingWhileLocomoting,LoweringAnObject,HumanWalkingProcess
996,CarryingWhileLocomoting,LoweringAnObject,HumanWalkingProcess
997,CarryingWhileLocomoting,LoweringAnObject,HumanWalkingProcess
998,CarryingWhileLocomoting,LoweringAnObject,HumanWalkingProcess
999,CarryingWhileLocomoting,LoweringAnObject,HumanWalkingProcess
1000,CarryingWhileLocomoting,LoweringAnObject,StandingStill
1001,CarryingWhileLocomoting,LoweringAnObject,StandingStill
1002,CarryingWhileLocomoting,LoweringAnObject,StandingStill
1003,CarryingWhileLocomoting,LoweringAnObject,StandingStill
1004,CarryingWhileLocomoting,LoweringAnObject,StandingStill
1005,CarryingWhileLocomoting,LoweringAnObject,StandingStill
1006,CarryingWhileLocomoting,LoweringAnObject,StandingStill
1007,CarryingWhileLocomoting,LoweringAnObject,HumanWalkingProcess
1008,CarryingWhileLocomoting,LoweringAnObject,HumanWalkingProcess
1009,CarryingWhileLocomoting,ReleasingGraspOfSomething,HumanWalkingProcess
1010,CarryingWhileLocomoting,ReleasingGraspOfSomething,HumanWalkingProcess
1011,CarryingWhileLocomoting,ReleasingGraspOfSomething,HumanWalkingProcess
1012,CarryingWhileLocomoting,ReleasingGraspOfSomething,HumanWalkingProcess
1013,CarryingWhileLocomoting,ReleasingGraspOfSomething,HumanWalkingProcess
1014,CarryingWhileLocomoting,ReleasingGraspOfSomething,HumanWalkingProcess
1015,CarryingWhileLocomoting,ReleasingGraspOfSomething,HumanWalkingProcess
1016,CarryingWhileLocomoting,ReleasingGraspOfSomething,HumanWalkingProcess
1017,CarryingWhileLocomoting,ReleasingGraspOfSomething,HumanWalkingProcess
1018,CarryingWhileLocomoting,ReleasingGraspOfSomething,HumanWalkingProcess
1019,CarryingWhileLocomoting,CarryingWhileLocomoting,HumanWalkingProcess
1020,CarryingWhileLocomoting,CarryingWhileLocomoting,HumanWalkingProcess
1021,CarryingWhileLocomoting,CarryingWhileLocomoting,HumanWalkingProcess
1022,CarryingWhileLocomoting,CarryingWhileLocomoting,HumanWalkingProcess
1023,CarryingWhileLocomoting,CarryingWhileLocomoting,HumanWalkingProcess
1024,CarryingWhileLocomoting,CarryingWhileLocomoting,HumanWalkingProcess
1025,CarryingWhileLocomoting,CarryingWhileLocomoting,HumanWalkingProcess
1026,CarryingWhileLocomoting,CarryingWhileLocomoting,HumanWalkingProcess
1027,CarryingWhileLocomoting,CarryingWhileLocomoting,HumanWalkingProcess
1028,CarryingWhileLocomoting,CarryingWhileLocomoting,HumanWalkingProcess
1029,CarryingWhileLocomoting,CarryingWhileLocomoting,HumanWalkingProcess
1030,CarryingWhileLocomoting,CarryingWhileLocomoting,HumanWalkingProcess
1031,CarryingWhileLocomoting,CarryingWhileLocomoting,HumanWalkingProcess
1032,CarryingWhileLocomoting,CarryingWhileLocomoting,HumanWalkingProcess
1033,CarryingWhileLocomoting,CarryingWhileLocomoting,HumanWalkingProcess
1034,CarryingWhileLocomoting,CarryingWhileLocomoting,HumanWalkingProcess
1035,CarryingWhileLocomoting,CarryingWhileLocomoting,HumanWalkingProcess
1036,CarryingWhileLocomoting,CarryingWhileLocomoting,HumanWalkingProcess
1037,CarryingWhileLocomoting,CarryingWhileLocomoting,HumanWalkingProcess
1038,CarryingWhileLocomoting,CarryingWhileLocomoting,HumanWalkingProcess
1039,CarryingWhileLocomoting,CarryingWhileLocomoting,HumanWalkingProcess
1040,CarryingWhileLocomoting,CarryingWhileLocomoting,HumanWalkingProcess
1041,CarryingWhileLocomoting,CarryingWhileLocomoting,HumanWalkingProcess
1042,CarryingWhileLocomoting,CarryingWhileLocomoting,HumanWalkingProcess
1043,CarryingWhileLocomoting,CarryingWhileLocomoting,HumanWalkingProcess
1044,CarryingWhileLocomoting,Reaching,HumanWalkingProcess
1045,CarryingWhileLocomoting,Reaching,HumanWalkingProcess
1046,CarryingWhileLocomoting,Reaching,HumanWalkingProcess
1047,CarryingWhileLocomoting,Reaching,HumanWalkingProcess
1048,CarryingWhileLocomoting,Reaching,HumanWalkingProcess
1049,CarryingWhileLocomoting,Reaching,HumanWalkingProcess
1050,CarryingWhileLocomoting,Reaching,HumanWalkingProcess
1051,CarryingWhileLocomoting,Reaching,HumanWalkingProcess
1052,CarryingWhileLocomoting,Reaching,HumanWalkingProcess
1053,CarryingWhileLocomoting,Reaching,HumanWalkingProcess
1054,CarryingWhileLocomoting,Reaching,HumanWalkingProcess
1055,CarryingWhileLocomoting,Reaching,HumanWalkingProcess
1056,CarryingWhileLocomoting,Reaching,HumanWalkingProcess
1057,CarryingWhileLocomoting,Reaching,HumanWalkingProcess
1058,CarryingWhileLocomoting,Reaching,HumanWalkingProcess
1059,CarryingWhileLocomoting,OpeningADrawer,HumanWalkingProcess
1060,CarryingWhileLocomoting,OpeningADrawer,HumanWalkingProcess
1061,CarryingWhileLocomoting,OpeningADrawer,HumanWalkingProcess
1062,CarryingWhileLocomoting,OpeningADrawer,HumanWalkingProcess
1063,CarryingWhileLocomoting,OpeningADrawer,StandingStill
1064,CarryingWhileLocomoting,OpeningADrawer,StandingStill
1065,CarryingWhileLocomoting,OpeningADrawer,StandingStill
1066,CarryingWhileLocomoting,OpeningADrawer,StandingStill
1067,CarryingWhileLocomoting,OpeningADrawer,StandingStill
1068,CarryingWhileLocomoting,OpeningADrawer,StandingStill
1069,CarryingWhileLocomoting,OpeningADrawer,StandingStill
1070,CarryingWhileLocomoting,OpeningADrawer,StandingStill
1071,CarryingWhileLocomoting,OpeningADrawer,StandingStill
1072,CarryingWhileLocomoting,OpeningADrawer,StandingStill
1073,CarryingWhileLocomoting,OpeningADrawer,StandingStill
1074,CarryingWhileLocomoting,OpeningADrawer,StandingStill
1075,CarryingWhileLocomoting,OpeningADrawer,StandingStill
1076,CarryingWhileLocomoting,OpeningADrawer,StandingStill
1077,CarryingWhileLocomoting,OpeningADrawer,StandingStill
1078,CarryingWhileLocomoting,OpeningADrawer,StandingStill
1079,CarryingWhileLocomoting,OpeningADrawer,StandingStill
1080,CarryingWhileLocomoting,OpeningADrawer,StandingStill
1081,CarryingWhileLocomoting,OpeningADrawer,StandingStill
1082,CarryingWhileLocomoting,OpeningADrawer,StandingStill
1083,CarryingWhileLocomoting,OpeningADrawer,StandingStill
1084,TakingSomething,OpeningADrawer,StandingStill
1085,TakingSomething,OpeningADrawer,StandingStill
1086,TakingSomething,OpeningADrawer,StandingStill
1087,TakingSomething,OpeningADrawer,StandingStill
1088,TakingSomething,OpeningADrawer,StandingStill
1089,TakingSomething,OpeningADrawer,StandingStill
1090,TakingSomething,OpeningADrawer,StandingStill
1091,TakingSomething,OpeningADrawer,StandingStill
1092,TakingSomething,OpeningADrawer,StandingStill
1093,TakingSomething,OpeningADrawer,StandingStill
1094,TakingSomething,OpeningADrawer,StandingStill
1095,Reaching,OpeningADrawer,StandingStill
1096,Reaching,OpeningADrawer,StandingStill
1097,Reaching,OpeningADrawer,StandingStill
1098,Reaching,ClosingADrawer,StandingStill
1099,Reaching,ClosingADrawer,StandingStill
1100,Reaching,ClosingADrawer,StandingStill
1101,Reaching,ClosingADrawer,StandingStill
1102,Reaching,ClosingADrawer,StandingStill
1103,Reaching,ClosingADrawer,StandingStill
1104,Reaching,ClosingADrawer,StandingStill
1105,Reaching,ClosingADrawer,StandingStill
1106,Reaching,ClosingADrawer,StandingStill
1107,Reaching,ClosingADrawer,StandingStill
1108,Reaching,ClosingADrawer,StandingStill
1109,Reaching,ClosingADrawer,StandingStill
1110,CarryingWhileLocomoting,ClosingADrawer,StandingStill
1111,CarryingWhileLocomoting,ClosingADrawer,StandingStill
1112,CarryingWhileLocomoting,ClosingADrawer,StandingStill
1113,CarryingWhileLocomoting,ClosingADrawer,StandingStill
1114,CarryingWhileLocomoting,ClosingADrawer,StandingStill
1115,CarryingWhileLocomoting,ClosingADrawer,StandingStill
1116,CarryingWhileLocomoting,ClosingADrawer,StandingStill
1117,CarryingWhileLocomoting,ClosingADrawer,StandingStill
1118,CarryingWhileLocomoting,ClosingADrawer,StandingStill
1119,CarryingWhileLocomoting,ClosingADrawer,StandingStill
1120,CarryingWhileLocomoting,ClosingADrawer,StandingStill
1121,CarryingWhileLocomoting,ClosingADrawer,StandingStill
1122,CarryingWhileLocomoting,ClosingADrawer,StandingStill
1123,CarryingWhileLocomoting,ClosingADrawer,StandingStill
1124,CarryingWhileLocomoting,ClosingADrawer,StandingStill
1125,CarryingWhileLocomoting,ClosingADrawer,StandingStill
1126,CarryingWhileLocomoting,ClosingADrawer,HumanWalkingProcess
1127,CarryingWhileLocomoting,ClosingADrawer,HumanWalkingProcess
1128,CarryingWhileLocomoting,ClosingADrawer,HumanWalkingProcess
1129,CarryingWhileLocomoting,ClosingADrawer,HumanWalkingProcess
1130,CarryingWhileLocomoting,ReleasingGraspOfSomething,HumanWalkingProcess
1131,CarryingWhileLocomoting,ReleasingGraspOfSomething,HumanWalkingProcess
1132,CarryingWhileLocomoting,ReleasingGraspOfSomething,HumanWalkingProcess
1133,CarryingWhileLocomoting,ReleasingGraspOfSomething,HumanWalkingProcess
1134,CarryingWhileLocomoting,ReleasingGraspOfSomething,HumanWalkingProcess
1135,CarryingWhileLocomoting,ReleasingGraspOfSomething,HumanWalkingProcess
1136,CarryingWhileLocomoting,ReleasingGraspOfSomething,HumanWalkingProcess
1137,CarryingWhileLocomoting,ReleasingGraspOfSomething,HumanWalkingProcess
1138,CarryingWhileLocomoting,ReleasingGraspOfSomething,HumanWalkingProcess
1139,CarryingWhileLocomoting,ReleasingGraspOfSomething,HumanWalkingProcess
1140,CarryingWhileLocomoting,ReleasingGraspOfSomething,HumanWalkingProcess
1141,CarryingWhileLocomoting,ReleasingGraspOfSomething,HumanWalkingProcess
1142,CarryingWhileLocomoting,ReleasingGraspOfSomething,HumanWalkingProcess
1143,CarryingWhileLocomoting,ReleasingGraspOfSomething,HumanWalkingProcess
1144,CarryingWhileLocomoting,ReleasingGraspOfSomething,HumanWalkingProcess
1145,CarryingWhileLocomoting,ReleasingGraspOfSomething,HumanWalkingProcess
1146,CarryingWhileLocomoting,CarryingWhileLocomoting,HumanWalkingProcess
1147,CarryingWhileLocomoting,CarryingWhileLocomoting,HumanWalkingProcess
1148,CarryingWhileLocomoting,CarryingWhileLocomoting,HumanWalkingProcess
1149,CarryingWhileLocomoting,CarryingWhileLocomoting,HumanWalkingProcess
1150,CarryingWhileLocomoting,CarryingWhileLocomoting,HumanWalkingProcess
1151,CarryingWhileLocomoting,CarryingWhileLocomoting,HumanWalkingProcess
1152,CarryingWhileLocomoting,CarryingWhileLocomoting,HumanWalkingProcess
1153,CarryingWhileLocomoting,CarryingWhileLocomoting,HumanWalkingProcess
1154,CarryingWhileLocomoting,CarryingWhileLocomoting,HumanWalkingProcess
1155,CarryingWhileLocomoting,CarryingWhileLocomoting,HumanWalkingProcess
1156,CarryingWhileLocomoting,CarryingWhileLocomoting,HumanWalkingProcess
1157,CarryingWhileLocomoting,CarryingWhileLocomoting,HumanWalkingProcess
1158,CarryingWhileLocomoting,CarryingWhileLocomoting,HumanWalkingProcess
1159,CarryingWhileLocomoting,CarryingWhileLocomoting,HumanWalkingProcess
1160,CarryingWhileLocomoting,CarryingWhileLocomoting,HumanWalkingProcess
1161,CarryingWhileLocomoting,CarryingWhileLocomoting,HumanWalkingProcess
1162,CarryingWhileLocomoting,CarryingWhileLocomoting,HumanWalkingProcess
1163,CarryingWhileLocomoting,CarryingWhileLocomoting,HumanWalkingProcess
1164,CarryingWhileLocomoting,CarryingWhileLocomoting,HumanWalkingProcess
1165,CarryingWhileLocomoting,CarryingWhileLocomoting,HumanWalkingProcess
1166,CarryingWhileLocomoting,CarryingWhileLocomoting,HumanWalkingProcess
1167,CarryingWhileLocomoting,CarryingWhileLocomoting,HumanWalkingProcess
1168,CarryingWhileLocomoting,CarryingWhileLocomoting,HumanWalkingProcess
1169,CarryingWhileLocomoting,CarryingWhileLocomoting,HumanWalkingProcess
1170,CarryingWhileLocomoting,CarryingWhileLocomoting,HumanWalkingProcess
1171,CarryingWhileLocomoting,CarryingWhileLocomoting,HumanWalkingProcess
1172,CarryingWhileLocomoting,CarryingWhileLocomoting,HumanWalkingProcess
1173,CarryingWhileLocomoting,CarryingWhileLocomoting,HumanWalkingProcess
1174,CarryingWhileLocomoting,CarryingWhileLocomoting,HumanWalkingProcess
1175,CarryingWhileLocomoting,CarryingWhileLocomoting,HumanWalkingProcess
1176,CarryingWhileLocomoting,LoweringAnObject,HumanWalkingProcess
1177,CarryingWhileLocomoting,LoweringAnObject,HumanWalkingProcess
1178,CarryingWhileLocomoting,LoweringAnObject,HumanWalkingProcess
1179,CarryingWhileLocomoting,LoweringAnObject,HumanWalkingProcess
1180,CarryingWhileLocomoting,LoweringAnObject,StandingStill
1181,CarryingWhileLocomoting,LoweringAnObject,StandingStill
1182,CarryingWhileLocomoting,LoweringAnObject,StandingStill
1183,CarryingWhileLocomoting,LoweringAnObject,StandingStill
1184,CarryingWhileLocomoting,LoweringAnObject,StandingStill
1185,CarryingWhileLocomoting,LoweringAnObject,StandingStill
1186,CarryingWhileLocomoting,LoweringAnObject,StandingStill
1187,CarryingWhileLocomoting,LoweringAnObject,StandingStill
1188,CarryingWhileLocomoting,LoweringAnObject,StandingStill
1189,CarryingWhileLocomoting,LoweringAnObject,StandingStill
1190,CarryingWhileLocomoting,LoweringAnObject,StandingStill
1191,CarryingWhileLocomoting,LoweringAnObject,StandingStill
1192,CarryingWhileLocomoting,LoweringAnObject,StandingStill
1193,CarryingWhileLocomoting,LoweringAnObject,StandingStill
1194,CarryingWhileLocomoting,LoweringAnObject,StandingStill
1195,CarryingWhileLocomoting,LoweringAnObject,StandingStill
1196,CarryingWhileLocomoting,LoweringAnObject,StandingStill
1197,CarryingWhileLocomoting,LoweringAnObject,StandingStill
1198,CarryingWhileLocomoting,LoweringAnObject,StandingStill
1199,CarryingWhileLocomoting,LoweringAnObject,StandingStill
1200,CarryingWhileLocomoting,LoweringAnObject,StandingStill
1201,CarryingWhileLocomoting,LoweringAnObject,StandingStill
1202,CarryingWhileLocomoting,LoweringAnObject,StandingStill
1203,CarryingWhileLocomoting,LoweringAnObject,StandingStill
1204,CarryingWhileLocomoting,LoweringAnObject,StandingStill
1205,CarryingWhileLocomoting,LoweringAnObject,StandingStill
1206,CarryingWhileLocomoting,LoweringAnObject,StandingStill
1207,CarryingWhileLocomoting,LoweringAnObject,StandingStill
1208,CarryingWhileLocomoting,LoweringAnObject,StandingStill
1209,CarryingWhileLocomoting,LoweringAnObject,StandingStill
1210,CarryingWhileLocomoting,LoweringAnObject,StandingStill
1211,CarryingWhileLocomoting,LoweringAnObject,StandingStill
1212,CarryingWhileLocomoting,LoweringAnObject,StandingStill
1213,CarryingWhileLocomoting,LoweringAnObject,StandingStill
1214,CarryingWhileLocomoting,LoweringAnObject,StandingStill
1215,CarryingWhileLocomoting,LoweringAnObject,StandingStill
1216,CarryingWhileLocomoting,LoweringAnObject,StandingStill
1217,CarryingWhileLocomoting,LoweringAnObject,StandingStill
1218,CarryingWhileLocomoting,LoweringAnObject,StandingStill
1219,CarryingWhileLocomoting,LoweringAnObject,StandingStill
1220,CarryingWhileLocomoting,LoweringAnObject,StandingStill
1221,CarryingWhileLocomoting,LoweringAnObject,StandingStill
1222,CarryingWhileLocomoting,LoweringAnObject,StandingStill
1223,CarryingWhileLocomoting,ReleasingGraspOfSomething,StandingStill
1224,CarryingWhileLocomoting,ReleasingGraspOfSomething,StandingStill
1225,CarryingWhileLocomoting,ReleasingGraspOfSomething,StandingStill
1226,CarryingWhileLocomoting,ReleasingGraspOfSomething,StandingStill
1227,CarryingWhileLocomoting,ReleasingGraspOfSomething,StandingStill
1228,CarryingWhileLocomoting,ReleasingGraspOfSomething,StandingStill
1229,CarryingWhileLocomoting,ReleasingGraspOfSomething,StandingStill
1230,CarryingWhileLocomoting,ReleasingGraspOfSomething,StandingStill
1231,CarryingWhileLocomoting,ReleasingGraspOfSomething,StandingStill
1232,CarryingWhileLocomoting,ReleasingGraspOfSomething,StandingStill
1233,CarryingWhileLocomoting,ReleasingGraspOfSomething,StandingStill
1234,CarryingWhileLocomoting,ReleasingGraspOfSomething,StandingStill
1235,CarryingWhileLocomoting,ReleasingGraspOfSomething,StandingStill
1236,CarryingWhileLocomoting,ReleasingGraspOfSomething,StandingStill
1237,CarryingWhileLocomoting,ReleasingGraspOfSomething,StandingStill
1238,CarryingWhileLocomoting,ReleasingGraspOfSomething,StandingStill
1239,CarryingWhileLocomoting,ReleasingGraspOfSomething,HumanWalkingProcess
1240,CarryingWhileLocomoting,ReleasingGraspOfSomething,HumanWalkingProcess
1241,CarryingWhileLocomoting,ReleasingGraspOfSomething,HumanWalkingProcess
1242,CarryingWhileLocomoting,CarryingWhileLocomoting,HumanWalkingProcess
1243,CarryingWhileLocomoting,CarryingWhileLocomoting,HumanWalkingProcess
1244,CarryingWhileLocomoting,CarryingWhileLocomoting,HumanWalkingProcess
1245,CarryingWhileLocomoting,CarryingWhileLocomoting,HumanWalkingProcess
1246,CarryingWhileLocomoting,CarryingWhileLocomoting,HumanWalkingProcess
1247,CarryingWhileLocomoting,CarryingWhileLocomoting,HumanWalkingProcess
1248,CarryingWhileLocomoting,CarryingWhileLocomoting,HumanWalkingProcess
1249,CarryingWhileLocomoting,CarryingWhileLocomoting,HumanWalkingProcess
1250,CarryingWhileLocomoting,CarryingWhileLocomoting,HumanWalkingProcess
1251,CarryingWhileLocomoting,CarryingWhileLocomoting,HumanWalkingProcess
1252,CarryingWhileLocomoting,CarryingWhileLocomoting,HumanWalkingProcess
1253,CarryingWhileLocomoting,CarryingWhileLocomoting,HumanWalkingProcess
1254,CarryingWhileLocomoting,CarryingWhileLocomoting,HumanWalkingProcess
1255,CarryingWhileLocomoting,CarryingWhileLocomoting,HumanWalkingProcess
1256,CarryingWhileLocomoting,CarryingWhileLocomoting,HumanWalkingProcess
1257,CarryingWhileLocomoting,CarryingWhileLocomoting,HumanWalkingProcess
1258,CarryingWhileLocomoting,CarryingWhileLocomoting,HumanWalkingProcess
1259,CarryingWhileLocomoting,CarryingWhileLocomoting,HumanWalkingProcess
1260,CarryingWhileLocomoting,CarryingWhileLocomoting,HumanWalkingProcess
1261,Reaching,CarryingWhileLocomoting,HumanWalkingProcess
1262,Reaching,CarryingWhileLocomoting,HumanWalkingProcess
1263,Reaching,CarryingWhileLocomoting,HumanWalkingProcess
1264,Reaching,CarryingWhileLocomoting,HumanWalkingProcess
1265,Reaching,CarryingWhileLocomoting,HumanWalkingProcess
1266,Reaching,CarryingWhileLocomoting,HumanWalkingProcess
1267,Reaching,CarryingWhileLocomoting,HumanWalkingProcess
1268,Reaching,CarryingWhileLocomoting,HumanWalkingProcess
1269,Reaching,CarryingWhileLocomoting,HumanWalkingProcess
1270,Reaching,CarryingWhileLocomoting,HumanWalkingProcess
1271,Reaching,CarryingWhileLocomoting,HumanWalkingProcess
1272,Reaching,CarryingWhileLocomoting,HumanWalkingProcess
1273,Reaching,CarryingWhileLocomoting,HumanWalkingProcess
1274,Reaching,CarryingWhileLocomoting,HumanWalkingProcess
1275,Reaching,CarryingWhileLocomoting,HumanWalkingProcess
1276,Reaching,CarryingWhileLocomoting,HumanWalkingProcess
1277,Reaching,CarryingWhileLocomoting,HumanWalkingProcess
1278,Reaching,CarryingWhileLocomoting,HumanWalkingProcess
1279,Reaching,CarryingWhileLocomoting,HumanWalkingProcess
1280,Reaching,CarryingWhileLocomoting,HumanWalkingProcess
1281,Reaching,CarryingWhileLocomoting,HumanWalkingProcess
1282,Reaching,CarryingWhileLocomoting,HumanWalkingProcess
1283,Reaching,CarryingWhileLocomoting,HumanWalkingProcess
1284,Reaching,CarryingWhileLocomoting,HumanWalkingProcess
1285,Reaching,CarryingWhileLocomoting,HumanWalkingProcess
1286,Reaching,CarryingWhileLocomoting,HumanWalkingProcess
1287,Reaching,CarryingWhileLocomoting,HumanWalkingProcess
1288,Reaching,CarryingWhileLocomoting,HumanWalkingProcess
1289,OpeningADoor,CarryingWhileLocomoting,HumanWalkingProcess
1290,OpeningADoor,CarryingWhileLocomoting,HumanWalkingProcess
1291,OpeningADoor,CarryingWhileLocomoting,HumanWalkingProcess
1292,OpeningADoor,CarryingWhileLocomoting,HumanWalkingProcess
1293,OpeningADoor,CarryingWhileLocomoting,HumanWalkingProcess
1294,OpeningADoor,CarryingWhileLocomoting,HumanWalkingProcess
1295,OpeningADoor,CarryingWhileLocomoting,HumanWalkingProcess
1296,OpeningADoor,CarryingWhileLocomoting,HumanWalkingProcess
1297,OpeningADoor,CarryingWhileLocomoting,HumanWalkingProcess
1298,OpeningADoor,CarryingWhileLocomoting,HumanWalkingProcess
1299,OpeningADoor,CarryingWhileLocomoting,StandingStill
1300,OpeningADoor,CarryingWhileLocomoting,StandingStill
1301,OpeningADoor,Reaching,StandingStill
1302,OpeningADoor,Reaching,StandingStill
1303,OpeningADoor,Reaching,StandingStill
1304,OpeningADoor,Reaching,StandingStill
1305,OpeningADoor,Reaching,StandingStill
1306,OpeningADoor,Reaching,StandingStill
1307,OpeningADoor,Reaching,StandingStill
1308,OpeningADoor,Reaching,StandingStill
1309,OpeningADoor,Reaching,StandingStill
1310,OpeningADoor,Reaching,StandingStill
1311,OpeningADoor,Reaching,StandingStill
1312,OpeningADoor,Reaching,StandingStill
1313,OpeningADoor,Reaching,StandingStill
1314,OpeningADoor,Reaching,StandingStill
1315,OpeningADoor,Reaching,StandingStill
1316,OpeningADoor,Reaching,StandingStill
1317,OpeningADoor,Reaching,StandingStill
1318,OpeningADoor,Reaching,StandingStill
1319,OpeningADoor,Reaching,StandingStill
1320,OpeningADoor,Reaching,StandingStill
1321,OpeningADoor,Reaching,StandingStill
1322,OpeningADoor,Reaching,StandingStill
1323,OpeningADoor,Reaching,StandingStill
1324,OpeningADoor,Reaching,StandingStill
1325,OpeningADoor,Reaching,StandingStill
1326,OpeningADoor,Reaching,StandingStill
1327,OpeningADoor,TakingSomething,StandingStill
1328,OpeningADoor,TakingSomething,StandingStill
1329,OpeningADoor,TakingSomething,StandingStill
1330,OpeningADoor,TakingSomething,StandingStill
1331,OpeningADoor,TakingSomething,StandingStill
1332,OpeningADoor,TakingSomething,StandingStill
1333,OpeningADoor,TakingSomething,StandingStill
1334,OpeningADoor,TakingSomething,StandingStill
1335,OpeningADoor,TakingSomething,StandingStill
1336,OpeningADoor,TakingSomething,StandingStill
1337,ClosingADoor,TakingSomething,StandingStill
1338,ClosingADoor,TakingSomething,StandingStill
1339,ClosingADoor,TakingSomething,StandingStill
1340,ClosingADoor,TakingSomething,StandingStill
1341,ClosingADoor,TakingSomething,StandingStill
1342,ClosingADoor,TakingSomething,StandingStill
1343,ClosingADoor,TakingSomething,StandingStill
1344,ClosingADoor,TakingSomething,StandingStill
1345,ClosingADoor,TakingSomething,StandingStill
1346,ClosingADoor,TakingSomething,StandingStill
1347,ClosingADoor,TakingSomething,StandingStill
1348,ClosingADoor,CarryingWhileLocomoting,StandingStill
1349,ClosingADoor,CarryingWhileLocomoting,StandingStill
1350,ClosingADoor,CarryingWhileLocomoting,StandingStill
1351,ClosingADoor,CarryingWhileLocomoting,StandingStill
1352,ClosingADoor,CarryingWhileLocomoting,StandingStill
1353,ClosingADoor,CarryingWhileLocomoting,StandingStill
1354,ClosingADoor,CarryingWhileLocomoting,StandingStill
1355,ClosingADoor,CarryingWhileLocomoting,StandingStill
1356,ClosingADoor,CarryingWhileLocomoting,StandingStill
1357,ClosingADoor,CarryingWhileLocomoting,StandingStill
1358,ClosingADoor,CarryingWhileLocomoting,StandingStill
1359,ReleasingGraspOfSomething,CarryingWhileLocomoting,StandingStill
1360,ReleasingGraspOfSomething,CarryingWhileLocomoting,StandingStill
1361,ReleasingGraspOfSomething,CarryingWhileLocomoting,StandingStill
1362,ReleasingGraspOfSomething,CarryingWhileLocomoting,StandingStill
1363,ReleasingGraspOfSomething,CarryingWhileLocomoting,StandingStill
1364,ReleasingGraspOfSomething,CarryingWhileLocomoting,StandingStill
1365,ReleasingGraspOfSomething,CarryingWhileLocomoting,StandingStill
1366,ReleasingGraspOfSomething,CarryingWhileLocomoting,StandingStill
1367,ReleasingGraspOfSomething,CarryingWhileLocomoting,StandingStill
1368,ReleasingGraspOfSomething,CarryingWhileLocomoting,StandingStill
1369,ReleasingGraspOfSomething,CarryingWhileLocomoting,StandingStill
1370,ReleasingGraspOfSomething,CarryingWhileLocomoting,StandingStill
1371,ReleasingGraspOfSomething,CarryingWhileLocomoting,StandingStill
1372,ReleasingGraspOfSomething,CarryingWhileLocomoting,HumanWalkingProcess
1373,ReleasingGraspOfSomething,CarryingWhileLocomoting,HumanWalkingProcess
1374,ReleasingGraspOfSomething,CarryingWhileLocomoting,HumanWalkingProcess
1375,ReleasingGraspOfSomething,CarryingWhileLocomoting,HumanWalkingProcess
1376,CarryingWhileLocomoting,CarryingWhileLocomoting,HumanWalkingProcess
1377,CarryingWhileLocomoting,CarryingWhileLocomoting,HumanWalkingProcess
1378,CarryingWhileLocomoting,CarryingWhileLocomoting,HumanWalkingProcess
1379,CarryingWhileLocomoting,CarryingWhileLocomoting,HumanWalkingProcess
1380,CarryingWhileLocomoting,CarryingWhileLocomoting,HumanWalkingProcess
1381,CarryingWhileLocomoting,CarryingWhileLocomoting,HumanWalkingProcess
1382,CarryingWhileLocomoting,CarryingWhileLocomoting,HumanWalkingProcess
1383,CarryingWhileLocomoting,CarryingWhileLocomoting,HumanWalkingProcess
1384,CarryingWhileLocomoting,CarryingWhileLocomoting,HumanWalkingProcess
1385,CarryingWhileLocomoting,CarryingWhileLocomoting,HumanWalkingProcess
1386,CarryingWhileLocomoting,CarryingWhileLocomoting,HumanWalkingProcess
1387,CarryingWhileLocomoting,CarryingWhileLocomoting,HumanWalkingProcess
1388,CarryingWhileLocomoting,CarryingWhileLocomoting,HumanWalkingProcess
1389,CarryingWhileLocomoting,CarryingWhileLocomoting,HumanWalkingProcess
1390,CarryingWhileLocomoting,CarryingWhileLocomoting,HumanWalkingProcess
1391,CarryingWhileLocomoting,CarryingWhileLocomoting,HumanWalkingProcess
1392,CarryingWhileLocomoting,CarryingWhileLocomoting,HumanWalkingProcess
1393,CarryingWhileLocomoting,CarryingWhileLocomoting,HumanWalkingProcess
1394,CarryingWhileLocomoting,CarryingWhileLocomoting,HumanWalkingProcess
1395,CarryingWhileLocomoting,CarryingWhileLocomoting,HumanWalkingProcess
1396,CarryingWhileLocomoting,CarryingWhileLocomoting,HumanWalkingProcess
1397,CarryingWhileLocomoting,CarryingWhileLocomoting,HumanWalkingProcess
1398,CarryingWhileLocomoting,CarryingWhileLocomoting,HumanWalkingProcess
1399,CarryingWhileLocomoting,CarryingWhileLocomoting,HumanWalkingProcess
1400,CarryingWhileLocomoting,CarryingWhileLocomoting,HumanWalkingProcess
1401,CarryingWhileLocomoting,CarryingWhileLocomoting,HumanWalkingProcess
1402,CarryingWhileLocomoting,CarryingWhileLocomoting,HumanWalkingProcess
1403,CarryingWhileLocomoting,CarryingWhileLocomoting,HumanWalkingProcess
1404,CarryingWhileLocomoting,CarryingWhileLocomoting,HumanWalkingProcess
1405,CarryingWhileLocomoting,CarryingWhileLocomoting,HumanWalkingProcess
1406,CarryingWhileLocomoting,CarryingWhileLocomoting,HumanWalkingProcess
1407,CarryingWhileLocomoting,CarryingWhileLocomoting,HumanWalkingProcess
1408,CarryingWhileLocomoting,CarryingWhileLocomoting,HumanWalkingProcess
1409,CarryingWhileLocomoting,CarryingWhileLocomoting,HumanWalkingProcess
1410,CarryingWhileLocomoting,CarryingWhileLocomoting,HumanWalkingProcess
1411,CarryingWhileLocomoting,CarryingWhileLocomoting,HumanWalkingProcess
1412,CarryingWhileLocomoting,CarryingWhileLocomoting,HumanWalkingProcess
1413,CarryingWhileLocomoting,CarryingWhileLocomoting,HumanWalkingProcess
1414,CarryingWhileLocomoting,CarryingWhileLocomoting,HumanWalkingProcess
1415,CarryingWhileLocomoting,CarryingWhileLocomoting,HumanWalkingProcess
1416,CarryingWhileLocomoting,CarryingWhileLocomoting,HumanWalkingProcess
1417,CarryingWhileLocomoting,CarryingWhileLocomoting,HumanWalkingProcess
1418,CarryingWhileLocomoting,CarryingWhileLocomoting,HumanWalkingProcess
1419,CarryingWhileLocomoting,CarryingWhileLocomoting,HumanWalkingProcess
1420,CarryingWhileLocomoting,CarryingWhileLocomoting,HumanWalkingProcess
1421,CarryingWhileLocomoting,CarryingWhileLocomoting,HumanWalkingProcess
1422,CarryingWhileLocomoting,CarryingWhileLocomoting,HumanWalkingProcess
1423,CarryingWhileLocomoting,CarryingWhileLocomoting,HumanWalkingProcess
1424,CarryingWhileLocomoting,CarryingWhileLocomoting,HumanWalkingProcess
1425,CarryingWhileLocomoting,LoweringAnObject,HumanWalkingProcess
1426,CarryingWhileLocomoting,LoweringAnObject,HumanWalkingProcess
1427,CarryingWhileLocomoting,LoweringAnObject,HumanWalkingProcess
1428,CarryingWhileLocomoting,LoweringAnObject,HumanWalkingProcess
1429,CarryingWhileLocomoting,LoweringAnObject,HumanWalkingProcess
1430,CarryingWhileLocomoting,LoweringAnObject,HumanWalkingProcess
1431,CarryingWhileLocomoting,LoweringAnObject,HumanWalkingProcess
1432,CarryingWhileLocomoting,LoweringAnObject,HumanWalkingProcess
1433,CarryingWhileLocomoting,LoweringAnObject,HumanWalkingProcess
1434,CarryingWhileLocomoting,LoweringAnObject,HumanWalkingProcess
1435,CarryingWhileLocomoting,LoweringAnObject,HumanWalkingProcess
1436,CarryingWhileLocomoting,LoweringAnObject,HumanWalkingProcess
1437,CarryingWhileLocomoting,LoweringAnObject,HumanWalkingProcess
1438,CarryingWhileLocomoting,LoweringAnObject,HumanWalkingProcess
1439,CarryingWhileLocomoting,LoweringAnObject,HumanWalkingProcess
1440,CarryingWhileLocomoting,LoweringAnObject,HumanWalkingProcess
1441,CarryingWhileLocomoting,LoweringAnObject,HumanWalkingProcess
1442,CarryingWhileLocomoting,LoweringAnObject,HumanWalkingProcess
1443,CarryingWhileLocomoting,LoweringAnObject,HumanWalkingProcess
1444,CarryingWhileLocomoting,LoweringAnObject,HumanWalkingProcess
1445,CarryingWhileLocomoting,LoweringAnObject,StandingStill
1446,CarryingWhileLocomoting,LoweringAnObject,StandingStill
1447,CarryingWhileLocomoting,LoweringAnObject,StandingStill
1448,CarryingWhileLocomoting,LoweringAnObject,StandingStill
1449,CarryingWhileLocomoting,LoweringAnObject,StandingStill
1450,CarryingWhileLocomoting,LoweringAnObject,StandingStill
1451,CarryingWhileLocomoting,LoweringAnObject,StandingStill
1452,CarryingWhileLocomoting,ReleasingGraspOfSomething,StandingStill
1453,CarryingWhileLocomoting,ReleasingGraspOfSomething,StandingStill
1454,CarryingWhileLocomoting,ReleasingGraspOfSomething,StandingStill
1455,CarryingWhileLocomoting,ReleasingGraspOfSomething,StandingStill
1456,CarryingWhileLocomoting,ReleasingGraspOfSomething,StandingStill
1457,CarryingWhileLocomoting,ReleasingGraspOfSomething,StandingStill
1458,CarryingWhileLocomoting,ReleasingGraspOfSomething,StandingStill
1459,CarryingWhileLocomoting,ReleasingGraspOfSomething,StandingStill
1460,CarryingWhileLocomoting,ReleasingGraspOfSomething,StandingStill
1461,CarryingWhileLocomoting,ReleasingGraspOfSomething,StandingStill
1462,CarryingWhileLocomoting,ReleasingGraspOfSomething,StandingStill
1463,CarryingWhileLocomoting,ReleasingGraspOfSomething,StandingStill
1464,CarryingWhileLocomoting,ReleasingGraspOfSomething,StandingStill
1465,CarryingWhileLocomoting,ReleasingGraspOfSomething,StandingStill
1466,CarryingWhileLocomoting,ReleasingGraspOfSomething,StandingStill
1467,CarryingWhileLocomoting,ReleasingGraspOfSomething,StandingStill
1468,CarryingWhileLocomoting,ReleasingGraspOfSomething,StandingStill
1469,CarryingWhileLocomoting,ReleasingGraspOfSomething,StandingStill
1470,CarryingWhileLocomoting,ReleasingGraspOfSomething,StandingStill
1471,CarryingWhileLocomoting,CarryingWhileLocomoting,StandingStill
1472,CarryingWhileLocomoting,CarryingWhileLocomoting,StandingStill
1473,CarryingWhileLocomoting,CarryingWhileLocomoting,StandingStill
1474,CarryingWhileLocomoting,CarryingWhileLocomoting,StandingStill
1475,CarryingWhileLocomoting,CarryingWhileLocomoting,StandingStill
1476,CarryingWhileLocomoting,CarryingWhileLocomoting,HumanWalkingProcess
1477,CarryingWhileLocomoting,CarryingWhileLocomoting,HumanWalkingProcess
1478,CarryingWhileLocomoting,CarryingWhileLocomoting,HumanWalkingProcess
1479,CarryingWhileLocomoting,CarryingWhileLocomoting,HumanWalkingProcess
1480,CarryingWhileLocomoting,CarryingWhileLocomoting,HumanWalkingProcess
1481,CarryingWhileLocomoting,CarryingWhileLocomoting,HumanWalkingProcess
1482,CarryingWhileLocomoting,CarryingWhileLocomoting,HumanWalkingProcess
1483,CarryingWhileLocomoting,CarryingWhileLocomoting,HumanWalkingProcess
1484,CarryingWhileLocomoting,CarryingWhileLocomoting,HumanWalkingProcess
1485,CarryingWhileLocomoting,CarryingWhileLocomoting,HumanWalkingProcess
1486,CarryingWhileLocomoting,CarryingWhileLocomoting,HumanWalkingProcess
1487,CarryingWhileLocomoting,CarryingWhileLocomoting,HumanWalkingProcess
1488,CarryingWhileLocomoting,CarryingWhileLocomoting,HumanWalkingProcess
1489,CarryingWhileLocomoting,CarryingWhileLocomoting,HumanWalkingProcess
1490,CarryingWhileLocomoting,CarryingWhileLocomoting,HumanWalkingProcess
1491,CarryingWhileLocomoting,CarryingWhileLocomoting,HumanWalkingProcess
1492,CarryingWhileLocomoting,CarryingWhileLocomoting,HumanWalkingProcess
1493,CarryingWhileLocomoting,CarryingWhileLocomoting,HumanWalkingProcess
1494,CarryingWhileLocomoting,CarryingWhileLocomoting,HumanWalkingProcess
1495,CarryingWhileLocomoting,CarryingWhileLocomoting,HumanWalkingProcess
1496,CarryingWhileLocomoting,CarryingWhileLocomoting,HumanWalkingProcess
1497,CarryingWhileLocomoting,CarryingWhileLocomoting,HumanWalkingProcess
1498,CarryingWhileLocomoting,CarryingWhileLocomoting,HumanWalkingProcess
1499,CarryingWhileLocomoting,CarryingWhileLocomoting,HumanWalkingProcess
1500,CarryingWhileLocomoting,CarryingWhileLocomoting,HumanWalkingProcess
1501,CarryingWhileLocomoting,CarryingWhileLocomoting,HumanWalkingProcess
1502,CarryingWhileLocomoting,CarryingWhileLocomoting,HumanWalkingProcess
1503,CarryingWhileLocomoting,CarryingWhileLocomoting,HumanWalkingProcess
1504,CarryingWhileLocomoting,CarryingWhileLocomoting,StandingStill
1505,CarryingWhileLocomoting,CarryingWhileLocomoting,StandingStill
1506,CarryingWhileLocomoting,CarryingWhileLocomoting,StandingStill
1507,CarryingWhileLocomoting,CarryingWhileLocomoting,StandingStill
