instance,lefthand,righthand,trunk
0,CarryingWhileLocomoting,CarryingWhileLocomoting,StandingStill
1,CarryingWhileLocomoting,CarryingWhileLocomoting,StandingStill
2,CarryingWhileLocomoting,CarryingWhileLocomoting,StandingStill
3,CarryingWhileLocomoting,CarryingWhileLocomoting,StandingStill
4,CarryingWhileLocomoting,CarryingWhileLocomoting,StandingStill
5,CarryingWhileLocomoting,CarryingWhileLocomoting,StandingStill
6,CarryingWhileLocomoting,CarryingWhileLocomoting,HumanWalkingProcess
7,CarryingWhileLocomoting,CarryingWhileLocomoting,HumanWalkingProcess
8,CarryingWhileLocomoting,CarryingWhileLocomoting,HumanWalkingProcess
9,CarryingWhileLocomoting,CarryingWhileLocomoting,HumanWalkingProcess
10,CarryingWhileLocomoting,CarryingWhileLocomoting,HumanWalkingProcess
11,CarryingWhileLocomoting,CarryingWhileLocomoting,HumanWalkingProcess
12,CarryingWhileLocomoting,CarryingWhileLocomoting,HumanWalkingProcess
13,CarryingWhileLocomoting,CarryingWhileLocomoting,HumanWalkingProcess
14,CarryingWhileLocomoting,CarryingWhileLocomoting,HumanWalkingProcess
15,CarryingWhileLocomoting,CarryingWhileLocomoting,HumanWalkingProcess
16,CarryingWhileLocomoting,CarryingWhileLocomoting,HumanWalkingProcess
17,CarryingWhileLocomoting,CarryingWhileLocomoting,HumanWalkingProcess
18,CarryingWhileLocomoting,CarryingWhileLocomoting,HumanWalkingProcess
19,CarryingWhileLocomoting,CarryingWhileLocomoting,HumanWalkingProcess
20,CarryingWhileLocomoting,CarryingWhileLocomoting,HumanWalkingProcess
21,CarryingWhileLocomoting,Reaching,HumanWalkingProcess
22,CarryingWhileLocomoting,Reaching,HumanWalkingProcess
23,CarryingWhileLocomoting,Reaching,HumanWalkingProcess
24,CarryingWhileLocomoting,Reaching,HumanWalkingProcess
25,CarryingWhileLocomoting,Reaching,HumanWalkingProcess
26,CarryingWhileLocomoting,Reaching,HumanWalkingProcess
27,CarryingWhileLocomoting,Reaching,HumanWalkingProcess
28,CarryingWhileLocomoting,Reaching,HumanWalkingProcess
29,CarryingWhileLocomoting,Reaching,HumanWalkingProcess
30,CarryingWhileLocomoting,TakingSomething,HumanWalkingProcess
31,CarryingWhileLocomoting,TakingSomething,HumanWalkingProcess
32,CarryingWhileLocomoting,TakingSomething,HumanWalkingProcess
33,CarryingWhileLocomoting,TakingSomething,HumanWalkingProcess
34,CarryingWhileLocomoting,TakingSomething,HumanWalkingProcess
35,CarryingWhileLocomoting,TakingSomething,HumanWalkingProcess
36,CarryingWhileLocomoting,TakingSomething,HumanWalkingProcess
37,CarryingWhileLocomoting,TakingSomething,HumanWalkingProcess
38,CarryingWhileLocomoting,TakingSomething,HumanWalkingProcess
39,CarryingWhileLocomoting,TakingSomething,HumanWalkingProcess
40,CarryingWhileLocomoting,TakingSomething,StandingStill
41,CarryingWhileLocomoting,TakingSomething,StandingStill
42,CarryingWhileLocomoting,TakingSomething,StandingStill
43,CarryingWhileLocomoting,TakingSomething,StandingStill
44,CarryingWhileLocomoting,TakingSomething,StandingStill
45,CarryingWhileLocomoting,TakingSomething,StandingStill
46,CarryingWhileLocomoting,TakingSomething,StandingStill
47,CarryingWhileLocomoting,TakingSomething,StandingStill
48,CarryingWhileLocomoting,TakingSomething,StandingStill
49,CarryingWhileLocomoting,TakingSomething,StandingStill
50,CarryingWhileLocomoting,TakingSomething,StandingStill
51,CarryingWhileLocomoting,TakingSomething,StandingStill
52,CarryingWhileLocomoting,TakingSomething,StandingStill
53,CarryingWhileLocomoting,TakingSomething,HumanWalkingProcess
54,CarryingWhileLocomoting,TakingSomething,HumanWalkingProcess
55,CarryingWhileLocomoting,TakingSomething,HumanWalkingProcess
56,CarryingWhileLocomoting,TakingSomething,HumanWalkingProcess
57,CarryingWhileLocomoting,TakingSomething,HumanWalkingProcess
58,CarryingWhileLocomoting,TakingSomething,HumanWalkingProcess
59,CarryingWhileLocomoting,TakingSomething,HumanWalkingProcess
60,CarryingWhileLocomoting,TakingSomething,HumanWalkingProcess
61,CarryingWhileLocomoting,TakingSomething,HumanWalkingProcess
62,CarryingWhileLocomoting,CarryingWhileLocomoting,HumanWalkingProcess
63,CarryingWhileLocomoting,CarryingWhileLocomoting,HumanWalkingProcess
64,CarryingWhileLocomoting,CarryingWhileLocomoting,HumanWalkingProcess
65,CarryingWhileLocomoting,CarryingWhileLocomoting,HumanWalkingProcess
66,CarryingWhileLocomoting,CarryingWhileLocomoting,HumanWalkingProcess
67,CarryingWhileLocomoting,CarryingWhileLocomoting,HumanWalkingProcess
68,CarryingWhileLocomoting,CarryingWhileLocomoting,HumanWalkingProcess
69,CarryingWhileLocomoting,CarryingWhileLocomoting,HumanWalkingProcess
70,CarryingWhileLocomoting,CarryingWhileLocomoting,HumanWalkingProcess
71,CarryingWhileLocomoting,CarryingWhileLocomoting,HumanWalkingProcess
72,CarryingWhileLocomoting,CarryingWhileLocomoting,HumanWalkingProcess
73,CarryingWhileLocomoting,CarryingWhileLocomoting,HumanWalkingProcess
74,CarryingWhileLocomoting,CarryingWhileLocomoting,HumanWalkingProcess
75,CarryingWhileLocomoting,CarryingWhileLocomoting,HumanWalkingProcess
76,CarryingWhileLocomoting,CarryingWhileLocomoting,HumanWalkingProcess
77,CarryingWhileLocomoting,CarryingWhileLocomoting,HumanWalkingProcess
78,CarryingWhileLocomoting,CarryingWhileLocomoting,HumanWalkingProcess
79,CarryingWhileLocomoting,CarryingWhileLocomoting,HumanWalkingProcess
80,CarryingWhileLocomoting,CarryingWhileLocomoting,HumanWalkingProcess
81,CarryingWhileLocomoting,CarryingWhileLocomoting,HumanWalkingProcess
82,CarryingWhileLocomoting,CarryingWhileLocomoting,HumanWalkingProcess
83,CarryingWhileLocomoting,CarryingWhileLocomoting,HumanWalkingProcess
84,CarryingWhileLocomoting,CarryingWhileLocomoting,HumanWalkingProcess
85,CarryingWhileLocomoting,CarryingWhileLocomoting,HumanWalkingProcess
86,CarryingWhileLocomoting,CarryingWhileLocomoting,HumanWalkingProcess
87,CarryingWhileLocomoting,CarryingWhileLocomoting,HumanWalkingProcess
88,CarryingWhileLocomoting,CarryingWhileLocomoting,HumanWalkingProcess
89,CarryingWhileLocomoting,CarryingWhileLocomoting,HumanWalkingProcess
90,CarryingWhileLocomoting,CarryingWhileLocomoting,HumanWalkingProcess
91,CarryingWhileLocomoting,CarryingWhileLocomoting,HumanWalkingProcess
92,CarryingWhileLocomoting,CarryingWhileLocomoting,HumanWalkingProcess
93,CarryingWhileLocomoting,CarryingWhileLocomoting,HumanWalkingProcess
94,CarryingWhileLocomoting,CarryingWhileLocomoting,HumanWalkingProcess
95,CarryingWhileLocomoting,CarryingWhileLocomoting,HumanWalkingProcess
96,LoweringAnObject,LoweringAnObject,HumanWalkingProcess
97,LoweringAnObject,LoweringAnObject,HumanWalkingProcess
98,LoweringAnObject,LoweringAnObject,HumanWalkingProcess
99,LoweringAnObject,LoweringAnObject,HumanWalkingProcess
100,LoweringAnObject,LoweringAnObject,HumanWalkingProcess
101,LoweringAnObject,LoweringAnObject,HumanWalkingProcess
102,LoweringAnObject,LoweringAnObject,HumanWalkingProcess
103,LoweringAnObject,LoweringAnObject,HumanWalkingProcess
104,LoweringAnObject,LoweringAnObject,HumanWalkingProcess
105,LoweringAnObject,LoweringAnObject,HumanWalkingProcess
106,LoweringAnObject,LoweringAnObject,StandingStill
107,LoweringAnObject,LoweringAnObject,StandingStill
108,LoweringAnObject,LoweringAnObject,StandingStill
109,LoweringAnObject,LoweringAnObject,StandingStill
110,LoweringAnObject,LoweringAnObject,StandingStill
111,LoweringAnObject,LoweringAnObject,StandingStill
112,LoweringAnObject,LoweringAnObject,StandingStill
113,LoweringAnObject,LoweringAnObject,StandingStill
114,LoweringAnObject,LoweringAnObject,StandingStill
115,LoweringAnObject,LoweringAnObject,StandingStill
116,LoweringAnObject,LoweringAnObject,StandingStill
117,LoweringAnObject,LoweringAnObject,StandingStill
118,ReleasingGraspOfSomething,ReleasingGraspOfSomething,StandingStill
119,ReleasingGraspOfSomething,ReleasingGraspOfSomething,StandingStill
120,ReleasingGraspOfSomething,ReleasingGraspOfSomething,StandingStill
121,ReleasingGraspOfSomething,ReleasingGraspOfSomething,StandingStill
122,ReleasingGraspOfSomething,ReleasingGraspOfSomething,StandingStill
123,ReleasingGraspOfSomething,ReleasingGraspOfSomething,StandingStill
124,ReleasingGraspOfSomething,ReleasingGraspOfSomething,StandingStill
125,ReleasingGraspOfSomething,ReleasingGraspOfSomething,StandingStill
126,ReleasingGraspOfSomething,ReleasingGraspOfSomething,StandingStill
127,ReleasingGraspOfSomething,ReleasingGraspOfSomething,StandingStill
128,ReleasingGraspOfSomething,ReleasingGraspOfSomething,StandingStill
129,ReleasingGraspOfSomething,ReleasingGraspOfSomething,StandingStill
130,ReleasingGraspOfSomething,ReleasingGraspOfSomething,StandingStill
131,ReleasingGraspOfSomething,ReleasingGraspOfSomething,StandingStill
132,ReleasingGraspOfSomething,ReleasingGraspOfSomething,StandingStill
133,ReleasingGraspOfSomething,ReleasingGraspOfSomething,StandingStill
134,ReleasingGraspOfSomething,ReleasingGraspOfSomething,StandingStill
135,ReleasingGraspOfSomething,ReleasingGraspOfSomething,HumanWalkingProcess
136,ReleasingGraspOfSomething,ReleasingGraspOfSomething,HumanWalkingProcess
137,ReleasingGraspOfSomething,ReleasingGraspOfSomething,HumanWalkingProcess
138,ReleasingGraspOfSomething,ReleasingGraspOfSomething,HumanWalkingProcess
139,ReleasingGraspOfSomething,ReleasingGraspOfSomething,HumanWalkingProcess
140,ReleasingGraspOfSomething,ReleasingGraspOfSomething,HumanWalkingProcess
141,ReleasingGraspOfSomething,ReleasingGraspOfSomething,HumanWalkingProcess
142,CarryingWhileLocomoting,CarryingWhileLocomoting,HumanWalkingProcess
143,CarryingWhileLocomoting,CarryingWhileLocomoting,HumanWalkingProcess
144,CarryingWhileLocomoting,CarryingWhileLocomoting,HumanWalkingProcess
145,CarryingWhileLocomoting,CarryingWhileLocomoting,HumanWalkingProcess
146,CarryingWhileLocomoting,CarryingWhileLocomoting,HumanWalkingProcess
147,CarryingWhileLocomoting,CarryingWhileLocomoting,HumanWalkingProcess
148,CarryingWhileLocomoting,CarryingWhileLocomoting,HumanWalkingProcess
149,CarryingWhileLocomoting,CarryingWhileLocomoting,HumanWalkingProcess
150,CarryingWhileLocomoting,CarryingWhileLocomoting,HumanWalkingProcess
151,CarryingWhileLocomoting,CarryingWhileLocomoting,HumanWalkingProcess
152,CarryingWhileLocomoting,CarryingWhileLocomoting,HumanWalkingProcess
153,CarryingWhileLocomoting,CarryingWhileLocomoting,HumanWalkingProcess
154,CarryingWhileLocomoting,CarryingWhileLocomoting,HumanWalkingProcess
155,CarryingWhileLocomoting,CarryingWhileLocomoting,HumanWalkingProcess
156,CarryingWhileLocomoting,CarryingWhileLocomoting,HumanWalkingProcess
157,CarryingWhileLocomoting,CarryingWhileLocomoting,HumanWalkingProcess
158,CarryingWhileLocomoting,CarryingWhileLocomoting,HumanWalkingProcess
159,CarryingWhileLocomoting,CarryingWhileLocomoting,HumanWalkingProcess
160,CarryingWhileLocomoting,CarryingWhileLocomoting,HumanWalkingProcess
161,CarryingWhileLocomoting,CarryingWhileLocomoting,HumanWalkingProcess
162,CarryingWhileLocomoting,CarryingWhileLocomoting,HumanWalkingProcess
163,CarryingWhileLocomoting,CarryingWhileLocomoting,HumanWalkingProcess
164,CarryingWhileLocomoting,CarryingWhileLocomoting,HumanWalkingProcess
165,CarryingWhileLocomoting,CarryingWhileLocomoting,HumanWalkingProcess
166,CarryingWhileLocomoting,CarryingWhileLocomoting,HumanWalkingProcess
167,CarryingWhileLocomoting,CarryingWhileLocomoting,HumanWalkingProcess
168,Reaching,CarryingWhileLocomoting,HumanWalkingProcess
169,Reaching,CarryingWhileLocomoting,HumanWalkingProcess
170,Reaching,CarryingWhileLocomoting,HumanWalkingProcess
171,Reaching,CarryingWhileLocomoting,HumanWalkingProcess
172,Reaching,CarryingWhileLocomoting,HumanWalkingProcess
173,Reaching,CarryingWhileLocomoting,HumanWalkingProcess
174,Reaching,CarryingWhileLocomoting,HumanWalkingProcess
175,Reaching,CarryingWhileLocomoting,HumanWalkingProcess
176,Reaching,CarryingWhileLocomoting,HumanWalkingProcess
177,Reaching,CarryingWhileLocomoting,HumanWalkingProcess
178,Reaching,CarryingWhileLocomoting,HumanWalkingProcess
179,Reaching,CarryingWhileLocomoting,HumanWalkingProcess
180,Reaching,CarryingWhileLocomoting,HumanWalkingProcess
181,Reaching,CarryingWhileLocomoting,HumanWalkingProcess
182,Reaching,CarryingWhileLocomoting,HumanWalkingProcess
183,Reaching,CarryingWhileLocomoting,HumanWalkingProcess
184,Reaching,CarryingWhileLocomoting,StandingStill
185,Reaching,CarryingWhileLocomoting,StandingStill
186,Reaching,CarryingWhileLocomoting,StandingStill
187,Reaching,CarryingWhileLocomoting,StandingStill
188,Reaching,CarryingWhileLocomoting,StandingStill
189,Reaching,CarryingWhileLocomoting,StandingStill
190,Reaching,CarryingWhileLocomoting,StandingStill
191,Reaching,CarryingWhileLocomoting,StandingStill
192,Reaching,CarryingWhileLocomoting,StandingStill
193,Reaching,CarryingWhileLocomoting,StandingStill
194,Reaching,CarryingWhileLocomoting,StandingStill
195,Reaching,CarryingWhileLocomoting,StandingStill
196,Reaching,CarryingWhileLocomoting,StandingStill
197,TakingSomething,CarryingWhileLocomoting,StandingStill
198,TakingSomething,CarryingWhileLocomoting,StandingStill
199,TakingSomething,CarryingWhileLocomoting,StandingStill
200,TakingSomething,CarryingWhileLocomoting,StandingStill
201,TakingSomething,CarryingWhileLocomoting,StandingStill
202,TakingSomething,CarryingWhileLocomoting,StandingStill
203,TakingSomething,CarryingWhileLocomoting,StandingStill
204,TakingSomething,CarryingWhileLocomoting,StandingStill
205,TakingSomething,CarryingWhileLocomoting,StandingStill
206,TakingSomething,CarryingWhileLocomoting,StandingStill
207,TakingSomething,CarryingWhileLocomoting,StandingStill
208,TakingSomething,CarryingWhileLocomoting,StandingStill
209,TakingSomething,CarryingWhileLocomoting,StandingStill
210,TakingSomething,CarryingWhileLocomoting,StandingStill
211,TakingSomething,CarryingWhileLocomoting,HumanWalkingProcess
212,TakingSomething,CarryingWhileLocomoting,HumanWalkingProcess
213,TakingSomething,CarryingWhileLocomoting,HumanWalkingProcess
214,TakingSomething,CarryingWhileLocomoting,HumanWalkingProcess
215,TakingSomething,CarryingWhileLocomoting,HumanWalkingProcess
216,TakingSomething,CarryingWhileLocomoting,HumanWalkingProcess
217,TakingSomething,CarryingWhileLocomoting,HumanWalkingProcess
218,TakingSomething,CarryingWhileLocomoting,HumanWalkingProcess
219,TakingSomething,CarryingWhileLocomoting,HumanWalkingProcess
220,TakingSomething,CarryingWhileLocomoting,HumanWalkingProcess
221,CarryingWhileLocomoting,CarryingWhileLocomoting,HumanWalkingProcess
222,CarryingWhileLocomoting,CarryingWhileLocomoting,HumanWalkingProcess
223,CarryingWhileLocomoting,CarryingWhileLocomoting,HumanWalkingProcess
224,CarryingWhileLocomoting,CarryingWhileLocomoting,HumanWalkingProcess
225,CarryingWhileLocomoting,CarryingWhileLocomoting,HumanWalkingProcess
226,CarryingWhileLocomoting,CarryingWhileLocomoting,HumanWalkingProcess
227,CarryingWhileLocomoting,CarryingWhileLocomoting,HumanWalkingProcess
228,CarryingWhileLocomoting,CarryingWhileLocomoting,HumanWalkingProcess
229,CarryingWhileLocomoting,CarryingWhileLocomoting,HumanWalkingProcess
230,CarryingWhileLocomoting,CarryingWhileLocomoting,HumanWalkingProcess
231,CarryingWhileLocomoting,CarryingWhileLocomoting,HumanWalkingProcess
232,CarryingWhileLocomoting,CarryingWhileLocomoting,HumanWalkingProcess
233,CarryingWhileLocomoting,CarryingWhileLocomoting,HumanWalkingProcess
234,CarryingWhileLocomoting,CarryingWhileLocomoting,HumanWalkingProcess
235,CarryingWhileLocomoting,CarryingWhileLocomoting,HumanWalkingProcess
236,CarryingWhileLocomoting,CarryingWhileLocomoting,HumanWalkingProcess
237,CarryingWhileLocomoting,CarryingWhileLocomoting,HumanWalkingProcess
238,CarryingWhileLocomoting,CarryingWhileLocomoting,HumanWalkingProcess
239,CarryingWhileLocomoting,CarryingWhileLocomoting,HumanWalkingProcess
240,CarryingWhileLocomoting,CarryingWhileLocomoting,HumanWalkingProcess
241,CarryingWhileLocomoting,CarryingWhileLocomoting,HumanWalkingProcess
242,CarryingWhileLocomoting,CarryingWhileLocomoting,HumanWalkingProcess
243,CarryingWhileLocomoting,CarryingWhileLocomoting,HumanWalkingProcess
244,CarryingWhileLocomoting,CarryingWhileLocomoting,HumanWalkingProcess
245,CarryingWhileLocomoting,CarryingWhileLocomoting,HumanWalkingProcess
246,CarryingWhileLocomoting,CarryingWhileLocomoting,HumanWalkingProcess
247,CarryingWhileLocomoting,CarryingWhileLocomoting,HumanWalkingProcess
248,CarryingWhileLocomoting,CarryingWhileLocomoting,HumanWalkingProcess
249,CarryingWhileLocomoting,CarryingWhileLocomoting,HumanWalkingProcess
250,CarryingWhileLocomoting,CarryingWhileLocomoting,HumanWalkingProcess
251,CarryingWhileLocomoting,CarryingWhileLocomoting,HumanWalkingProcess
252,CarryingWhileLocomoting,CarryingWhileLocomoting,HumanWalkingProcess
253,CarryingWhileLocomoting,CarryingWhileLocomoting,HumanWalkingProcess
254,CarryingWhileLocomoting,CarryingWhileLocomoting,HumanWalkingProcess
255,CarryingWhileLocomoting,CarryingWhileLocomoting,HumanWalkingProcess
256,CarryingWhileLocomoting,CarryingWhileLocomoting,HumanWalkingProcess
257,CarryingWhileLocomoting,CarryingWhileLocomoting,HumanWalkingProcess
258,CarryingWhileLocomoting,CarryingWhileLocomoting,HumanWalkingProcess
259,CarryingWhileLocomoting,CarryingWhileLocomoting,HumanWalkingProcess
260,CarryingWhileLocomoting,CarryingWhileLocomoting,HumanWalkingProcess
261,CarryingWhileLocomoting,CarryingWhileLocomoting,HumanWalkingProcess
262,LoweringAnObject,LoweringAnObject,HumanWalkingProcess
263,LoweringAnObject,LoweringAnObject,HumanWalkingProcess
264,LoweringAnObject,LoweringAnObject,HumanWalkingProcess
265,LoweringAnObject,LoweringAnObject,HumanWalkingProcess
266,LoweringAnObject,LoweringAnObject,HumanWalkingProcess
267,LoweringAnObject,LoweringAnObject,HumanWalkingProcess
268,LoweringAnObject,LoweringAnObject,StandingStill
269,LoweringAnObject,LoweringAnObject,StandingStill
270,LoweringAnObject,LoweringAnObject,StandingStill
271,LoweringAnObject,LoweringAnObject,StandingStill
272,LoweringAnObject,LoweringAnObject,StandingStill
273,LoweringAnObject,LoweringAnObject,StandingStill
274,LoweringAnObject,LoweringAnObject,StandingStill
275,LoweringAnObject,LoweringAnObject,StandingStill
276,LoweringAnObject,LoweringAnObject,StandingStill
277,LoweringAnObject,LoweringAnObject,StandingStill
278,ReleasingGraspOfSomething,ReleasingGraspOfSomething,StandingStill
279,ReleasingGraspOfSomething,ReleasingGraspOfSomething,StandingStill
280,ReleasingGraspOfSomething,ReleasingGraspOfSomething,StandingStill
281,ReleasingGraspOfSomething,ReleasingGraspOfSomething,StandingStill
282,ReleasingGraspOfSomething,ReleasingGraspOfSomething,StandingStill
283,ReleasingGraspOfSomething,ReleasingGraspOfSomething,StandingStill
284,ReleasingGraspOfSomething,ReleasingGraspOfSomething,StandingStill
285,ReleasingGraspOfSomething,ReleasingGraspOfSomething,StandingStill
286,ReleasingGraspOfSomething,ReleasingGraspOfSomething,StandingStill
287,ReleasingGraspOfSomething,ReleasingGraspOfSomething,StandingStill
288,ReleasingGraspOfSomething,ReleasingGraspOfSomething,StandingStill
289,ReleasingGraspOfSomething,ReleasingGraspOfSomething,StandingStill
290,ReleasingGraspOfSomething,ReleasingGraspOfSomething,StandingStill
291,ReleasingGraspOfSomething,ReleasingGraspOfSomething,StandingStill
292,ReleasingGraspOfSomething,ReleasingGraspOfSomething,StandingStill
293,ReleasingGraspOfSomething,ReleasingGraspOfSomething,StandingStill
294,ReleasingGraspOfSomething,ReleasingGraspOfSomething,StandingStill
295,ReleasingGraspOfSomething,ReleasingGraspOfSomething,StandingStill
296,ReleasingGraspOfSomething,ReleasingGraspOfSomething,HumanWalkingProcess
297,ReleasingGraspOfSomething,ReleasingGraspOfSomething,HumanWalkingProcess
298,ReleasingGraspOfSomething,ReleasingGraspOfSomething,HumanWalkingProcess
299,ReleasingGraspOfSomething,ReleasingGraspOfSomething,HumanWalkingProcess
300,ReleasingGraspOfSomething,ReleasingGraspOfSomething,HumanWalkingProcess
301,CarryingWhileLocomoting,CarryingWhileLocomoting,HumanWalkingProcess
302,CarryingWhileLocomoting,CarryingWhileLocomoting,HumanWalkingProcess
303,CarryingWhileLocomoting,CarryingWhileLocomoting,HumanWalkingProcess
304,CarryingWhileLocomoting,CarryingWhileLocomoting,HumanWalkingProcess
305,CarryingWhileLocomoting,CarryingWhileLocomoting,HumanWalkingProcess
306,CarryingWhileLocomoting,CarryingWhileLocomoting,HumanWalkingProcess
307,CarryingWhileLocomoting,CarryingWhileLocomoting,HumanWalkingProcess
308,CarryingWhileLocomoting,CarryingWhileLocomoting,HumanWalkingProcess
309,CarryingWhileLocomoting,CarryingWhileLocomoting,HumanWalkingProcess
310,CarryingWhileLocomoting,CarryingWhileLocomoting,HumanWalkingProcess
311,CarryingWhileLocomoting,CarryingWhileLocomoting,HumanWalkingProcess
312,CarryingWhileLocomoting,CarryingWhileLocomoting,HumanWalkingProcess
313,CarryingWhileLocomoting,CarryingWhileLocomoting,HumanWalkingProcess
314,CarryingWhileLocomoting,CarryingWhileLocomoting,HumanWalkingProcess
315,CarryingWhileLocomoting,CarryingWhileLocomoting,HumanWalkingProcess
316,CarryingWhileLocomoting,CarryingWhileLocomoting,HumanWalkingProcess
317,CarryingWhileLocomoting,CarryingWhileLocomoting,HumanWalkingProcess
318,CarryingWhileLocomoting,CarryingWhileLocomoting,HumanWalkingProcess
319,CarryingWhileLocomoting,CarryingWhileLocomoting,HumanWalkingProcess
320,CarryingWhileLocomoting,CarryingWhileLocomoting,HumanWalkingProcess
321,CarryingWhileLocomoting,CarryingWhileLocomoting,HumanWalkingProcess
322,CarryingWhileLocomoting,CarryingWhileLocomoting,HumanWalkingProcess
323,CarryingWhileLocomoting,CarryingWhileLocomoting,HumanWalkingProcess
324,CarryingWhileLocomoting,CarryingWhileLocomoting,HumanWalkingProcess
325,CarryingWhileLocomoting,CarryingWhileLocomoting,HumanWalkingProcess
326,CarryingWhileLocomoting,CarryingWhileLocomoting,HumanWalkingProcess
327,CarryingWhileLocomoting,CarryingWhileLocomoting,HumanWalkingProcess
328,CarryingWhileLocomoting,CarryingWhileLocomoting,HumanWalkingProcess
329,CarryingWhileLocomoting,CarryingWhileLocomoting,HumanWalkingProcess
330,CarryingWhileLocomoting,CarryingWhileLocomoting,HumanWalkingProcess
331,CarryingWhileLocomoting,CarryingWhileLocomoting,HumanWalkingProcess
332,CarryingWhileLocomoting,CarryingWhileLocomoting,HumanWalkingProcess
333,CarryingWhileLocomoting,CarryingWhileLocomoting,HumanWalkingProcess
334,CarryingWhileLocomoting,CarryingWhileLocomoting,HumanWalkingProcess
335,CarryingWhileLocomoting,CarryingWhileLocomoting,HumanWalkingProcess
336,CarryingWhileLocomoting,CarryingWhileLocomoting,HumanWalkingProcess
337,CarryingWhileLocomoting,CarryingWhileLocomoting,HumanWalkingProcess
338,CarryingWhileLocomoting,CarryingWhileLocomoting,HumanWalkingProcess
339,CarryingWhileLocomoting,CarryingWhileLocomoting,HumanWalkingProcess
340,CarryingWhileLocomoting,CarryingWhileLocomoting,HumanWalkingProcess
341,CarryingWhileLocomoting,CarryingWhileLocomoting,HumanWalkingProcess
342,CarryingWhileLocomoting,CarryingWhileLocomoting,HumanWalkingProcess
343,CarryingWhileLocomoting,CarryingWhileLocomoting,HumanWalkingProcess
344,CarryingWhileLocomoting,Reaching,HumanWalkingProcess
345,CarryingWhileLocomoting,Reaching,HumanWalkingProcess
346,CarryingWhileLocomoting,Reaching,HumanWalkingProcess
347,CarryingWhileLocomoting,Reaching,HumanWalkingProcess
348,CarryingWhileLocomoting,Reaching,HumanWalkingProcess
349,CarryingWhileLocomoting,Reaching,HumanWalkingProcess
350,CarryingWhileLocomoting,Reaching,HumanWalkingProcess
351,CarryingWhileLocomoting,Reaching,HumanWalkingProcess
352,CarryingWhileLocomoting,Reaching,HumanWalkingProcess
353,CarryingWhileLocomoting,Reaching,HumanWalkingProcess
354,CarryingWhileLocomoting,Reaching,HumanWalkingProcess
355,CarryingWhileLocomoting,Reaching,HumanWalkingProcess
356,CarryingWhileLocomoting,Reaching,HumanWalkingProcess
357,CarryingWhileLocomoting,Reaching,HumanWalkingProcess
358,CarryingWhileLocomoting,Reaching,HumanWalkingProcess
359,CarryingWhileLocomoting,Reaching,HumanWalkingProcess
360,CarryingWhileLocomoting,OpeningADoor,HumanWalkingProcess
361,CarryingWhileLocomoting,OpeningADoor,StandingStill
362,CarryingWhileLocomoting,OpeningADoor,StandingStill
363,CarryingWhileLocomoting,OpeningADoor,StandingStill
364,CarryingWhileLocomoting,OpeningADoor,StandingStill
365,CarryingWhileLocomoting,OpeningADoor,StandingStill
366,CarryingWhileLocomoting,OpeningADoor,StandingStill
367,CarryingWhileLocomoting,OpeningADoor,StandingStill
368,CarryingWhileLocomoting,OpeningADoor,StandingStill
369,CarryingWhileLocomoting,OpeningADoor,StandingStill
370,CarryingWhileLocomoting,OpeningADoor,StandingStill
371,CarryingWhileLocomoting,OpeningADoor,StandingStill
372,CarryingWhileLocomoting,OpeningADoor,StandingStill
373,CarryingWhileLocomoting,OpeningADoor,StandingStill
374,CarryingWhileLocomoting,OpeningADoor,StandingStill
375,CarryingWhileLocomoting,OpeningADoor,StandingStill
376,CarryingWhileLocomoting,OpeningADoor,StandingStill
377,CarryingWhileLocomoting,OpeningADoor,StandingStill
378,CarryingWhileLocomoting,OpeningADoor,StandingStill
379,CarryingWhileLocomoting,OpeningADoor,StandingStill
380,CarryingWhileLocomoting,OpeningADoor,StandingStill
381,CarryingWhileLocomoting,Reaching,StandingStill
382,CarryingWhileLocomoting,Reaching,StandingStill
383,CarryingWhileLocomoting,Reaching,StandingStill
384,CarryingWhileLocomoting,Reaching,StandingStill
385,CarryingWhileLocomoting,Reaching,StandingStill
386,CarryingWhileLocomoting,Reaching,StandingStill
387,CarryingWhileLocomoting,Reaching,StandingStill
388,CarryingWhileLocomoting,Reaching,StandingStill
389,CarryingWhileLocomoting,Reaching,StandingStill
390,CarryingWhileLocomoting,TakingSomething,StandingStill
391,CarryingWhileLocomoting,TakingSomething,StandingStill
392,CarryingWhileLocomoting,TakingSomething,StandingStill
393,CarryingWhileLocomoting,TakingSomething,StandingStill
394,CarryingWhileLocomoting,TakingSomething,StandingStill
395,CarryingWhileLocomoting,TakingSomething,StandingStill
396,CarryingWhileLocomoting,TakingSomething,StandingStill
397,CarryingWhileLocomoting,TakingSomething,StandingStill
398,CarryingWhileLocomoting,TakingSomething,StandingStill
399,CarryingWhileLocomoting,TakingSomething,StandingStill
400,CarryingWhileLocomoting,TakingSomething,StandingStill
401,CarryingWhileLocomoting,TakingSomething,StandingStill
402,CarryingWhileLocomoting,TakingSomething,StandingStill
403,CarryingWhileLocomoting,TakingSomething,StandingStill
404,CarryingWhileLocomoting,TakingSomething,StandingStill
405,CarryingWhileLocomoting,TakingSomething,StandingStill
406,CarryingWhileLocomoting,TakingSomething,StandingStill
407,CarryingWhileLocomoting,TakingSomething,StandingStill
408,CarryingWhileLocomoting,TakingSomething,StandingStill
409,CarryingWhileLocomoting,TakingSomething,StandingStill
410,CarryingWhileLocomoting,TakingSomething,StandingStill
411,CarryingWhileLocomoting,TakingSomething,StandingStill
412,CarryingWhileLocomoting,TakingSomething,StandingStill
413,ClosingADoor,TakingSomething,StandingStill
414,ClosingADoor,TakingSomething,StandingStill
415,ClosingADoor,TakingSomething,StandingStill
416,ClosingADoor,TakingSomething,StandingStill
417,ClosingADoor,TakingSomething,StandingStill
418,ClosingADoor,TakingSomething,StandingStill
419,ClosingADoor,TakingSomething,StandingStill
420,ClosingADoor,TakingSomething,StandingStill
421,ClosingADoor,TakingSomething,StandingStill
422,ClosingADoor,TakingSomething,StandingStill
423,ClosingADoor,TakingSomething,StandingStill
424,ClosingADoor,TakingSomething,StandingStill
425,ClosingADoor,CarryingWhileLocomoting,StandingStill
426,ClosingADoor,CarryingWhileLocomoting,StandingStill
427,ClosingADoor,CarryingWhileLocomoting,StandingStill
428,ClosingADoor,CarryingWhileLocomoting,StandingStill
429,ClosingADoor,CarryingWhileLocomoting,StandingStill
430,ClosingADoor,CarryingWhileLocomoting,StandingStill
431,ClosingADoor,CarryingWhileLocomoting,StandingStill
432,ReleasingGraspOfSomething,CarryingWhileLocomoting,StandingStill
433,ReleasingGraspOfSomething,CarryingWhileLocomoting,StandingStill
434,ReleasingGraspOfSomething,CarryingWhileLocomoting,StandingStill
435,ReleasingGraspOfSomething,CarryingWhileLocomoting,StandingStill
436,ReleasingGraspOfSomething,CarryingWhileLocomoting,StandingStill
437,ReleasingGraspOfSomething,CarryingWhileLocomoting,StandingStill
438,ReleasingGraspOfSomething,CarryingWhileLocomoting,StandingStill
439,ReleasingGraspOfSomething,CarryingWhileLocomoting,StandingStill
440,ReleasingGraspOfSomething,CarryingWhileLocomoting,StandingStill
441,ReleasingGraspOfSomething,CarryingWhileLocomoting,StandingStill
442,ReleasingGraspOfSomething,CarryingWhileLocomoting,HumanWalkingProcess
443,ReleasingGraspOfSomething,CarryingWhileLocomoting,HumanWalkingProcess
444,ReleasingGraspOfSomething,CarryingWhileLocomoting,HumanWalkingProcess
445,CarryingWhileLocomoting,CarryingWhileLocomoting,HumanWalkingProcess
446,CarryingWhileLocomoting,CarryingWhileLocomoting,HumanWalkingProcess
447,CarryingWhileLocomoting,CarryingWhileLocomoting,HumanWalkingProcess
448,CarryingWhileLocomoting,CarryingWhileLocomoting,HumanWalkingProcess
449,CarryingWhileLocomoting,CarryingWhileLocomoting,HumanWalkingProcess
450,CarryingWhileLocomoting,CarryingWhileLocomoting,HumanWalkingProcess
451,CarryingWhileLocomoting,CarryingWhileLocomoting,HumanWalkingProcess
452,CarryingWhileLocomoting,CarryingWhileLocomoting,HumanWalkingProcess
453,CarryingWhileLocomoting,CarryingWhileLocomoting,HumanWalkingProcess
454,CarryingWhileLocomoting,CarryingWhileLocomoting,HumanWalkingProcess
455,CarryingWhileLocomoting,CarryingWhileLocomoting,HumanWalkingProcess
456,CarryingWhileLocomoting,CarryingWhileLocomoting,HumanWalkingProcess
457,CarryingWhileLocomoting,CarryingWhileLocomoting,HumanWalkingProcess
458,CarryingWhileLocomoting,CarryingWhileLocomoting,HumanWalkingProcess
459,CarryingWhileLocomoting,CarryingWhileLocomoting,HumanWalkingProcess
460,CarryingWhileLocomoting,CarryingWhileLocomoting,HumanWalkingProcess
461,CarryingWhileLocomoting,CarryingWhileLocomoting,HumanWalkingProcess
462,CarryingWhileLocomoting,CarryingWhileLocomoting,HumanWalkingProcess
463,CarryingWhileLocomoting,CarryingWhileLocomoting,HumanWalkingProcess
464,CarryingWhileLocomoting,CarryingWhileLocomoting,HumanWalkingProcess
465,CarryingWhileLocomoting,CarryingWhileLocomoting,HumanWalkingProcess
466,CarryingWhileLocomoting,CarryingWhileLocomoting,HumanWalkingProcess
467,CarryingWhileLocomoting,CarryingWhileLocomoting,HumanWalkingProcess
468,CarryingWhileLocomoting,CarryingWhileLocomoting,HumanWalkingProcess
469,CarryingWhileLocomoting,CarryingWhileLocomoting,HumanWalkingProcess
470,CarryingWhileLocomoting,CarryingWhileLocomoting,HumanWalkingProcess
471,CarryingWhileLocomoting,CarryingWhileLocomoting,HumanWalkingProcess
472,CarryingWhileLocomoting,CarryingWhileLocomoting,HumanWalkingProcess
473,CarryingWhileLocomoting,CarryingWhileLocomoting,HumanWalkingProcess
474,CarryingWhileLocomoting,CarryingWhileLocomoting,HumanWalkingProcess
475,CarryingWhileLocomoting,CarryingWhileLocomoting,HumanWalkingProcess
476,CarryingWhileLocomoting,CarryingWhileLocomoting,HumanWalkingProcess
477,CarryingWhileLocomoting,CarryingWhileLocomoting,HumanWalkingProcess
478,CarryingWhileLocomoting,CarryingWhileLocomoting,HumanWalkingProcess
479,CarryingWhileLocomoting,CarryingWhileLocomoting,HumanWalkingProcess
480,CarryingWhileLocomoting,CarryingWhileLocomoting,HumanWalkingProcess
481,CarryingWhileLocomoting,CarryingWhileLocomoting,HumanWalkingProcess
482,CarryingWhileLocomoting,CarryingWhileLocomoting,HumanWalkingProcess
483,CarryingWhileLocomoting,CarryingWhileLocomoting,HumanWalkingProcess
484,CarryingWhileLocomoting,CarryingWhileLocomoting,HumanWalkingProcess
485,CarryingWhileLocomoting,CarryingWhileLocomoting,HumanWalkingProcess
486,CarryingWhileLocomoting,CarryingWhileLocomoting,HumanWalkingProcess
487,CarryingWhileLocomoting,CarryingWhileLocomoting,HumanWalkingProcess
488,CarryingWhileLocomoting,CarryingWhileLocomoting,HumanWalkingProcess
489,CarryingWhileLocomoting,CarryingWhileLocomoting,HumanWalkingProcess
490,CarryingWhileLocomoting,CarryingWhileLocomoting,HumanWalkingProcess
491,CarryingWhileLocomoting,CarryingWhileLocomoting,HumanWalkingProcess
492,CarryingWhileLocomoting,CarryingWhileLocomoting,HumanWalkingProcess
493,CarryingWhileLocomoting,CarryingWhileLocomoting,HumanWalkingProcess
494,CarryingWhileLocomoting,CarryingWhileLocomoting,HumanWalkingProcess
495,CarryingWhileLocomoting,CarryingWhileLocomoting,HumanWalkingProcess
496,LoweringAnObject,LoweringAnObject,HumanWalkingProcess
497,LoweringAnObject,LoweringAnObject,HumanWalkingProcess
498,LoweringAnObject,LoweringAnObject,HumanWalkingProcess
499,LoweringAnObject,LoweringAnObject,StandingStill
500,LoweringAnObject,LoweringAnObject,StandingStill
501,LoweringAnObject,LoweringAnObject,StandingStill
502,LoweringAnObject,LoweringAnObject,StandingStill
503,LoweringAnObject,LoweringAnObject,StandingStill
504,LoweringAnObject,LoweringAnObject,StandingStill
505,LoweringAnObject,LoweringAnObject,StandingStill
506,LoweringAnObject,LoweringAnObject,StandingStill
507,LoweringAnObject,LoweringAnObject,StandingStill
508,LoweringAnObject,LoweringAnObject,StandingStill
509,LoweringAnObject,LoweringAnObject,StandingStill
510,LoweringAnObject,LoweringAnObject,StandingStill
511,LoweringAnObject,LoweringAnObject,StandingStill
512,LoweringAnObject,LoweringAnObject,StandingStill
513,LoweringAnObject,LoweringAnObject,StandingStill
514,LoweringAnObject,LoweringAnObject,StandingStill
515,LoweringAnObject,LoweringAnObject,StandingStill
516,LoweringAnObject,LoweringAnObject,StandingStill
517,LoweringAnObject,LoweringAnObject,StandingStill
518,ReleasingGraspOfSomething,ReleasingGraspOfSomething,StandingStill
519,ReleasingGraspOfSomething,ReleasingGraspOfSomething,StandingStill
520,ReleasingGraspOfSomething,ReleasingGraspOfSomething,StandingStill
521,ReleasingGraspOfSomething,ReleasingGraspOfSomething,StandingStill
522,ReleasingGraspOfSomething,ReleasingGraspOfSomething,StandingStill
523,ReleasingGraspOfSomething,ReleasingGraspOfSomething,StandingStill
524,ReleasingGraspOfSomething,ReleasingGraspOfSomething,StandingStill
525,ReleasingGraspOfSomething,ReleasingGraspOfSomething,StandingStill
526,ReleasingGraspOfSomething,ReleasingGraspOfSomething,StandingStill
527,ReleasingGraspOfSomething,ReleasingGraspOfSomething,StandingStill
528,ReleasingGraspOfSomething,ReleasingGraspOfSomething,StandingStill
529,ReleasingGraspOfSomething,ReleasingGraspOfSomething,StandingStill
530,ReleasingGraspOfSomething,ReleasingGraspOfSomething,StandingStill
531,ReleasingGraspOfSomething,ReleasingGraspOfSomething,StandingStill
532,ReleasingGraspOfSomething,ReleasingGraspOfSomething,StandingStill
533,ReleasingGraspOfSomething,ReleasingGraspOfSomething,StandingStill
534,ReleasingGraspOfSomething,ReleasingGraspOfSomething,StandingStill
535,ReleasingGraspOfSomething,ReleasingGraspOfSomething,StandingStill
536,ReleasingGraspOfSomething,ReleasingGraspOfSomething,StandingStill
537,ReleasingGraspOfSomething,ReleasingGraspOfSomething,StandingStill
538,ReleasingGraspOfSomething,ReleasingGraspOfSomething,StandingStill
539,ReleasingGraspOfSomething,ReleasingGraspOfSomething,StandingStill
540,ReleasingGraspOfSomething,ReleasingGraspOfSomething,StandingStill
541,ReleasingGraspOfSomething,ReleasingGraspOfSomething,StandingStill
542,ReleasingGraspOfSomething,ReleasingGraspOfSomething,StandingStill
543,CarryingWhileLocomoting,CarryingWhileLocomoting,StandingStill
544,CarryingWhileLocomoting,CarryingWhileLocomoting,HumanWalkingProcess
545,CarryingWhileLocomoting,CarryingWhileLocomoting,HumanWalkingProcess
546,CarryingWhileLocomoting,CarryingWhileLocomoting,HumanWalkingProcess
547,CarryingWhileLocomoting,CarryingWhileLocomoting,HumanWalkingProcess
548,CarryingWhileLocomoting,CarryingWhileLocomoting,HumanWalkingProcess
549,CarryingWhileLocomoting,CarryingWhileLocomoting,HumanWalkingProcess
550,CarryingWhileLocomoting,CarryingWhileLocomoting,HumanWalkingProcess
551,CarryingWhileLocomoting,CarryingWhileLocomoting,HumanWalkingProcess
552,CarryingWhileLocomoting,CarryingWhileLocomoting,HumanWalkingProcess
553,CarryingWhileLocomoting,CarryingWhileLocomoting,HumanWalkingProcess
554,CarryingWhileLocomoting,CarryingWhileLocomoting,HumanWalkingProcess
555,CarryingWhileLocomoting,CarryingWhileLocomoting,HumanWalkingProcess
556,CarryingWhileLocomoting,CarryingWhileLocomoting,HumanWalkingProcess
557,CarryingWhileLocomoting,CarryingWhileLocomoting,HumanWalkingProcess
558,CarryingWhileLocomoting,CarryingWhileLocomoting,HumanWalkingProcess
559,CarryingWhileLocomoting,CarryingWhileLocomoting,HumanWalkingProcess
560,CarryingWhileLocomoting,CarryingWhileLocomoting,HumanWalkingProcess
561,CarryingWhileLocomoting,CarryingWhileLocomoting,HumanWalkingProcess
562,CarryingWhileLocomoting,CarryingWhileLocomoting,HumanWalkingProcess
563,CarryingWhileLocomoting,CarryingWhileLocomoting,HumanWalkingProcess
564,CarryingWhileLocomoting,CarryingWhileLocomoting,HumanWalkingProcess
565,CarryingWhileLocomoting,CarryingWhileLocomoting,HumanWalkingProcess
566,CarryingWhileLocomoting,CarryingWhileLocomoting,HumanWalkingProcess
567,CarryingWhileLocomoting,CarryingWhileLocomoting,HumanWalkingProcess
568,CarryingWhileLocomoting,CarryingWhileLocomoting,HumanWalkingProcess
569,CarryingWhileLocomoting,CarryingWhileLocomoting,HumanWalkingProcess
570,CarryingWhileLocomoting,CarryingWhileLocomoting,HumanWalkingProcess
571,CarryingWhileLocomoting,CarryingWhileLocomoting,HumanWalkingProcess
572,CarryingWhileLocomoting,CarryingWhileLocomoting,HumanWalkingProcess
573,CarryingWhileLocomoting,CarryingWhileLocomoting,HumanWalkingProcess
574,CarryingWhileLocomoting,CarryingWhileLocomoting,HumanWalkingProcess
575,CarryingWhileLocomoting,CarryingWhileLocomoting,HumanWalkingProcess
576,CarryingWhileLocomoting,CarryingWhileLocomoting,HumanWalkingProcess
577,CarryingWhileLocomoting,CarryingWhileLocomoting,HumanWalkingProcess
578,CarryingWhileLocomoting,CarryingWhileLocomoting,HumanWalkingProcess
579,CarryingWhileLocomoting,CarryingWhileLocomoting,HumanWalkingProcess
580,CarryingWhileLocomoting,CarryingWhileLocomoting,HumanWalkingProcess
581,CarryingWhileLocomoting,CarryingWhileLocomoting,HumanWalkingProcess
582,CarryingWhileLocomoting,CarryingWhileLocomoting,HumanWalkingProcess
583,CarryingWhileLocomoting,CarryingWhileLocomoting,HumanWalkingProcess
584,CarryingWhileLocomoting,CarryingWhileLocomoting,HumanWalkingProcess
585,CarryingWhileLocomoting,CarryingWhileLocomoting,HumanWalkingProcess
586,CarryingWhileLocomoting,CarryingWhileLocomoting,HumanWalkingProcess
587,CarryingWhileLocomoting,CarryingWhileLocomoting,HumanWalkingProcess
588,CarryingWhileLocomoting,CarryingWhileLocomoting,HumanWalkingProcess
589,CarryingWhileLocomoting,CarryingWhileLocomoting,HumanWalkingProcess
590,CarryingWhileLocomoting,CarryingWhileLocomoting,HumanWalkingProcess
591,CarryingWhileLocomoting,CarryingWhileLocomoting,HumanWalkingProcess
592,CarryingWhileLocomoting,CarryingWhileLocomoting,HumanWalkingProcess
593,CarryingWhileLocomoting,CarryingWhileLocomoting,HumanWalkingProcess
594,CarryingWhileLocomoting,CarryingWhileLocomoting,HumanWalkingProcess
595,CarryingWhileLocomoting,CarryingWhileLocomoting,HumanWalkingProcess
596,CarryingWhileLocomoting,CarryingWhileLocomoting,HumanWalkingProcess
597,CarryingWhileLocomoting,CarryingWhileLocomoting,HumanWalkingProcess
598,CarryingWhileLocomoting,CarryingWhileLocomoting,HumanWalkingProcess
599,Reaching,CarryingWhileLocomoting,HumanWalkingProcess
600,Reaching,CarryingWhileLocomoting,HumanWalkingProcess
601,Reaching,CarryingWhileLocomoting,HumanWalkingProcess
602,Reaching,CarryingWhileLocomoting,HumanWalkingProcess
603,Reaching,CarryingWhileLocomoting,HumanWalkingProcess
604,Reaching,CarryingWhileLocomoting,HumanWalkingProcess
605,Reaching,CarryingWhileLocomoting,HumanWalkingProcess
606,Reaching,CarryingWhileLocomoting,HumanWalkingProcess
607,Reaching,CarryingWhileLocomoting,HumanWalkingProcess
608,Reaching,CarryingWhileLocomoting,HumanWalkingProcess
609,Reaching,CarryingWhileLocomoting,HumanWalkingProcess
610,Reaching,CarryingWhileLocomoting,HumanWalkingProcess
611,Reaching,CarryingWhileLocomoting,HumanWalkingProcess
612,Reaching,CarryingWhileLocomoting,HumanWalkingProcess
613,Reaching,CarryingWhileLocomoting,HumanWalkingProcess
614,Reaching,CarryingWhileLocomoting,HumanWalkingProcess
615,OpeningADrawer,Reaching,HumanWalkingProcess
616,OpeningADrawer,Reaching,HumanWalkingProcess
617,OpeningADrawer,Reaching,HumanWalkingProcess
618,OpeningADrawer,Reaching,HumanWalkingProcess
619,OpeningADrawer,Reaching,HumanWalkingProcess
620,OpeningADrawer,Reaching,HumanWalkingProcess
621,OpeningADrawer,Reaching,HumanWalkingProcess
622,OpeningADrawer,Reaching,StandingStill
623,OpeningADrawer,Reaching,StandingStill
624,OpeningADrawer,Reaching,StandingStill
625,OpeningADrawer,Reaching,StandingStill
626,OpeningADrawer,Reaching,StandingStill
627,OpeningADrawer,Reaching,StandingStill
628,OpeningADrawer,Reaching,StandingStill
629,OpeningADrawer,Reaching,StandingStill
630,OpeningADrawer,Reaching,StandingStill
631,OpeningADrawer,Reaching,StandingStill
632,OpeningADrawer,Reaching,StandingStill
633,OpeningADrawer,CarryingWhileLocomoting,StandingStill
634,Reaching,CarryingWhileLocomoting,StandingStill
635,Reaching,CarryingWhileLocomoting,StandingStill
636,Reaching,CarryingWhileLocomoting,StandingStill
637,Reaching,CarryingWhileLocomoting,StandingStill
638,Reaching,CarryingWhileLocomoting,StandingStill
639,Reaching,CarryingWhileLocomoting,StandingStill
640,Reaching,CarryingWhileLocomoting,StandingStill
641,Reaching,CarryingWhileLocomoting,StandingStill
642,Reaching,CarryingWhileLocomoting,StandingStill
643,Reaching,CarryingWhileLocomoting,StandingStill
644,Reaching,CarryingWhileLocomoting,StandingStill
645,Reaching,CarryingWhileLocomoting,StandingStill
646,TakingSomething,CarryingWhileLocomoting,StandingStill
647,TakingSomething,CarryingWhileLocomoting,StandingStill
648,TakingSomething,ClosingADrawer,StandingStill
649,TakingSomething,ClosingADrawer,StandingStill
650,TakingSomething,ClosingADrawer,StandingStill
651,TakingSomething,ClosingADrawer,StandingStill
652,TakingSomething,ClosingADrawer,StandingStill
653,TakingSomething,ClosingADrawer,StandingStill
654,TakingSomething,ClosingADrawer,StandingStill
655,TakingSomething,ClosingADrawer,StandingStill
656,TakingSomething,ClosingADrawer,StandingStill
657,TakingSomething,ClosingADrawer,StandingStill
658,TakingSomething,ClosingADrawer,StandingStill
659,TakingSomething,ClosingADrawer,StandingStill
660,TakingSomething,ClosingADrawer,StandingStill
661,TakingSomething,ClosingADrawer,StandingStill
662,TakingSomething,ClosingADrawer,StandingStill
663,TakingSomething,ClosingADrawer,StandingStill
664,TakingSomething,ClosingADrawer,StandingStill
665,TakingSomething,ClosingADrawer,StandingStill
666,TakingSomething,ClosingADrawer,StandingStill
667,CarryingWhileLocomoting,ClosingADrawer,StandingStill
668,CarryingWhileLocomoting,ClosingADrawer,StandingStill
669,CarryingWhileLocomoting,ClosingADrawer,StandingStill
670,CarryingWhileLocomoting,ClosingADrawer,StandingStill
671,CarryingWhileLocomoting,ClosingADrawer,StandingStill
672,CarryingWhileLocomoting,ClosingADrawer,HumanWalkingProcess
673,CarryingWhileLocomoting,ClosingADrawer,HumanWalkingProcess
674,CarryingWhileLocomoting,ClosingADrawer,HumanWalkingProcess
675,CarryingWhileLocomoting,ClosingADrawer,HumanWalkingProcess
676,CarryingWhileLocomoting,ReleasingGraspOfSomething,HumanWalkingProcess
677,CarryingWhileLocomoting,ReleasingGraspOfSomething,HumanWalkingProcess
678,CarryingWhileLocomoting,ReleasingGraspOfSomething,HumanWalkingProcess
679,CarryingWhileLocomoting,ReleasingGraspOfSomething,HumanWalkingProcess
680,CarryingWhileLocomoting,ReleasingGraspOfSomething,HumanWalkingProcess
681,CarryingWhileLocomoting,ReleasingGraspOfSomething,HumanWalkingProcess
682,CarryingWhileLocomoting,ReleasingGraspOfSomething,HumanWalkingProcess
683,CarryingWhileLocomoting,ReleasingGraspOfSomething,HumanWalkingProcess
684,CarryingWhileLocomoting,ReleasingGraspOfSomething,HumanWalkingProcess
685,CarryingWhileLocomoting,ReleasingGraspOfSomething,HumanWalkingProcess
686,CarryingWhileLocomoting,ReleasingGraspOfSomething,HumanWalkingProcess
687,CarryingWhileLocomoting,ReleasingGraspOfSomething,HumanWalkingProcess
688,CarryingWhileLocomoting,ReleasingGraspOfSomething,HumanWalkingProcess
689,CarryingWhileLocomoting,ReleasingGraspOfSomething,HumanWalkingProcess
690,CarryingWhileLocomoting,ReleasingGraspOfSomething,HumanWalkingProcess
691,CarryingWhileLocomoting,ReleasingGraspOfSomething,HumanWalkingProcess
692,CarryingWhileLocomoting,ReleasingGraspOfSomething,HumanWalkingProcess
693,CarryingWhileLocomoting,ReleasingGraspOfSomething,HumanWalkingProcess
694,CarryingWhileLocomoting,ReleasingGraspOfSomething,HumanWalkingProcess
695,CarryingWhileLocomoting,ReleasingGraspOfSomething,HumanWalkingProcess
696,CarryingWhileLocomoting,ReleasingGraspOfSomething,HumanWalkingProcess
697,CarryingWhileLocomoting,ReleasingGraspOfSomething,HumanWalkingProcess
698,CarryingWhileLocomoting,ReleasingGraspOfSomething,HumanWalkingProcess
699,CarryingWhileLocomoting,ReleasingGraspOfSomething,HumanWalkingProcess
700,CarryingWhileLocomoting,CarryingWhileLocomoting,HumanWalkingProcess
701,CarryingWhileLocomoting,CarryingWhileLocomoting,HumanWalkingProcess
702,CarryingWhileLocomoting,CarryingWhileLocomoting,HumanWalkingProcess
703,CarryingWhileLocomoting,CarryingWhileLocomoting,HumanWalkingProcess
704,CarryingWhileLocomoting,CarryingWhileLocomoting,HumanWalkingProcess
705,CarryingWhileLocomoting,CarryingWhileLocomoting,HumanWalkingProcess
706,CarryingWhileLocomoting,CarryingWhileLocomoting,HumanWalkingProcess
707,CarryingWhileLocomoting,CarryingWhileLocomoting,HumanWalkingProcess
708,CarryingWhileLocomoting,CarryingWhileLocomoting,HumanWalkingProcess
709,CarryingWhileLocomoting,CarryingWhileLocomoting,HumanWalkingProcess
710,CarryingWhileLocomoting,CarryingWhileLocomoting,HumanWalkingProcess
711,CarryingWhileLocomoting,CarryingWhileLocomoting,HumanWalkingProcess
712,CarryingWhileLocomoting,CarryingWhileLocomoting,HumanWalkingProcess
713,CarryingWhileLocomoting,CarryingWhileLocomoting,HumanWalkingProcess
714,CarryingWhileLocomoting,CarryingWhileLocomoting,HumanWalkingProcess
715,CarryingWhileLocomoting,CarryingWhileLocomoting,HumanWalkingProcess
716,CarryingWhileLocomoting,CarryingWhileLocomoting,HumanWalkingProcess
717,CarryingWhileLocomoting,CarryingWhileLocomoting,HumanWalkingProcess
718,CarryingWhileLocomoting,CarryingWhileLocomoting,HumanWalkingProcess
719,CarryingWhileLocomoting,CarryingWhileLocomoting,HumanWalkingProcess
720,LoweringAnObject,CarryingWhileLocomoting,HumanWalkingProcess
721,LoweringAnObject,CarryingWhileLocomoting,HumanWalkingProcess
722,LoweringAnObject,CarryingWhileLocomoting,HumanWalkingProcess
723,LoweringAnObject,CarryingWhileLocomoting,HumanWalkingProcess
724,LoweringAnObject,CarryingWhileLocomoting,HumanWalkingProcess
725,LoweringAnObject,CarryingWhileLocomoting,HumanWalkingProcess
726,LoweringAnObject,CarryingWhileLocomoting,HumanWalkingProcess
727,LoweringAnObject,CarryingWhileLocomoting,HumanWalkingProcess
728,LoweringAnObject,CarryingWhileLocomoting,HumanWalkingProcess
729,LoweringAnObject,CarryingWhileLocomoting,StandingStill
730,LoweringAnObject,CarryingWhileLocomoting,StandingStill
731,LoweringAnObject,CarryingWhileLocomoting,StandingStill
732,LoweringAnObject,CarryingWhileLocomoting,StandingStill
733,LoweringAnObject,CarryingWhileLocomoting,StandingStill
734,LoweringAnObject,CarryingWhileLocomoting,StandingStill
735,LoweringAnObject,CarryingWhileLocomoting,StandingStill
736,LoweringAnObject,CarryingWhileLocomoting,StandingStill
737,LoweringAnObject,CarryingWhileLocomoting,StandingStill
738,LoweringAnObject,CarryingWhileLocomoting,StandingStill
739,LoweringAnObject,CarryingWhileLocomoting,StandingStill
740,ReleasingGraspOfSomething,CarryingWhileLocomoting,StandingStill
741,ReleasingGraspOfSomething,CarryingWhileLocomoting,StandingStill
742,ReleasingGraspOfSomething,CarryingWhileLocomoting,StandingStill
743,ReleasingGraspOfSomething,CarryingWhileLocomoting,StandingStill
744,ReleasingGraspOfSomething,CarryingWhileLocomoting,StandingStill
745,ReleasingGraspOfSomething,CarryingWhileLocomoting,StandingStill
746,ReleasingGraspOfSomething,CarryingWhileLocomoting,StandingStill
747,ReleasingGraspOfSomething,CarryingWhileLocomoting,StandingStill
748,ReleasingGraspOfSomething,CarryingWhileLocomoting,StandingStill
749,ReleasingGraspOfSomething,CarryingWhileLocomoting,StandingStill
750,ReleasingGraspOfSomething,CarryingWhileLocomoting,StandingStill
751,ReleasingGraspOfSomething,CarryingWhileLocomoting,StandingStill
752,ReleasingGraspOfSomething,CarryingWhileLocomoting,StandingStill
753,ReleasingGraspOfSomething,CarryingWhileLocomoting,StandingStill
754,ReleasingGraspOfSomething,CarryingWhileLocomoting,StandingStill
755,ReleasingGraspOfSomething,CarryingWhileLocomoting,StandingStill
756,ReleasingGraspOfSomething,CarryingWhileLocomoting,HumanWalkingProcess
757,ReleasingGraspOfSomething,CarryingWhileLocomoting,HumanWalkingProcess
758,ReleasingGraspOfSomething,CarryingWhileLocomoting,HumanWalkingProcess
759,ReleasingGraspOfSomething,CarryingWhileLocomoting,HumanWalkingProcess
760,CarryingWhileLocomoting,CarryingWhileLocomoting,HumanWalkingProcess
761,CarryingWhileLocomoting,CarryingWhileLocomoting,HumanWalkingProcess
762,CarryingWhileLocomoting,CarryingWhileLocomoting,HumanWalkingProcess
763,CarryingWhileLocomoting,CarryingWhileLocomoting,HumanWalkingProcess
764,CarryingWhileLocomoting,CarryingWhileLocomoting,HumanWalkingProcess
765,CarryingWhileLocomoting,CarryingWhileLocomoting,HumanWalkingProcess
766,CarryingWhileLocomoting,CarryingWhileLocomoting,HumanWalkingProcess
767,CarryingWhileLocomoting,CarryingWhileLocomoting,HumanWalkingProcess
768,CarryingWhileLocomoting,CarryingWhileLocomoting,HumanWalkingProcess
769,CarryingWhileLocomoting,CarryingWhileLocomoting,HumanWalkingProcess
770,CarryingWhileLocomoting,CarryingWhileLocomoting,HumanWalkingProcess
771,CarryingWhileLocomoting,CarryingWhileLocomoting,HumanWalkingProcess
772,CarryingWhileLocomoting,CarryingWhileLocomoting,HumanWalkingProcess
773,CarryingWhileLocomoting,CarryingWhileLocomoting,HumanWalkingProcess
774,CarryingWhileLocomoting,CarryingWhileLocomoting,HumanWalkingProcess
775,CarryingWhileLocomoting,CarryingWhileLocomoting,HumanWalkingProcess
776,CarryingWhileLocomoting,CarryingWhileLocomoting,HumanWalkingProcess
777,CarryingWhileLocomoting,CarryingWhileLocomoting,HumanWalkingProcess
778,CarryingWhileLocomoting,CarryingWhileLocomoting,HumanWalkingProcess
779,CarryingWhileLocomoting,CarryingWhileLocomoting,HumanWalkingProcess
780,CarryingWhileLocomoting,CarryingWhileLocomoting,HumanWalkingProcess
781,CarryingWhileLocomoting,CarryingWhileLocomoting,HumanWalkingProcess
782,CarryingWhileLocomoting,CarryingWhileLocomoting,HumanWalkingProcess
783,CarryingWhileLocomoting,CarryingWhileLocomoting,HumanWalkingProcess
784,CarryingWhileLocomoting,CarryingWhileLocomoting,HumanWalkingProcess
785,CarryingWhileLocomoting,CarryingWhileLocomoting,HumanWalkingProcess
786,CarryingWhileLocomoting,CarryingWhileLocomoting,HumanWalkingProcess
787,CarryingWhileLocomoting,CarryingWhileLocomoting,HumanWalkingProcess
788,Reaching,CarryingWhileLocomoting,HumanWalkingProcess
789,Reaching,CarryingWhileLocomoting,HumanWalkingProcess
790,Reaching,CarryingWhileLocomoting,HumanWalkingProcess
791,Reaching,CarryingWhileLocomoting,HumanWalkingProcess
792,Reaching,CarryingWhileLocomoting,HumanWalkingProcess
793,Reaching,CarryingWhileLocomoting,HumanWalkingProcess
794,Reaching,CarryingWhileLocomoting,HumanWalkingProcess
795,Reaching,CarryingWhileLocomoting,HumanWalkingProcess
796,Reaching,CarryingWhileLocomoting,HumanWalkingProcess
797,Reaching,CarryingWhileLocomoting,HumanWalkingProcess
798,Reaching,Reaching,HumanWalkingProcess
799,Reaching,Reaching,HumanWalkingProcess
800,Reaching,Reaching,HumanWalkingProcess
801,Reaching,Reaching,StandingStill
802,Reaching,Reaching,StandingStill
803,OpeningADrawer,Reaching,StandingStill
804,OpeningADrawer,Reaching,StandingStill
805,OpeningADrawer,Reaching,StandingStill
806,OpeningADrawer,Reaching,StandingStill
807,OpeningADrawer,Reaching,StandingStill
808,OpeningADrawer,Reaching,StandingStill
809,OpeningADrawer,Reaching,StandingStill
810,OpeningADrawer,Reaching,StandingStill
811,OpeningADrawer,Reaching,StandingStill
812,OpeningADrawer,Reaching,StandingStill
813,OpeningADrawer,Reaching,StandingStill
814,OpeningADrawer,Reaching,StandingStill
815,OpeningADrawer,CarryingWhileLocomoting,StandingStill
816,OpeningADrawer,CarryingWhileLocomoting,StandingStill
817,OpeningADrawer,CarryingWhileLocomoting,StandingStill
818,Reaching,CarryingWhileLocomoting,StandingStill
819,Reaching,CarryingWhileLocomoting,StandingStill
820,Reaching,CarryingWhileLocomoting,StandingStill
821,Reaching,CarryingWhileLocomoting,StandingStill
822,Reaching,CarryingWhileLocomoting,StandingStill
823,Reaching,CarryingWhileLocomoting,StandingStill
824,Reaching,CarryingWhileLocomoting,StandingStill
825,Reaching,CarryingWhileLocomoting,StandingStill
826,Reaching,CarryingWhileLocomoting,StandingStill
827,Reaching,CarryingWhileLocomoting,StandingStill
828,Reaching,CarryingWhileLocomoting,StandingStill
829,Reaching,CarryingWhileLocomoting,StandingStill
830,TakingSomething,CarryingWhileLocomoting,StandingStill
831,TakingSomething,ClosingADoor,StandingStill
832,TakingSomething,ClosingADoor,StandingStill
833,TakingSomething,ClosingADoor,StandingStill
834,TakingSomething,ClosingADoor,StandingStill
835,TakingSomething,ClosingADoor,StandingStill
836,TakingSomething,ClosingADoor,StandingStill
837,TakingSomething,ClosingADoor,StandingStill
838,TakingSomething,ClosingADoor,StandingStill
839,TakingSomething,ClosingADoor,StandingStill
840,TakingSomething,ClosingADoor,StandingStill
841,TakingSomething,ClosingADoor,StandingStill
842,TakingSomething,ClosingADoor,StandingStill
843,TakingSomething,ClosingADoor,StandingStill
844,TakingSomething,ClosingADoor,StandingStill
845,TakingSomething,ClosingADoor,StandingStill
846,TakingSomething,ClosingADoor,StandingStill
847,TakingSomething,ClosingADoor,StandingStill
848,TakingSomething,ClosingADoor,StandingStill
849,TakingSomething,ClosingADoor,StandingStill
850,TakingSomething,ClosingADoor,StandingStill
851,TakingSomething,ClosingADoor,StandingStill
852,CarryingWhileLocomoting,ClosingADoor,StandingStill
853,CarryingWhileLocomoting,ClosingADoor,StandingStill
854,CarryingWhileLocomoting,ClosingADoor,StandingStill
855,CarryingWhileLocomoting,ClosingADoor,HumanWalkingProcess
856,CarryingWhileLocomoting,ClosingADoor,HumanWalkingProcess
857,CarryingWhileLocomoting,ClosingADoor,HumanWalkingProcess
858,CarryingWhileLocomoting,ReleasingGraspOfSomething,HumanWalkingProcess
859,CarryingWhileLocomoting,ReleasingGraspOfSomething,HumanWalkingProcess
860,CarryingWhileLocomoting,ReleasingGraspOfSomething,HumanWalkingProcess
861,CarryingWhileLocomoting,ReleasingGraspOfSomething,HumanWalkingProcess
862,CarryingWhileLocomoting,ReleasingGraspOfSomething,HumanWalkingProcess
863,CarryingWhileLocomoting,ReleasingGraspOfSomething,HumanWalkingProcess
864,CarryingWhileLocomoting,ReleasingGraspOfSomething,HumanWalkingProcess
865,CarryingWhileLocomoting,ReleasingGraspOfSomething,HumanWalkingProcess
866,CarryingWhileLocomoting,ReleasingGraspOfSomething,HumanWalkingProcess
867,CarryingWhileLocomoting,ReleasingGraspOfSomething,HumanWalkingProcess
868,CarryingWhileLocomoting,ReleasingGraspOfSomething,HumanWalkingProcess
869,CarryingWhileLocomoting,ReleasingGraspOfSomething,HumanWalkingProcess
870,CarryingWhileLocomoting,ReleasingGraspOfSomething,HumanWalkingProcess
871,CarryingWhileLocomoting,CarryingWhileLocomoting,HumanWalkingProcess
872,CarryingWhileLocomoting,CarryingWhileLocomoting,HumanWalkingProcess
873,CarryingWhileLocomoting,CarryingWhileLocomoting,HumanWalkingProcess
874,CarryingWhileLocomoting,CarryingWhileLocomoting,HumanWalkingProcess
875,CarryingWhileLocomoting,CarryingWhileLocomoting,HumanWalkingProcess
876,CarryingWhileLocomoting,CarryingWhileLocomoting,HumanWalkingProcess
877,CarryingWhileLocomoting,CarryingWhileLocomoting,HumanWalkingProcess
878,CarryingWhileLocomoting,CarryingWhileLocomoting,HumanWalkingProcess
879,CarryingWhileLocomoting,CarryingWhileLocomoting,HumanWalkingProcess
880,CarryingWhileLocomoting,CarryingWhileLocomoting,HumanWalkingProcess
881,CarryingWhileLocomoting,CarryingWhileLocomoting,HumanWalkingProcess
882,CarryingWhileLocomoting,CarryingWhileLocomoting,HumanWalkingProcess
883,CarryingWhileLocomoting,CarryingWhileLocomoting,HumanWalkingProcess
884,CarryingWhileLocomoting,CarryingWhileLocomoting,HumanWalkingProcess
885,CarryingWhileLocomoting,CarryingWhileLocomoting,HumanWalkingProcess
886,CarryingWhileLocomoting,CarryingWhileLocomoting,HumanWalkingProcess
887,CarryingWhileLocomoting,CarryingWhileLocomoting,HumanWalkingProcess
888,CarryingWhileLocomoting,CarryingWhileLocomoting,HumanWalkingProcess
889,CarryingWhileLocomoting,LoweringAnObject,HumanWalkingProcess
890,CarryingWhileLocomoting,LoweringAnObject,HumanWalkingProcess
891,CarryingWhileLocomoting,LoweringAnObject,HumanWalkingProcess
892,CarryingWhileLocomoting,LoweringAnObject,HumanWalkingProcess
893,CarryingWhileLocomoting,LoweringAnObject,HumanWalkingProcess
894,CarryingWhileLocomoting,LoweringAnObject,HumanWalkingProcess
895,CarryingWhileLocomoting,LoweringAnObject,HumanWalkingProcess
896,CarryingWhileLocomoting,LoweringAnObject,HumanWalkingProcess
897,CarryingWhileLocomoting,LoweringAnObject,HumanWalkingProcess
898,CarryingWhileLocomoting,LoweringAnObject,HumanWalkingProcess
899,CarryingWhileLocomoting,LoweringAnObject,StandingStill
900,CarryingWhileLocomoting,LoweringAnObject,StandingStill
901,CarryingWhileLocomoting,LoweringAnObject,StandingStill
902,CarryingWhileLocomoting,LoweringAnObject,StandingStill
903,CarryingWhileLocomoting,LoweringAnObject,StandingStill
904,CarryingWhileLocomoting,LoweringAnObject,StandingStill
905,CarryingWhileLocomoting,LoweringAnObject,StandingStill
906,CarryingWhileLocomoting,LoweringAnObject,StandingStill
907,CarryingWhileLocomoting,LoweringAnObject,StandingStill
908,CarryingWhileLocomoting,LoweringAnObject,StandingStill
909,CarryingWhileLocomoting,LoweringAnObject,StandingStill
910,CarryingWhileLocomoting,LoweringAnObject,StandingStill
911,CarryingWhileLocomoting,LoweringAnObject,StandingStill
912,CarryingWhileLocomoting,LoweringAnObject,StandingStill
913,CarryingWhileLocomoting,LoweringAnObject,StandingStill
914,CarryingWhileLocomoting,ReleasingGraspOfSomething,StandingStill
915,CarryingWhileLocomoting,ReleasingGraspOfSomething,StandingStill
916,CarryingWhileLocomoting,ReleasingGraspOfSomething,StandingStill
917,CarryingWhileLocomoting,ReleasingGraspOfSomething,StandingStill
918,CarryingWhileLocomoting,ReleasingGraspOfSomething,StandingStill
919,CarryingWhileLocomoting,ReleasingGraspOfSomething,StandingStill
920,CarryingWhileLocomoting,ReleasingGraspOfSomething,StandingStill
921,CarryingWhileLocomoting,ReleasingGraspOfSomething,StandingStill
922,CarryingWhileLocomoting,ReleasingGraspOfSomething,StandingStill
923,CarryingWhileLocomoting,ReleasingGraspOfSomething,StandingStill
924,CarryingWhileLocomoting,ReleasingGraspOfSomething,HumanWalkingProcess
925,CarryingWhileLocomoting,ReleasingGraspOfSomething,HumanWalkingProcess
926,CarryingWhileLocomoting,ReleasingGraspOfSomething,HumanWalkingProcess
927,CarryingWhileLocomoting,ReleasingGraspOfSomething,HumanWalkingProcess
928,CarryingWhileLocomoting,ReleasingGraspOfSomething,HumanWalkingProcess
929,CarryingWhileLocomoting,ReleasingGraspOfSomething,HumanWalkingProcess
930,CarryingWhileLocomoting,CarryingWhileLocomoting,HumanWalkingProcess
931,CarryingWhileLocomoting,CarryingWhileLocomoting,HumanWalkingProcess
932,CarryingWhileLocomoting,CarryingWhileLocomoting,HumanWalkingProcess
933,CarryingWhileLocomoting,CarryingWhileLocomoting,HumanWalkingProcess
934,CarryingWhileLocomoting,CarryingWhileLocomoting,HumanWalkingProcess
935,CarryingWhileLocomoting,CarryingWhileLocomoting,HumanWalkingProcess
936,CarryingWhileLocomoting,CarryingWhileLocomoting,HumanWalkingProcess
937,CarryingWhileLocomoting,CarryingWhileLocomoting,HumanWalkingProcess
938,CarryingWhileLocomoting,CarryingWhileLocomoting,HumanWalkingProcess
939,CarryingWhileLocomoting,CarryingWhileLocomoting,HumanWalkingProcess
940,CarryingWhileLocomoting,CarryingWhileLocomoting,HumanWalkingProcess
941,CarryingWhileLocomoting,CarryingWhileLocomoting,HumanWalkingProcess
942,CarryingWhileLocomoting,CarryingWhileLocomoting,HumanWalkingProcess
943,CarryingWhileLocomoting,CarryingWhileLocomoting,HumanWalkingProcess
944,CarryingWhileLocomoting,CarryingWhileLocomoting,HumanWalkingProcess
945,CarryingWhileLocomoting,CarryingWhileLocomoting,HumanWalkingProcess
946,CarryingWhileLocomoting,CarryingWhileLocomoting,HumanWalkingProcess
947,CarryingWhileLocomoting,CarryingWhileLocomoting,HumanWalkingProcess
948,CarryingWhileLocomoting,CarryingWhileLocomoting,HumanWalkingProcess
949,Reaching,CarryingWhileLocomoting,HumanWalkingProcess
950,Reaching,CarryingWhileLocomoting,HumanWalkingProcess
951,Reaching,CarryingWhileLocomoting,HumanWalkingProcess
952,Reaching,CarryingWhileLocomoting,HumanWalkingProcess
953,Reaching,CarryingWhileLocomoting,HumanWalkingProcess
954,Reaching,CarryingWhileLocomoting,HumanWalkingProcess
955,Reaching,CarryingWhileLocomoting,HumanWalkingProcess
956,Reaching,CarryingWhileLocomoting,HumanWalkingProcess
957,Reaching,CarryingWhileLocomoting,HumanWalkingProcess
958,Reaching,CarryingWhileLocomoting,HumanWalkingProcess
959,Reaching,CarryingWhileLocomoting,HumanWalkingProcess
960,Reaching,CarryingWhileLocomoting,HumanWalkingProcess
961,OpeningADrawer,CarryingWhileLocomoting,HumanWalkingProcess
962,OpeningADrawer,CarryingWhileLocomoting,HumanWalkingProcess
963,OpeningADrawer,CarryingWhileLocomoting,HumanWalkingProcess
964,OpeningADrawer,CarryingWhileLocomoting,HumanWalkingProcess
965,OpeningADrawer,CarryingWhileLocomoting,HumanWalkingProcess
966,OpeningADrawer,CarryingWhileLocomoting,HumanWalkingProcess
967,OpeningADrawer,Reaching,HumanWalkingProcess
968,OpeningADrawer,Reaching,HumanWalkingProcess
969,OpeningADrawer,Reaching,HumanWalkingProcess
970,OpeningADrawer,Reaching,StandingStill
971,OpeningADrawer,Reaching,StandingStill
972,OpeningADrawer,Reaching,StandingStill
973,OpeningADrawer,Reaching,StandingStill
974,OpeningADrawer,Reaching,StandingStill
975,OpeningADrawer,Reaching,StandingStill
976,OpeningADrawer,Reaching,StandingStill
977,OpeningADrawer,Reaching,StandingStill
978,OpeningADrawer,Reaching,StandingStill
979,OpeningADrawer,Reaching,StandingStill
980,OpeningADrawer,Reaching,StandingStill
981,OpeningADrawer,Reaching,StandingStill
982,OpeningADrawer,Reaching,StandingStill
983,OpeningADrawer,Reaching,StandingStill
984,OpeningADrawer,Reaching,StandingStill
985,OpeningADrawer,Reaching,StandingStill
986,OpeningADrawer,TakingSomething,StandingStill
987,OpeningADrawer,TakingSomething,StandingStill
988,OpeningADrawer,TakingSomething,StandingStill
989,OpeningADrawer,TakingSomething,StandingStill
990,OpeningADrawer,TakingSomething,StandingStill
991,OpeningADrawer,TakingSomething,StandingStill
992,OpeningADrawer,TakingSomething,StandingStill
993,OpeningADrawer,TakingSomething,StandingStill
994,OpeningADrawer,TakingSomething,StandingStill
995,OpeningADrawer,TakingSomething,StandingStill
996,OpeningADrawer,TakingSomething,StandingStill
997,OpeningADrawer,TakingSomething,StandingStill
998,OpeningADrawer,TakingSomething,StandingStill
999,OpeningADrawer,TakingSomething,StandingStill
1000,OpeningADrawer,TakingSomething,StandingStill
1001,OpeningADrawer,TakingSomething,StandingStill
1002,OpeningADrawer,TakingSomething,StandingStill
1003,OpeningADrawer,TakingSomething,StandingStill
1004,ClosingADrawer,TakingSomething,StandingStill
1005,ClosingADrawer,TakingSomething,StandingStill
1006,ClosingADrawer,TakingSomething,StandingStill
1007,ClosingADrawer,TakingSomething,StandingStill
1008,ClosingADrawer,TakingSomething,StandingStill
1009,ClosingADrawer,TakingSomething,StandingStill
1010,ClosingADrawer,TakingSomething,StandingStill
1011,ClosingADrawer,TakingSomething,StandingStill
1012,ClosingADrawer,TakingSomething,StandingStill
1013,ClosingADrawer,TakingSomething,StandingStill
1014,ClosingADrawer,TakingSomething,StandingStill
1015,ClosingADrawer,TakingSomething,StandingStill
1016,ClosingADrawer,TakingSomething,StandingStill
1017,ClosingADrawer,TakingSomething,StandingStill
1018,ClosingADrawer,TakingSomething,StandingStill
1019,ClosingADrawer,TakingSomething,StandingStill
1020,ClosingADrawer,TakingSomething,StandingStill
1021,ReleasingGraspOfSomething,TakingSomething,StandingStill
1022,ReleasingGraspOfSomething,TakingSomething,StandingStill
1023,ReleasingGraspOfSomething,TakingSomething,StandingStill
1024,ReleasingGraspOfSomething,TakingSomething,StandingStill
1025,ReleasingGraspOfSomething,TakingSomething,HumanWalkingProcess
1026,ReleasingGraspOfSomething,TakingSomething,HumanWalkingProcess
1027,ReleasingGraspOfSomething,TakingSomething,HumanWalkingProcess
1028,ReleasingGraspOfSomething,TakingSomething,HumanWalkingProcess
1029,ReleasingGraspOfSomething,CarryingWhileLocomoting,HumanWalkingProcess
1030,ReleasingGraspOfSomething,CarryingWhileLocomoting,HumanWalkingProcess
1031,ReleasingGraspOfSomething,CarryingWhileLocomoting,HumanWalkingProcess
1032,ReleasingGraspOfSomething,CarryingWhileLocomoting,HumanWalkingProcess
1033,ReleasingGraspOfSomething,CarryingWhileLocomoting,HumanWalkingProcess
1034,ReleasingGraspOfSomething,CarryingWhileLocomoting,HumanWalkingProcess
1035,ReleasingGraspOfSomething,CarryingWhileLocomoting,HumanWalkingProcess
1036,ReleasingGraspOfSomething,CarryingWhileLocomoting,HumanWalkingProcess
1037,ReleasingGraspOfSomething,CarryingWhileLocomoting,HumanWalkingProcess
1038,CarryingWhileLocomoting,CarryingWhileLocomoting,HumanWalkingProcess
1039,CarryingWhileLocomoting,CarryingWhileLocomoting,HumanWalkingProcess
1040,CarryingWhileLocomoting,CarryingWhileLocomoting,HumanWalkingProcess
1041,CarryingWhileLocomoting,CarryingWhileLocomoting,HumanWalkingProcess
1042,CarryingWhileLocomoting,CarryingWhileLocomoting,HumanWalkingProcess
1043,CarryingWhileLocomoting,CarryingWhileLocomoting,HumanWalkingProcess
1044,CarryingWhileLocomoting,CarryingWhileLocomoting,HumanWalkingProcess
1045,CarryingWhileLocomoting,CarryingWhileLocomoting,HumanWalkingProcess
1046,CarryingWhileLocomoting,CarryingWhileLocomoting,HumanWalkingProcess
1047,CarryingWhileLocomoting,CarryingWhileLocomoting,HumanWalkingProcess
1048,CarryingWhileLocomoting,CarryingWhileLocomoting,HumanWalkingProcess
1049,CarryingWhileLocomoting,CarryingWhileLocomoting,HumanWalkingProcess
1050,CarryingWhileLocomoting,CarryingWhileLocomoting,HumanWalkingProcess
1051,CarryingWhileLocomoting,CarryingWhileLocomoting,HumanWalkingProcess
1052,CarryingWhileLocomoting,CarryingWhileLocomoting,HumanWalkingProcess
1053,CarryingWhileLocomoting,CarryingWhileLocomoting,HumanWalkingProcess
1054,CarryingWhileLocomoting,CarryingWhileLocomoting,HumanWalkingProcess
1055,CarryingWhileLocomoting,CarryingWhileLocomoting,HumanWalkingProcess
1056,CarryingWhileLocomoting,CarryingWhileLocomoting,HumanWalkingProcess
1057,CarryingWhileLocomoting,CarryingWhileLocomoting,HumanWalkingProcess
1058,CarryingWhileLocomoting,CarryingWhileLocomoting,HumanWalkingProcess
1059,CarryingWhileLocomoting,CarryingWhileLocomoting,HumanWalkingProcess
1060,CarryingWhileLocomoting,CarryingWhileLocomoting,HumanWalkingProcess
1061,CarryingWhileLocomoting,CarryingWhileLocomoting,HumanWalkingProcess
1062,CarryingWhileLocomoting,CarryingWhileLocomoting,HumanWalkingProcess
1063,CarryingWhileLocomoting,CarryingWhileLocomoting,HumanWalkingProcess
1064,CarryingWhileLocomoting,CarryingWhileLocomoting,HumanWalkingProcess
1065,CarryingWhileLocomoting,CarryingWhileLocomoting,HumanWalkingProcess
1066,CarryingWhileLocomoting,CarryingWhileLocomoting,HumanWalkingProcess
1067,CarryingWhileLocomoting,CarryingWhileLocomoting,HumanWalkingProcess
1068,CarryingWhileLocomoting,CarryingWhileLocomoting,HumanWalkingProcess
1069,CarryingWhileLocomoting,CarryingWhileLocomoting,HumanWalkingProcess
1070,CarryingWhileLocomoting,CarryingWhileLocomoting,HumanWalkingProcess
1071,CarryingWhileLocomoting,CarryingWhileLocomoting,HumanWalkingProcess
1072,CarryingWhileLocomoting,CarryingWhileLocomoting,HumanWalkingProcess
1073,CarryingWhileLocomoting,CarryingWhileLocomoting,HumanWalkingProcess
1074,CarryingWhileLocomoting,CarryingWhileLocomoting,HumanWalkingProcess
1075,CarryingWhileLocomoting,CarryingWhileLocomoting,HumanWalkingProcess
1076,CarryingWhileLocomoting,CarryingWhileLocomoting,HumanWalkingProcess
1077,CarryingWhileLocomoting,CarryingWhileLocomoting,HumanWalkingProcess
1078,CarryingWhileLocomoting,CarryingWhileLocomoting,HumanWalkingProcess
1079,CarryingWhileLocomoting,CarryingWhileLocomoting,HumanWalkingProcess
1080,CarryingWhileLocomoting,CarryingWhileLocomoting,HumanWalkingProcess
1081,CarryingWhileLocomoting,CarryingWhileLocomoting,HumanWalkingProcess
1082,CarryingWhileLocomoting,CarryingWhileLocomoting,HumanWalkingProcess
1083,CarryingWhileLocomoting,CarryingWhileLocomoting,HumanWalkingProcess
1084,CarryingWhileLocomoting,CarryingWhileLocomoting,HumanWalkingProcess
1085,CarryingWhileLocomoting,CarryingWhileLocomoting,HumanWalkingProcess
1086,CarryingWhileLocomoting,CarryingWhileLocomoting,HumanWalkingProcess
1087,CarryingWhileLocomoting,CarryingWhileLocomoting,HumanWalkingProcess
1088,CarryingWhileLocomoting,CarryingWhileLocomoting,HumanWalkingProcess
1089,CarryingWhileLocomoting,CarryingWhileLocomoting,HumanWalkingProcess
1090,CarryingWhileLocomoting,CarryingWhileLocomoting,HumanWalkingProcess
1091,CarryingWhileLocomoting,CarryingWhileLocomoting,HumanWalkingProcess
1092,CarryingWhileLocomoting,LoweringAnObject,HumanWalkingProcess
1093,CarryingWhileLocomoting,LoweringAnObject,HumanWalkingProcess
1094,CarryingWhileLocomoting,LoweringAnObject,HumanWalkingProcess
1095,CarryingWhileLocomoting,LoweringAnObject,HumanWalkingProcess
1096,CarryingWhileLocomoting,LoweringAnObject,HumanWalkingProcess
1097,CarryingWhileLocomoting,LoweringAnObject,HumanWalkingProcess
1098,CarryingWhileLocomoting,LoweringAnObject,HumanWalkingProcess
1099,CarryingWhileLocomoting,LoweringAnObject,HumanWalkingProcess
1100,CarryingWhileLocomoting,LoweringAnObject,HumanWalkingProcess
1101,CarryingWhileLocomoting,LoweringAnObject,HumanWalkingProcess
1102,CarryingWhileLocomoting,LoweringAnObject,HumanWalkingProcess
1103,CarryingWhileLocomoting,LoweringAnObject,HumanWalkingProcess
1104,CarryingWhileLocomoting,LoweringAnObject,HumanWalkingProcess
1105,CarryingWhileLocomoting,LoweringAnObject,HumanWalkingProcess
1106,CarryingWhileLocomoting,LoweringAnObject,HumanWalkingProcess
1107,CarryingWhileLocomoting,LoweringAnObject,HumanWalkingProcess
1108,CarryingWhileLocomoting,LoweringAnObject,HumanWalkingProcess
1109,CarryingWhileLocomoting,LoweringAnObject,HumanWalkingProcess
1110,CarryingWhileLocomoting,LoweringAnObject,HumanWalkingProcess
1111,CarryingWhileLocomoting,LoweringAnObject,HumanWalkingProcess
1112,CarryingWhileLocomoting,LoweringAnObject,HumanWalkingProcess
1113,CarryingWhileLocomoting,LoweringAnObject,HumanWalkingProcess
1114,CarryingWhileLocomoting,LoweringAnObject,HumanWalkingProcess
1115,CarryingWhileLocomoting,LoweringAnObject,HumanWalkingProcess
1116,CarryingWhileLocomoting,LoweringAnObject,HumanWalkingProcess
1117,CarryingWhileLocomoting,LoweringAnObject,HumanWalkingProcess
1118,CarryingWhileLocomoting,ReleasingGraspOfSomething,HumanWalkingProcess
1119,CarryingWhileLocomoting,ReleasingGraspOfSomething,HumanWalkingProcess
1120,CarryingWhileLocomoting,ReleasingGraspOfSomething,HumanWalkingProcess
1121,CarryingWhileLocomoting,ReleasingGraspOfSomething,HumanWalkingProcess
1122,CarryingWhileLocomoting,ReleasingGraspOfSomething,HumanWalkingProcess
1123,CarryingWhileLocomoting,ReleasingGraspOfSomething,HumanWalkingProcess
1124,CarryingWhileLocomoting,ReleasingGraspOfSomething,HumanWalkingProcess
1125,CarryingWhileLocomoting,ReleasingGraspOfSomething,HumanWalkingProcess
1126,CarryingWhileLocomoting,ReleasingGraspOfSomething,HumanWalkingProcess
1127,CarryingWhileLocomoting,ReleasingGraspOfSomething,HumanWalkingProcess
1128,CarryingWhileLocomoting,ReleasingGraspOfSomething,HumanWalkingProcess
1129,CarryingWhileLocomoting,ReleasingGraspOfSomething,HumanWalkingProcess
1130,CarryingWhileLocomoting,ReleasingGraspOfSomething,HumanWalkingProcess
1131,CarryingWhileLocomoting,CarryingWhileLocomoting,HumanWalkingProcess
1132,CarryingWhileLocomoting,CarryingWhileLocomoting,HumanWalkingProcess
1133,CarryingWhileLocomoting,CarryingWhileLocomoting,HumanWalkingProcess
1134,CarryingWhileLocomoting,CarryingWhileLocomoting,HumanWalkingProcess
1135,CarryingWhileLocomoting,CarryingWhileLocomoting,HumanWalkingProcess
1136,CarryingWhileLocomoting,CarryingWhileLocomoting,HumanWalkingProcess
1137,CarryingWhileLocomoting,CarryingWhileLocomoting,HumanWalkingProcess
1138,CarryingWhileLocomoting,CarryingWhileLocomoting,HumanWalkingProcess
1139,CarryingWhileLocomoting,CarryingWhileLocomoting,HumanWalkingProcess
1140,CarryingWhileLocomoting,CarryingWhileLocomoting,HumanWalkingProcess
1141,CarryingWhileLocomoting,CarryingWhileLocomoting,HumanWalkingProcess
1142,CarryingWhileLocomoting,CarryingWhileLocomoting,HumanWalkingProcess
1143,CarryingWhileLocomoting,CarryingWhileLocomoting,HumanWalkingProcess
1144,CarryingWhileLocomoting,CarryingWhileLocomoting,HumanWalkingProcess
1145,CarryingWhileLocomoting,CarryingWhileLocomoting,HumanWalkingProcess
1146,CarryingWhileLocomoting,CarryingWhileLocomoting,HumanWalkingProcess
1147,CarryingWhileLocomoting,CarryingWhileLocomoting,HumanWalkingProcess
1148,CarryingWhileLocomoting,CarryingWhileLocomoting,HumanWalkingProcess
1149,CarryingWhileLocomoting,CarryingWhileLocomoting,HumanWalkingProcess
1150,CarryingWhileLocomoting,CarryingWhileLocomoting,HumanWalkingProcess
1151,CarryingWhileLocomoting,CarryingWhileLocomoting,HumanWalkingProcess
1152,CarryingWhileLocomoting,CarryingWhileLocomoting,HumanWalkingProcess
1153,CarryingWhileLocomoting,CarryingWhileLocomoting,HumanWalkingProcess
1154,CarryingWhileLocomoting,CarryingWhileLocomoting,HumanWalkingProcess
1155,CarryingWhileLocomoting,CarryingWhileLocomoting,HumanWalkingProcess
1156,CarryingWhileLocomoting,CarryingWhileLocomoting,HumanWalkingProcess
1157,CarryingWhileLocomoting,CarryingWhileLocomoting,HumanWalkingProcess
1158,Reaching,CarryingWhileLocomoting,HumanWalkingProcess
1159,Reaching,CarryingWhileLocomoting,HumanWalkingProcess
1160,Reaching,CarryingWhileLocomoting,HumanWalkingProcess
1161,Reaching,CarryingWhileLocomoting,HumanWalkingProcess
1162,Reaching,CarryingWhileLocomoting,HumanWalkingProcess
1163,Reaching,CarryingWhileLocomoting,HumanWalkingProcess
1164,Reaching,CarryingWhileLocomoting,HumanWalkingProcess
1165,Reaching,CarryingWhileLocomoting,HumanWalkingProcess
1166,Reaching,CarryingWhileLocomoting,HumanWalkingProcess
1167,Reaching,CarryingWhileLocomoting,HumanWalkingProcess
1168,Reaching,CarryingWhileLocomoting,HumanWalkingProcess
1169,Reaching,CarryingWhileLocomoting,HumanWalkingProcess
1170,Reaching,CarryingWhileLocomoting,HumanWalkingProcess
1171,Reaching,CarryingWhileLocomoting,HumanWalkingProcess
1172,Reaching,CarryingWhileLocomoting,HumanWalkingProcess
1173,Reaching,CarryingWhileLocomoting,HumanWalkingProcess
1174,Reaching,CarryingWhileLocomoting,HumanWalkingProcess
1175,OpeningADoor,CarryingWhileLocomoting,HumanWalkingProcess
1176,OpeningADoor,CarryingWhileLocomoting,HumanWalkingProcess
1177,OpeningADoor,CarryingWhileLocomoting,HumanWalkingProcess
1178,OpeningADoor,CarryingWhileLocomoting,HumanWalkingProcess
1179,OpeningADoor,CarryingWhileLocomoting,HumanWalkingProcess
1180,OpeningADoor,CarryingWhileLocomoting,HumanWalkingProcess
1181,OpeningADoor,CarryingWhileLocomoting,StandingStill
1182,OpeningADoor,CarryingWhileLocomoting,StandingStill
1183,OpeningADoor,CarryingWhileLocomoting,StandingStill
1184,OpeningADoor,CarryingWhileLocomoting,StandingStill
1185,OpeningADoor,CarryingWhileLocomoting,StandingStill
1186,OpeningADoor,CarryingWhileLocomoting,StandingStill
1187,OpeningADoor,CarryingWhileLocomoting,StandingStill
1188,OpeningADoor,CarryingWhileLocomoting,StandingStill
1189,OpeningADoor,CarryingWhileLocomoting,StandingStill
1190,OpeningADoor,CarryingWhileLocomoting,StandingStill
1191,OpeningADoor,CarryingWhileLocomoting,StandingStill
1192,OpeningADoor,CarryingWhileLocomoting,StandingStill
1193,OpeningADoor,CarryingWhileLocomoting,StandingStill
1194,OpeningADoor,CarryingWhileLocomoting,StandingStill
1195,OpeningADoor,Reaching,StandingStill
1196,OpeningADoor,Reaching,StandingStill
1197,OpeningADoor,Reaching,StandingStill
1198,OpeningADoor,Reaching,StandingStill
1199,OpeningADoor,Reaching,StandingStill
1200,OpeningADoor,Reaching,StandingStill
1201,OpeningADoor,Reaching,StandingStill
1202,OpeningADoor,Reaching,StandingStill
1203,OpeningADoor,Reaching,StandingStill
1204,OpeningADoor,Reaching,StandingStill
1205,OpeningADoor,Reaching,StandingStill
1206,OpeningADoor,Reaching,StandingStill
1207,OpeningADoor,Reaching,StandingStill
1208,OpeningADoor,Reaching,StandingStill
1209,OpeningADoor,Reaching,StandingStill
1210,OpeningADoor,Reaching,StandingStill
1211,OpeningADoor,Reaching,StandingStill
1212,OpeningADoor,Reaching,StandingStill
1213,OpeningADoor,Reaching,StandingStill
1214,OpeningADoor,Reaching,StandingStill
1215,OpeningADoor,TakingSomething,StandingStill
1216,OpeningADoor,TakingSomething,StandingStill
1217,ClosingADoor,TakingSomething,StandingStill
1218,ClosingADoor,TakingSomething,StandingStill
1219,ClosingADoor,TakingSomething,StandingStill
1220,ClosingADoor,TakingSomething,StandingStill
1221,ClosingADoor,TakingSomething,StandingStill
1222,ClosingADoor,TakingSomething,StandingStill
1223,ClosingADoor,TakingSomething,StandingStill
1224,ClosingADoor,TakingSomething,StandingStill
1225,ClosingADoor,TakingSomething,StandingStill
1226,ClosingADoor,TakingSomething,StandingStill
1227,ClosingADoor,TakingSomething,StandingStill
1228,ClosingADoor,TakingSomething,StandingStill
1229,ClosingADoor,TakingSomething,StandingStill
1230,ClosingADoor,TakingSomething,StandingStill
1231,ClosingADoor,TakingSomething,StandingStill
1232,ClosingADoor,TakingSomething,StandingStill
1233,ClosingADoor,TakingSomething,StandingStill
1234,ClosingADoor,TakingSomething,StandingStill
1235,ClosingADoor,TakingSomething,StandingStill
1236,ClosingADoor,TakingSomething,StandingStill
1237,ClosingADoor,TakingSomething,StandingStill
1238,ClosingADoor,TakingSomething,StandingStill
1239,ClosingADoor,TakingSomething,StandingStill
1240,ClosingADoor,TakingSomething,StandingStill
1241,ClosingADoor,TakingSomething,StandingStill
1242,ClosingADoor,TakingSomething,StandingStill
1243,ClosingADoor,TakingSomething,StandingStill
1244,ClosingADoor,TakingSomething,StandingStill
1245,ClosingADoor,TakingSomething,StandingStill
1246,ClosingADoor,TakingSomething,StandingStill
1247,ClosingADoor,TakingSomething,StandingStill
1248,ClosingADoor,TakingSomething,StandingStill
1249,ClosingADoor,TakingSomething,StandingStill
1250,ClosingADoor,TakingSomething,StandingStill
1251,ClosingADoor,TakingSomething,StandingStill
1252,ClosingADoor,TakingSomething,HumanWalkingProcess
1253,ClosingADoor,TakingSomething,HumanWalkingProcess
1254,ClosingADoor,TakingSomething,HumanWalkingProcess
1255,ClosingADoor,TakingSomething,HumanWalkingProcess
1256,ClosingADoor,TakingSomething,HumanWalkingProcess
1257,ClosingADoor,TakingSomething,HumanWalkingProcess
1258,ClosingADoor,TakingSomething,HumanWalkingProcess
1259,ClosingADoor,TakingSomething,HumanWalkingProcess
1260,ClosingADoor,TakingSomething,HumanWalkingProcess
1261,ClosingADoor,CarryingWhileLocomoting,HumanWalkingProcess
1262,ClosingADoor,CarryingWhileLocomoting,HumanWalkingProcess
1263,ClosingADoor,CarryingWhileLocomoting,HumanWalkingProcess
1264,CarryingWhileLocomoting,CarryingWhileLocomoting,HumanWalkingProcess
1265,CarryingWhileLocomoting,CarryingWhileLocomoting,HumanWalkingProcess
1266,CarryingWhileLocomoting,CarryingWhileLocomoting,HumanWalkingProcess
1267,CarryingWhileLocomoting,CarryingWhileLocomoting,HumanWalkingProcess
1268,CarryingWhileLocomoting,CarryingWhileLocomoting,HumanWalkingProcess
1269,CarryingWhileLocomoting,CarryingWhileLocomoting,HumanWalkingProcess
1270,CarryingWhileLocomoting,CarryingWhileLocomoting,HumanWalkingProcess
1271,CarryingWhileLocomoting,CarryingWhileLocomoting,HumanWalkingProcess
1272,CarryingWhileLocomoting,CarryingWhileLocomoting,HumanWalkingProcess
1273,CarryingWhileLocomoting,CarryingWhileLocomoting,HumanWalkingProcess
1274,CarryingWhileLocomoting,CarryingWhileLocomoting,HumanWalkingProcess
1275,CarryingWhileLocomoting,CarryingWhileLocomoting,HumanWalkingProcess
1276,CarryingWhileLocomoting,CarryingWhileLocomoting,HumanWalkingProcess
1277,CarryingWhileLocomoting,CarryingWhileLocomoting,HumanWalkingProcess
1278,CarryingWhileLocomoting,CarryingWhileLocomoting,HumanWalkingProcess
1279,CarryingWhileLocomoting,CarryingWhileLocomoting,HumanWalkingProcess
1280,CarryingWhileLocomoting,CarryingWhileLocomoting,HumanWalkingProcess
1281,CarryingWhileLocomoting,CarryingWhileLocomoting,HumanWalkingProcess
1282,CarryingWhileLocomoting,CarryingWhileLocomoting,HumanWalkingProcess
1283,CarryingWhileLocomoting,CarryingWhileLocomoting,HumanWalkingProcess
1284,CarryingWhileLocomoting,CarryingWhileLocomoting,HumanWalkingProcess
1285,CarryingWhileLocomoting,CarryingWhileLocomoting,HumanWalkingProcess
1286,CarryingWhileLocomoting,CarryingWhileLocomoting,HumanWalkingProcess
1287,CarryingWhileLocomoting,CarryingWhileLocomoting,HumanWalkingProcess
1288,CarryingWhileLocomoting,CarryingWhileLocomoting,HumanWalkingProcess
1289,CarryingWhileLocomoting,CarryingWhileLocomoting,HumanWalkingProcess
1290,CarryingWhileLocomoting,CarryingWhileLocomoting,HumanWalkingProcess
1291,CarryingWhileLocomoting,CarryingWhileLocomoting,HumanWalkingProcess
1292,CarryingWhileLocomoting,CarryingWhileLocomoting,HumanWalkingProcess
1293,CarryingWhileLocomoting,CarryingWhileLocomoting,HumanWalkingProcess
1294,CarryingWhileLocomoting,CarryingWhileLocomoting,HumanWalkingProcess
1295,CarryingWhileLocomoting,CarryingWhileLocomoting,HumanWalkingProcess
1296,CarryingWhileLocomoting,CarryingWhileLocomoting,HumanWalkingProcess
1297,CarryingWhileLocomoting,CarryingWhileLocomoting,HumanWalkingProcess
1298,CarryingWhileLocomoting,CarryingWhileLocomoting,HumanWalkingProcess
1299,CarryingWhileLocomoting,CarryingWhileLocomoting,HumanWalkingProcess
1300,CarryingWhileLocomoting,CarryingWhileLocomoting,HumanWalkingProcess
1301,CarryingWhileLocomoting,CarryingWhileLocomoting,HumanWalkingProcess
1302,CarryingWhileLocomoting,CarryingWhileLocomoting,HumanWalkingProcess
1303,CarryingWhileLocomoting,CarryingWhileLocomoting,HumanWalkingProcess
1304,CarryingWhileLocomoting,LoweringAnObject,HumanWalkingProcess
1305,CarryingWhileLocomoting,LoweringAnObject,HumanWalkingProcess
1306,CarryingWhileLocomoting,LoweringAnObject,HumanWalkingProcess
1307,CarryingWhileLocomoting,LoweringAnObject,HumanWalkingProcess
1308,CarryingWhileLocomoting,LoweringAnObject,HumanWalkingProcess
1309,CarryingWhileLocomoting,LoweringAnObject,HumanWalkingProcess
1310,CarryingWhileLocomoting,LoweringAnObject,HumanWalkingProcess
1311,CarryingWhileLocomoting,LoweringAnObject,HumanWalkingProcess
1312,CarryingWhileLocomoting,LoweringAnObject,HumanWalkingProcess
1313,CarryingWhileLocomoting,LoweringAnObject,StandingStill
1314,CarryingWhileLocomoting,LoweringAnObject,StandingStill
1315,CarryingWhileLocomoting,LoweringAnObject,StandingStill
1316,CarryingWhileLocomoting,LoweringAnObject,StandingStill
1317,CarryingWhileLocomoting,LoweringAnObject,StandingStill
1318,CarryingWhileLocomoting,LoweringAnObject,StandingStill
1319,CarryingWhileLocomoting,LoweringAnObject,StandingStill
1320,CarryingWhileLocomoting,LoweringAnObject,StandingStill
1321,CarryingWhileLocomoting,LoweringAnObject,StandingStill
1322,CarryingWhileLocomoting,LoweringAnObject,StandingStill
1323,CarryingWhileLocomoting,LoweringAnObject,StandingStill
1324,CarryingWhileLocomoting,LoweringAnObject,StandingStill
1325,CarryingWhileLocomoting,LoweringAnObject,StandingStill
1326,CarryingWhileLocomoting,LoweringAnObject,StandingStill
1327,CarryingWhileLocomoting,LoweringAnObject,StandingStill
1328,CarryingWhileLocomoting,LoweringAnObject,StandingStill
1329,CarryingWhileLocomoting,LoweringAnObject,StandingStill
1330,CarryingWhileLocomoting,LoweringAnObject,StandingStill
1331,CarryingWhileLocomoting,LoweringAnObject,StandingStill
1332,CarryingWhileLocomoting,LoweringAnObject,StandingStill
1333,CarryingWhileLocomoting,LoweringAnObject,StandingStill
1334,CarryingWhileLocomoting,LoweringAnObject,StandingStill
1335,CarryingWhileLocomoting,LoweringAnObject,StandingStill
1336,CarryingWhileLocomoting,LoweringAnObject,StandingStill
1337,CarryingWhileLocomoting,LoweringAnObject,StandingStill
1338,CarryingWhileLocomoting,LoweringAnObject,StandingStill
1339,CarryingWhileLocomoting,LoweringAnObject,StandingStill
1340,CarryingWhileLocomoting,LoweringAnObject,StandingStill
1341,CarryingWhileLocomoting,LoweringAnObject,StandingStill
1342,CarryingWhileLocomoting,LoweringAnObject,StandingStill
1343,CarryingWhileLocomoting,LoweringAnObject,StandingStill
1344,CarryingWhileLocomoting,LoweringAnObject,StandingStill
1345,CarryingWhileLocomoting,LoweringAnObject,StandingStill
1346,CarryingWhileLocomoting,LoweringAnObject,StandingStill
1347,CarryingWhileLocomoting,LoweringAnObject,StandingStill
1348,CarryingWhileLocomoting,LoweringAnObject,StandingStill
1349,CarryingWhileLocomoting,LoweringAnObject,StandingStill
1350,CarryingWhileLocomoting,LoweringAnObject,HumanWalkingProcess
1351,CarryingWhileLocomoting,LoweringAnObject,HumanWalkingProcess
1352,CarryingWhileLocomoting,LoweringAnObject,HumanWalkingProcess
1353,CarryingWhileLocomoting,LoweringAnObject,HumanWalkingProcess
1354,CarryingWhileLocomoting,LoweringAnObject,HumanWalkingProcess
1355,CarryingWhileLocomoting,LoweringAnObject,HumanWalkingProcess
1356,CarryingWhileLocomoting,CarryingWhileLocomoting,HumanWalkingProcess
1357,CarryingWhileLocomoting,CarryingWhileLocomoting,HumanWalkingProcess
1358,CarryingWhileLocomoting,CarryingWhileLocomoting,HumanWalkingProcess
1359,CarryingWhileLocomoting,CarryingWhileLocomoting,HumanWalkingProcess
1360,CarryingWhileLocomoting,CarryingWhileLocomoting,HumanWalkingProcess
1361,CarryingWhileLocomoting,CarryingWhileLocomoting,HumanWalkingProcess
1362,CarryingWhileLocomoting,CarryingWhileLocomoting,HumanWalkingProcess
1363,CarryingWhileLocomoting,CarryingWhileLocomoting,HumanWalkingProcess
