0-0,S01,stt robot,avi,raw,jpg,avi,raw,jpg,avi,raw,jpg,avi,raw,jpg,bvh,csv,rfid,doors,240,1480,csv
0-1,S01,stt robot,avi,raw,jpg,avi,raw,jpg,avi,raw,jpg,avi,raw,jpg,bvh,csv,rfid,doors,255,1530,csv
0-2,S01,stt human,avi,raw,jpg,avi,raw,jpg,avi,raw,jpg,avi,raw,jpg,bvh,csv,rfid,doors,234,1190,csv
0-3,S02,stt robot,avi,raw,jpg,avi,raw,jpg,avi,raw,jpg,avi,raw,jpg,bvh,csv,rfid,doors,306,2206,csv
0-4,S02,stt robot,avi,raw,jpg,avi,raw,jpg,avi,raw,jpg,avi,raw,jpg,bvh,csv,rfid,doors,256,1763,csv
0-6,S02,stt robot,avi,raw,jpg,avi,raw,jpg,avi,raw,jpg,avi,raw,jpg,bvh,csv,rfid,doors,281,1645,csv*
0-7,S01,stt robot,avi,raw,jpg,avi,raw,jpg,avi,raw,jpg,avi,raw,jpg,bvh,csv,rfid,doors,240,1720,csv*
0-8,S01,stt robot,avi,raw,jpg,avi,raw,jpg,avi,raw,jpg,avi,raw,jpg,bvh,csv,rfid,doors,237,1520,csv*
0-9,S04,stt robot,avi,raw,jpg,avi,raw,jpg,avi,raw,jpg,avi,raw,jpg,bvh,csv,rfid,doors,254,1910,csv*
0-10,S04,stt robot,avi,raw,jpg,avi,raw,jpg,avi,raw,jpg,avi,raw,jpg,bvh,csv,rfid,doors,215,1850,csv*
0-11,S03,stt robot,avi,raw,jpg,avi,raw,jpg,avi,raw,jpg,avi,raw,jpg,bvh,csv,rfid,doors,290,2100,csv*
0-12,S03,stt human,avi,raw,jpg,avi,raw,jpg,avi,raw,jpg,avi,raw,jpg,bvh,csv,rfid,doors,265,1400,csv*
1-0,S01,stt robot,avi,raw,jpg,avi,raw,jpg,avi,raw,jpg,avi,raw,jpg,bvh,csv,rfid,doors,309,2320,csv
1-1,S01,stt robot,avi,raw,jpg,avi,raw,jpg,avi,raw,jpg,avi,raw,jpg,bvh,csv,rfid,doors,195,2030,csv
1-2,S01,stt robot,avi,raw,jpg,avi,raw,jpg,avi,raw,jpg,avi,raw,jpg,bvh,csv,rfid,doors,228,2000,csv
1-3,S01,stt robot,avi,raw,jpg,avi,raw,jpg,avi,raw,jpg,avi,raw,jpg,bvh,csv,rfid,doors,255,1988,csv
1-4,S01,stt robot,avi,raw,jpg,avi,raw,jpg,avi,raw,jpg,avi,raw,jpg,bvh,csv,rfid,doors,242,1890,csv
1-5,S01,repetitive,avi,raw,jpg,avi,raw,jpg,avi,raw,jpg,avi,raw,jpg,bvh,csv,rfid,doors,205,6710,csv
1-6,S03,stt robot,avi,raw,jpg,avi,raw,jpg,avi,raw,jpg,avi,raw,jpg,bvh,csv,rfid,doors,239,2280,csv
1-7,S03,stt robot,avi,raw,jpg,avi,raw,jpg,avi,raw,jpg,avi,raw,jpg,bvh,csv,rfid,doors,200,2060,csv*
