instance,lefthand,righthand,trunk
0,CarryingWhileLocomoting,CarryingWhileLocomoting,StandingStill
1,CarryingWhileLocomoting,CarryingWhileLocomoting,StandingStill
2,CarryingWhileLocomoting,CarryingWhileLocomoting,StandingStill
3,CarryingWhileLocomoting,CarryingWhileLocomoting,StandingStill
4,CarryingWhileLocomoting,CarryingWhileLocomoting,StandingStill
5,CarryingWhileLocomoting,CarryingWhileLocomoting,StandingStill
6,CarryingWhileLocomoting,CarryingWhileLocomoting,StandingStill
7,CarryingWhileLocomoting,CarryingWhileLocomoting,StandingStill
8,CarryingWhileLocomoting,CarryingWhileLocomoting,StandingStill
9,CarryingWhileLocomoting,CarryingWhileLocomoting,StandingStill
10,CarryingWhileLocomoting,CarryingWhileLocomoting,StandingStill
11,CarryingWhileLocomoting,CarryingWhileLocomoting,HumanWalkingProcess
12,CarryingWhileLocomoting,CarryingWhileLocomoting,HumanWalkingProcess
13,CarryingWhileLocomoting,CarryingWhileLocomoting,HumanWalkingProcess
14,CarryingWhileLocomoting,Reaching,HumanWalkingProcess
15,CarryingWhileLocomoting,Reaching,HumanWalkingProcess
16,CarryingWhileLocomoting,Reaching,HumanWalkingProcess
17,CarryingWhileLocomoting,Reaching,HumanWalkingProcess
18,CarryingWhileLocomoting,Reaching,HumanWalkingProcess
19,CarryingWhileLocomoting,Reaching,HumanWalkingProcess
20,CarryingWhileLocomoting,Reaching,HumanWalkingProcess
21,CarryingWhileLocomoting,Reaching,HumanWalkingProcess
22,CarryingWhileLocomoting,Reaching,HumanWalkingProcess
23,CarryingWhileLocomoting,Reaching,HumanWalkingProcess
24,CarryingWhileLocomoting,Reaching,HumanWalkingProcess
25,CarryingWhileLocomoting,Reaching,HumanWalkingProcess
26,CarryingWhileLocomoting,Reaching,HumanWalkingProcess
27,Reaching,Reaching,HumanWalkingProcess
28,Reaching,Reaching,HumanWalkingProcess
29,Reaching,Reaching,HumanWalkingProcess
30,Reaching,Reaching,HumanWalkingProcess
31,Reaching,Reaching,HumanWalkingProcess
32,Reaching,Reaching,HumanWalkingProcess
33,Reaching,Reaching,HumanWalkingProcess
34,Reaching,Reaching,HumanWalkingProcess
35,Reaching,Reaching,HumanWalkingProcess
36,Reaching,Reaching,HumanWalkingProcess
37,Reaching,Reaching,HumanWalkingProcess
38,Reaching,Reaching,HumanWalkingProcess
39,Reaching,Reaching,HumanWalkingProcess
40,Reaching,Reaching,HumanWalkingProcess
41,Reaching,TakingSomething,HumanWalkingProcess
42,Reaching,TakingSomething,StandingStill
43,Reaching,TakingSomething,StandingStill
44,Reaching,TakingSomething,StandingStill
45,Reaching,TakingSomething,StandingStill
46,Reaching,TakingSomething,StandingStill
47,TakingSomething,TakingSomething,StandingStill
48,TakingSomething,TakingSomething,StandingStill
49,TakingSomething,TakingSomething,StandingStill
50,TakingSomething,TakingSomething,StandingStill
51,TakingSomething,TakingSomething,StandingStill
52,TakingSomething,TakingSomething,StandingStill
53,TakingSomething,TakingSomething,StandingStill
54,TakingSomething,TakingSomething,StandingStill
55,TakingSomething,TakingSomething,StandingStill
56,TakingSomething,TakingSomething,StandingStill
57,TakingSomething,TakingSomething,StandingStill
58,TakingSomething,TakingSomething,StandingStill
59,TakingSomething,TakingSomething,HumanWalkingProcess
60,TakingSomething,TakingSomething,HumanWalkingProcess
61,TakingSomething,TakingSomething,HumanWalkingProcess
62,TakingSomething,TakingSomething,HumanWalkingProcess
63,TakingSomething,CarryingWhileLocomoting,HumanWalkingProcess
64,TakingSomething,CarryingWhileLocomoting,HumanWalkingProcess
65,TakingSomething,CarryingWhileLocomoting,HumanWalkingProcess
66,TakingSomething,CarryingWhileLocomoting,HumanWalkingProcess
67,CarryingWhileLocomoting,CarryingWhileLocomoting,HumanWalkingProcess
68,CarryingWhileLocomoting,CarryingWhileLocomoting,HumanWalkingProcess
69,CarryingWhileLocomoting,CarryingWhileLocomoting,HumanWalkingProcess
70,CarryingWhileLocomoting,CarryingWhileLocomoting,HumanWalkingProcess
71,CarryingWhileLocomoting,CarryingWhileLocomoting,HumanWalkingProcess
72,CarryingWhileLocomoting,CarryingWhileLocomoting,HumanWalkingProcess
73,CarryingWhileLocomoting,CarryingWhileLocomoting,HumanWalkingProcess
74,CarryingWhileLocomoting,CarryingWhileLocomoting,HumanWalkingProcess
75,CarryingWhileLocomoting,CarryingWhileLocomoting,HumanWalkingProcess
76,CarryingWhileLocomoting,CarryingWhileLocomoting,HumanWalkingProcess
77,CarryingWhileLocomoting,CarryingWhileLocomoting,HumanWalkingProcess
78,CarryingWhileLocomoting,CarryingWhileLocomoting,HumanWalkingProcess
79,CarryingWhileLocomoting,CarryingWhileLocomoting,HumanWalkingProcess
80,CarryingWhileLocomoting,CarryingWhileLocomoting,HumanWalkingProcess
81,CarryingWhileLocomoting,CarryingWhileLocomoting,HumanWalkingProcess
82,CarryingWhileLocomoting,CarryingWhileLocomoting,HumanWalkingProcess
83,CarryingWhileLocomoting,CarryingWhileLocomoting,HumanWalkingProcess
84,CarryingWhileLocomoting,CarryingWhileLocomoting,HumanWalkingProcess
85,CarryingWhileLocomoting,CarryingWhileLocomoting,HumanWalkingProcess
86,CarryingWhileLocomoting,CarryingWhileLocomoting,HumanWalkingProcess
87,CarryingWhileLocomoting,CarryingWhileLocomoting,HumanWalkingProcess
88,CarryingWhileLocomoting,CarryingWhileLocomoting,HumanWalkingProcess
89,CarryingWhileLocomoting,CarryingWhileLocomoting,HumanWalkingProcess
90,CarryingWhileLocomoting,CarryingWhileLocomoting,HumanWalkingProcess
91,CarryingWhileLocomoting,CarryingWhileLocomoting,HumanWalkingProcess
92,CarryingWhileLocomoting,LoweringAnObject,HumanWalkingProcess
93,CarryingWhileLocomoting,LoweringAnObject,HumanWalkingProcess
94,LoweringAnObject,LoweringAnObject,HumanWalkingProcess
95,LoweringAnObject,LoweringAnObject,HumanWalkingProcess
96,LoweringAnObject,LoweringAnObject,HumanWalkingProcess
97,LoweringAnObject,LoweringAnObject,HumanWalkingProcess
98,LoweringAnObject,LoweringAnObject,HumanWalkingProcess
99,LoweringAnObject,LoweringAnObject,StandingStill
100,LoweringAnObject,LoweringAnObject,StandingStill
101,LoweringAnObject,LoweringAnObject,StandingStill
102,LoweringAnObject,LoweringAnObject,StandingStill
103,LoweringAnObject,LoweringAnObject,StandingStill
104,LoweringAnObject,LoweringAnObject,StandingStill
105,LoweringAnObject,LoweringAnObject,StandingStill
106,LoweringAnObject,LoweringAnObject,StandingStill
107,LoweringAnObject,LoweringAnObject,StandingStill
108,LoweringAnObject,LoweringAnObject,StandingStill
109,LoweringAnObject,LoweringAnObject,StandingStill
110,LoweringAnObject,LoweringAnObject,StandingStill
111,LoweringAnObject,LoweringAnObject,StandingStill
112,LoweringAnObject,LoweringAnObject,StandingStill
113,LoweringAnObject,LoweringAnObject,StandingStill
114,LoweringAnObject,LoweringAnObject,StandingStill
115,LoweringAnObject,LoweringAnObject,StandingStill
116,LoweringAnObject,LoweringAnObject,StandingStill
117,LoweringAnObject,LoweringAnObject,StandingStill
118,LoweringAnObject,LoweringAnObject,StandingStill
119,LoweringAnObject,LoweringAnObject,StandingStill
120,LoweringAnObject,LoweringAnObject,StandingStill
121,LoweringAnObject,LoweringAnObject,StandingStill
122,LoweringAnObject,LoweringAnObject,StandingStill
123,LoweringAnObject,LoweringAnObject,StandingStill
124,LoweringAnObject,LoweringAnObject,StandingStill
125,LoweringAnObject,LoweringAnObject,StandingStill
126,LoweringAnObject,ReleasingGraspOfSomething,StandingStill
127,ReleasingGraspOfSomething,ReleasingGraspOfSomething,StandingStill
128,ReleasingGraspOfSomething,ReleasingGraspOfSomething,StandingStill
129,ReleasingGraspOfSomething,ReleasingGraspOfSomething,StandingStill
130,ReleasingGraspOfSomething,ReleasingGraspOfSomething,StandingStill
131,ReleasingGraspOfSomething,ReleasingGraspOfSomething,StandingStill
132,ReleasingGraspOfSomething,ReleasingGraspOfSomething,StandingStill
133,ReleasingGraspOfSomething,ReleasingGraspOfSomething,StandingStill
134,ReleasingGraspOfSomething,ReleasingGraspOfSomething,StandingStill
135,ReleasingGraspOfSomething,ReleasingGraspOfSomething,StandingStill
136,ReleasingGraspOfSomething,ReleasingGraspOfSomething,HumanWalkingProcess
137,ReleasingGraspOfSomething,ReleasingGraspOfSomething,HumanWalkingProcess
138,ReleasingGraspOfSomething,ReleasingGraspOfSomething,HumanWalkingProcess
139,CarryingWhileLocomoting,ReleasingGraspOfSomething,HumanWalkingProcess
140,CarryingWhileLocomoting,ReleasingGraspOfSomething,HumanWalkingProcess
141,CarryingWhileLocomoting,ReleasingGraspOfSomething,HumanWalkingProcess
142,CarryingWhileLocomoting,ReleasingGraspOfSomething,HumanWalkingProcess
143,CarryingWhileLocomoting,ReleasingGraspOfSomething,HumanWalkingProcess
144,CarryingWhileLocomoting,ReleasingGraspOfSomething,HumanWalkingProcess
145,CarryingWhileLocomoting,ReleasingGraspOfSomething,HumanWalkingProcess
146,CarryingWhileLocomoting,ReleasingGraspOfSomething,HumanWalkingProcess
147,CarryingWhileLocomoting,ReleasingGraspOfSomething,HumanWalkingProcess
148,CarryingWhileLocomoting,ReleasingGraspOfSomething,HumanWalkingProcess
149,CarryingWhileLocomoting,ReleasingGraspOfSomething,HumanWalkingProcess
150,CarryingWhileLocomoting,CarryingWhileLocomoting,HumanWalkingProcess
151,CarryingWhileLocomoting,CarryingWhileLocomoting,HumanWalkingProcess
152,CarryingWhileLocomoting,CarryingWhileLocomoting,HumanWalkingProcess
153,CarryingWhileLocomoting,CarryingWhileLocomoting,HumanWalkingProcess
154,CarryingWhileLocomoting,CarryingWhileLocomoting,HumanWalkingProcess
155,CarryingWhileLocomoting,CarryingWhileLocomoting,HumanWalkingProcess
156,CarryingWhileLocomoting,CarryingWhileLocomoting,HumanWalkingProcess
157,CarryingWhileLocomoting,CarryingWhileLocomoting,HumanWalkingProcess
158,CarryingWhileLocomoting,CarryingWhileLocomoting,HumanWalkingProcess
159,CarryingWhileLocomoting,CarryingWhileLocomoting,HumanWalkingProcess
160,CarryingWhileLocomoting,CarryingWhileLocomoting,HumanWalkingProcess
161,CarryingWhileLocomoting,CarryingWhileLocomoting,HumanWalkingProcess
162,CarryingWhileLocomoting,CarryingWhileLocomoting,HumanWalkingProcess
163,CarryingWhileLocomoting,CarryingWhileLocomoting,HumanWalkingProcess
164,CarryingWhileLocomoting,CarryingWhileLocomoting,HumanWalkingProcess
165,CarryingWhileLocomoting,CarryingWhileLocomoting,HumanWalkingProcess
166,CarryingWhileLocomoting,CarryingWhileLocomoting,HumanWalkingProcess
167,CarryingWhileLocomoting,CarryingWhileLocomoting,HumanWalkingProcess
168,CarryingWhileLocomoting,CarryingWhileLocomoting,HumanWalkingProcess
169,CarryingWhileLocomoting,CarryingWhileLocomoting,HumanWalkingProcess
170,CarryingWhileLocomoting,CarryingWhileLocomoting,HumanWalkingProcess
171,CarryingWhileLocomoting,CarryingWhileLocomoting,HumanWalkingProcess
172,CarryingWhileLocomoting,Reaching,HumanWalkingProcess
173,CarryingWhileLocomoting,Reaching,HumanWalkingProcess
174,CarryingWhileLocomoting,Reaching,HumanWalkingProcess
175,CarryingWhileLocomoting,Reaching,HumanWalkingProcess
176,CarryingWhileLocomoting,Reaching,HumanWalkingProcess
177,CarryingWhileLocomoting,Reaching,HumanWalkingProcess
178,CarryingWhileLocomoting,Reaching,HumanWalkingProcess
179,CarryingWhileLocomoting,Reaching,HumanWalkingProcess
180,CarryingWhileLocomoting,Reaching,HumanWalkingProcess
181,CarryingWhileLocomoting,Reaching,HumanWalkingProcess
182,CarryingWhileLocomoting,Reaching,HumanWalkingProcess
183,CarryingWhileLocomoting,Reaching,HumanWalkingProcess
184,CarryingWhileLocomoting,Reaching,HumanWalkingProcess
185,CarryingWhileLocomoting,Reaching,HumanWalkingProcess
186,CarryingWhileLocomoting,Reaching,HumanWalkingProcess
187,CarryingWhileLocomoting,Reaching,HumanWalkingProcess
188,CarryingWhileLocomoting,Reaching,HumanWalkingProcess
189,CarryingWhileLocomoting,Reaching,HumanWalkingProcess
190,CarryingWhileLocomoting,Reaching,HumanWalkingProcess
191,CarryingWhileLocomoting,Reaching,HumanWalkingProcess
192,CarryingWhileLocomoting,Reaching,HumanWalkingProcess
193,CarryingWhileLocomoting,Reaching,HumanWalkingProcess
194,CarryingWhileLocomoting,TakingSomething,HumanWalkingProcess
195,CarryingWhileLocomoting,TakingSomething,HumanWalkingProcess
196,CarryingWhileLocomoting,TakingSomething,HumanWalkingProcess
197,CarryingWhileLocomoting,TakingSomething,HumanWalkingProcess
198,CarryingWhileLocomoting,TakingSomething,HumanWalkingProcess
199,CarryingWhileLocomoting,TakingSomething,HumanWalkingProcess
200,CarryingWhileLocomoting,TakingSomething,HumanWalkingProcess
201,CarryingWhileLocomoting,TakingSomething,HumanWalkingProcess
202,CarryingWhileLocomoting,TakingSomething,HumanWalkingProcess
203,CarryingWhileLocomoting,TakingSomething,HumanWalkingProcess
204,CarryingWhileLocomoting,TakingSomething,HumanWalkingProcess
205,CarryingWhileLocomoting,TakingSomething,HumanWalkingProcess
206,CarryingWhileLocomoting,TakingSomething,HumanWalkingProcess
207,CarryingWhileLocomoting,TakingSomething,StandingStill
208,CarryingWhileLocomoting,TakingSomething,StandingStill
209,CarryingWhileLocomoting,TakingSomething,StandingStill
210,CarryingWhileLocomoting,TakingSomething,StandingStill
211,CarryingWhileLocomoting,TakingSomething,StandingStill
212,CarryingWhileLocomoting,TakingSomething,StandingStill
213,CarryingWhileLocomoting,TakingSomething,StandingStill
214,CarryingWhileLocomoting,TakingSomething,StandingStill
215,CarryingWhileLocomoting,TakingSomething,StandingStill
216,CarryingWhileLocomoting,TakingSomething,StandingStill
217,Reaching,TakingSomething,StandingStill
218,Reaching,TakingSomething,StandingStill
219,Reaching,TakingSomething,StandingStill
220,Reaching,CarryingWhileLocomoting,StandingStill
221,Reaching,CarryingWhileLocomoting,StandingStill
222,Reaching,CarryingWhileLocomoting,StandingStill
223,Reaching,CarryingWhileLocomoting,StandingStill
224,Reaching,CarryingWhileLocomoting,StandingStill
225,Reaching,CarryingWhileLocomoting,StandingStill
226,Reaching,CarryingWhileLocomoting,StandingStill
227,Reaching,CarryingWhileLocomoting,StandingStill
228,Reaching,CarryingWhileLocomoting,StandingStill
229,Reaching,CarryingWhileLocomoting,StandingStill
230,Reaching,CarryingWhileLocomoting,StandingStill
231,Reaching,CarryingWhileLocomoting,StandingStill
232,Reaching,CarryingWhileLocomoting,StandingStill
233,Reaching,CarryingWhileLocomoting,StandingStill
234,Reaching,CarryingWhileLocomoting,StandingStill
235,Reaching,CarryingWhileLocomoting,StandingStill
236,Reaching,CarryingWhileLocomoting,StandingStill
237,Reaching,CarryingWhileLocomoting,StandingStill
238,Reaching,CarryingWhileLocomoting,StandingStill
239,Reaching,CarryingWhileLocomoting,StandingStill
240,Reaching,CarryingWhileLocomoting,StandingStill
241,Reaching,CarryingWhileLocomoting,StandingStill
242,Reaching,CarryingWhileLocomoting,StandingStill
243,LoweringAnObject,CarryingWhileLocomoting,StandingStill
244,LoweringAnObject,CarryingWhileLocomoting,StandingStill
245,LoweringAnObject,CarryingWhileLocomoting,StandingStill
246,LoweringAnObject,CarryingWhileLocomoting,StandingStill
247,LoweringAnObject,CarryingWhileLocomoting,StandingStill
248,LoweringAnObject,CarryingWhileLocomoting,StandingStill
249,LoweringAnObject,CarryingWhileLocomoting,StandingStill
250,LoweringAnObject,CarryingWhileLocomoting,StandingStill
251,LoweringAnObject,CarryingWhileLocomoting,StandingStill
252,LoweringAnObject,CarryingWhileLocomoting,StandingStill
253,LoweringAnObject,CarryingWhileLocomoting,StandingStill
254,LoweringAnObject,CarryingWhileLocomoting,StandingStill
255,LoweringAnObject,CarryingWhileLocomoting,StandingStill
256,LoweringAnObject,CarryingWhileLocomoting,StandingStill
257,LoweringAnObject,CarryingWhileLocomoting,StandingStill
258,LoweringAnObject,CarryingWhileLocomoting,StandingStill
259,LoweringAnObject,CarryingWhileLocomoting,StandingStill
260,LoweringAnObject,CarryingWhileLocomoting,StandingStill
261,LoweringAnObject,CarryingWhileLocomoting,StandingStill
262,LoweringAnObject,CarryingWhileLocomoting,StandingStill
263,LoweringAnObject,CarryingWhileLocomoting,StandingStill
264,LoweringAnObject,CarryingWhileLocomoting,StandingStill
265,LoweringAnObject,CarryingWhileLocomoting,StandingStill
266,LoweringAnObject,CarryingWhileLocomoting,StandingStill
267,LoweringAnObject,CarryingWhileLocomoting,StandingStill
268,LoweringAnObject,CarryingWhileLocomoting,StandingStill
269,LoweringAnObject,CarryingWhileLocomoting,StandingStill
270,LoweringAnObject,CarryingWhileLocomoting,StandingStill
271,LoweringAnObject,CarryingWhileLocomoting,StandingStill
272,LoweringAnObject,CarryingWhileLocomoting,StandingStill
273,LoweringAnObject,CarryingWhileLocomoting,StandingStill
274,LoweringAnObject,CarryingWhileLocomoting,StandingStill
275,LoweringAnObject,CarryingWhileLocomoting,StandingStill
276,LoweringAnObject,CarryingWhileLocomoting,HumanWalkingProcess
277,ReleasingGraspOfSomething,CarryingWhileLocomoting,HumanWalkingProcess
278,ReleasingGraspOfSomething,CarryingWhileLocomoting,HumanWalkingProcess
279,ReleasingGraspOfSomething,CarryingWhileLocomoting,HumanWalkingProcess
280,ReleasingGraspOfSomething,CarryingWhileLocomoting,HumanWalkingProcess
281,ReleasingGraspOfSomething,CarryingWhileLocomoting,HumanWalkingProcess
282,ReleasingGraspOfSomething,CarryingWhileLocomoting,HumanWalkingProcess
283,ReleasingGraspOfSomething,CarryingWhileLocomoting,HumanWalkingProcess
284,ReleasingGraspOfSomething,CarryingWhileLocomoting,HumanWalkingProcess
285,ReleasingGraspOfSomething,CarryingWhileLocomoting,HumanWalkingProcess
286,ReleasingGraspOfSomething,CarryingWhileLocomoting,HumanWalkingProcess
287,ReleasingGraspOfSomething,CarryingWhileLocomoting,HumanWalkingProcess
288,ReleasingGraspOfSomething,CarryingWhileLocomoting,HumanWalkingProcess
289,ReleasingGraspOfSomething,CarryingWhileLocomoting,HumanWalkingProcess
290,ReleasingGraspOfSomething,CarryingWhileLocomoting,HumanWalkingProcess
291,ReleasingGraspOfSomething,CarryingWhileLocomoting,HumanWalkingProcess
292,ReleasingGraspOfSomething,CarryingWhileLocomoting,HumanWalkingProcess
293,ReleasingGraspOfSomething,CarryingWhileLocomoting,HumanWalkingProcess
294,ReleasingGraspOfSomething,CarryingWhileLocomoting,HumanWalkingProcess
295,ReleasingGraspOfSomething,CarryingWhileLocomoting,HumanWalkingProcess
296,CarryingWhileLocomoting,CarryingWhileLocomoting,HumanWalkingProcess
297,CarryingWhileLocomoting,CarryingWhileLocomoting,HumanWalkingProcess
298,CarryingWhileLocomoting,CarryingWhileLocomoting,HumanWalkingProcess
299,CarryingWhileLocomoting,CarryingWhileLocomoting,HumanWalkingProcess
300,CarryingWhileLocomoting,CarryingWhileLocomoting,HumanWalkingProcess
301,CarryingWhileLocomoting,CarryingWhileLocomoting,HumanWalkingProcess
302,CarryingWhileLocomoting,CarryingWhileLocomoting,HumanWalkingProcess
303,CarryingWhileLocomoting,CarryingWhileLocomoting,HumanWalkingProcess
304,CarryingWhileLocomoting,CarryingWhileLocomoting,HumanWalkingProcess
305,CarryingWhileLocomoting,CarryingWhileLocomoting,HumanWalkingProcess
306,CarryingWhileLocomoting,CarryingWhileLocomoting,HumanWalkingProcess
307,CarryingWhileLocomoting,CarryingWhileLocomoting,HumanWalkingProcess
308,CarryingWhileLocomoting,CarryingWhileLocomoting,HumanWalkingProcess
309,CarryingWhileLocomoting,CarryingWhileLocomoting,HumanWalkingProcess
310,CarryingWhileLocomoting,CarryingWhileLocomoting,HumanWalkingProcess
311,CarryingWhileLocomoting,CarryingWhileLocomoting,HumanWalkingProcess
312,CarryingWhileLocomoting,CarryingWhileLocomoting,HumanWalkingProcess
313,Reaching,CarryingWhileLocomoting,HumanWalkingProcess
314,Reaching,CarryingWhileLocomoting,HumanWalkingProcess
315,Reaching,CarryingWhileLocomoting,HumanWalkingProcess
316,Reaching,CarryingWhileLocomoting,HumanWalkingProcess
317,Reaching,CarryingWhileLocomoting,HumanWalkingProcess
318,Reaching,CarryingWhileLocomoting,HumanWalkingProcess
319,Reaching,CarryingWhileLocomoting,HumanWalkingProcess
320,Reaching,CarryingWhileLocomoting,HumanWalkingProcess
321,Reaching,CarryingWhileLocomoting,HumanWalkingProcess
322,Reaching,CarryingWhileLocomoting,HumanWalkingProcess
323,Reaching,CarryingWhileLocomoting,HumanWalkingProcess
324,Reaching,CarryingWhileLocomoting,HumanWalkingProcess
325,Reaching,CarryingWhileLocomoting,HumanWalkingProcess
326,Reaching,CarryingWhileLocomoting,HumanWalkingProcess
327,Reaching,CarryingWhileLocomoting,HumanWalkingProcess
328,Reaching,CarryingWhileLocomoting,HumanWalkingProcess
329,Reaching,CarryingWhileLocomoting,HumanWalkingProcess
330,Reaching,CarryingWhileLocomoting,HumanWalkingProcess
331,Reaching,CarryingWhileLocomoting,HumanWalkingProcess
332,Reaching,CarryingWhileLocomoting,HumanWalkingProcess
333,Reaching,CarryingWhileLocomoting,HumanWalkingProcess
334,Reaching,CarryingWhileLocomoting,HumanWalkingProcess
335,Reaching,CarryingWhileLocomoting,HumanWalkingProcess
336,Reaching,CarryingWhileLocomoting,HumanWalkingProcess
337,OpeningADoor,CarryingWhileLocomoting,HumanWalkingProcess
338,OpeningADoor,CarryingWhileLocomoting,HumanWalkingProcess
339,OpeningADoor,CarryingWhileLocomoting,HumanWalkingProcess
340,OpeningADoor,CarryingWhileLocomoting,HumanWalkingProcess
341,OpeningADoor,Reaching,HumanWalkingProcess
342,OpeningADoor,Reaching,HumanWalkingProcess
343,OpeningADoor,Reaching,HumanWalkingProcess
344,OpeningADoor,Reaching,StandingStill
345,OpeningADoor,Reaching,StandingStill
346,OpeningADoor,Reaching,StandingStill
347,OpeningADoor,Reaching,StandingStill
348,OpeningADoor,Reaching,StandingStill
349,OpeningADoor,Reaching,StandingStill
350,OpeningADoor,Reaching,StandingStill
351,OpeningADoor,Reaching,StandingStill
352,OpeningADoor,Reaching,StandingStill
353,OpeningADoor,Reaching,StandingStill
354,OpeningADoor,Reaching,StandingStill
355,OpeningADoor,Reaching,StandingStill
356,OpeningADoor,Reaching,StandingStill
357,OpeningADoor,Reaching,StandingStill
358,OpeningADoor,Reaching,StandingStill
359,OpeningADoor,Reaching,StandingStill
360,OpeningADoor,Reaching,StandingStill
361,OpeningADoor,Reaching,StandingStill
362,OpeningADoor,Reaching,StandingStill
363,OpeningADoor,Reaching,StandingStill
364,OpeningADoor,Reaching,StandingStill
365,OpeningADoor,Reaching,StandingStill
366,OpeningADoor,Reaching,StandingStill
367,OpeningADoor,Reaching,StandingStill
368,OpeningADoor,Reaching,StandingStill
369,OpeningADoor,Reaching,StandingStill
370,OpeningADoor,Reaching,StandingStill
371,OpeningADoor,Reaching,StandingStill
372,OpeningADoor,Reaching,StandingStill
373,OpeningADoor,Reaching,StandingStill
374,OpeningADoor,Reaching,StandingStill
375,OpeningADoor,Reaching,StandingStill
376,ClosingADoor,Reaching,StandingStill
377,ClosingADoor,Reaching,StandingStill
378,ClosingADoor,Reaching,StandingStill
379,ClosingADoor,TakingSomething,StandingStill
380,ClosingADoor,TakingSomething,StandingStill
381,ClosingADoor,TakingSomething,StandingStill
382,ClosingADoor,TakingSomething,StandingStill
383,ClosingADoor,TakingSomething,StandingStill
384,ClosingADoor,TakingSomething,StandingStill
385,ClosingADoor,TakingSomething,StandingStill
386,ClosingADoor,TakingSomething,StandingStill
387,ClosingADoor,TakingSomething,StandingStill
388,ClosingADoor,TakingSomething,StandingStill
389,ClosingADoor,TakingSomething,StandingStill
390,ClosingADoor,TakingSomething,StandingStill
391,ClosingADoor,TakingSomething,StandingStill
392,ClosingADoor,TakingSomething,StandingStill
393,ClosingADoor,TakingSomething,StandingStill
394,ClosingADoor,TakingSomething,StandingStill
395,ClosingADoor,TakingSomething,StandingStill
396,ClosingADoor,TakingSomething,StandingStill
397,ClosingADoor,TakingSomething,StandingStill
398,ClosingADoor,TakingSomething,StandingStill
399,ClosingADoor,TakingSomething,StandingStill
400,ClosingADoor,TakingSomething,StandingStill
401,ClosingADoor,TakingSomething,StandingStill
402,ClosingADoor,TakingSomething,StandingStill
403,ClosingADoor,TakingSomething,StandingStill
404,ClosingADoor,TakingSomething,StandingStill
405,ClosingADoor,TakingSomething,StandingStill
406,ClosingADoor,TakingSomething,StandingStill
407,ClosingADoor,TakingSomething,StandingStill
408,ClosingADoor,TakingSomething,StandingStill
409,ClosingADoor,TakingSomething,StandingStill
410,ClosingADoor,TakingSomething,StandingStill
411,ClosingADoor,TakingSomething,StandingStill
412,ClosingADoor,TakingSomething,StandingStill
413,ClosingADoor,TakingSomething,StandingStill
414,ClosingADoor,TakingSomething,StandingStill
415,ClosingADoor,TakingSomething,StandingStill
416,ClosingADoor,TakingSomething,StandingStill
417,ReleasingGraspOfSomething,TakingSomething,StandingStill
418,ReleasingGraspOfSomething,TakingSomething,StandingStill
419,ReleasingGraspOfSomething,TakingSomething,StandingStill
420,ReleasingGraspOfSomething,TakingSomething,StandingStill
421,ReleasingGraspOfSomething,TakingSomething,HumanWalkingProcess
422,ReleasingGraspOfSomething,TakingSomething,HumanWalkingProcess
423,ReleasingGraspOfSomething,TakingSomething,HumanWalkingProcess
424,ReleasingGraspOfSomething,TakingSomething,HumanWalkingProcess
425,ReleasingGraspOfSomething,TakingSomething,HumanWalkingProcess
426,ReleasingGraspOfSomething,TakingSomething,HumanWalkingProcess
427,ReleasingGraspOfSomething,TakingSomething,HumanWalkingProcess
428,ReleasingGraspOfSomething,TakingSomething,HumanWalkingProcess
429,ReleasingGraspOfSomething,TakingSomething,HumanWalkingProcess
430,ReleasingGraspOfSomething,CarryingWhileLocomoting,HumanWalkingProcess
431,ReleasingGraspOfSomething,CarryingWhileLocomoting,HumanWalkingProcess
432,ReleasingGraspOfSomething,CarryingWhileLocomoting,HumanWalkingProcess
433,ReleasingGraspOfSomething,CarryingWhileLocomoting,HumanWalkingProcess
434,ReleasingGraspOfSomething,CarryingWhileLocomoting,HumanWalkingProcess
435,ReleasingGraspOfSomething,CarryingWhileLocomoting,HumanWalkingProcess
436,ReleasingGraspOfSomething,CarryingWhileLocomoting,HumanWalkingProcess
437,CarryingWhileLocomoting,CarryingWhileLocomoting,HumanWalkingProcess
438,CarryingWhileLocomoting,CarryingWhileLocomoting,HumanWalkingProcess
439,CarryingWhileLocomoting,CarryingWhileLocomoting,HumanWalkingProcess
440,CarryingWhileLocomoting,CarryingWhileLocomoting,HumanWalkingProcess
441,CarryingWhileLocomoting,CarryingWhileLocomoting,HumanWalkingProcess
442,CarryingWhileLocomoting,CarryingWhileLocomoting,HumanWalkingProcess
443,CarryingWhileLocomoting,CarryingWhileLocomoting,HumanWalkingProcess
444,CarryingWhileLocomoting,CarryingWhileLocomoting,HumanWalkingProcess
445,CarryingWhileLocomoting,CarryingWhileLocomoting,HumanWalkingProcess
446,CarryingWhileLocomoting,CarryingWhileLocomoting,HumanWalkingProcess
447,CarryingWhileLocomoting,CarryingWhileLocomoting,HumanWalkingProcess
448,CarryingWhileLocomoting,CarryingWhileLocomoting,HumanWalkingProcess
449,CarryingWhileLocomoting,CarryingWhileLocomoting,HumanWalkingProcess
450,CarryingWhileLocomoting,CarryingWhileLocomoting,HumanWalkingProcess
451,CarryingWhileLocomoting,CarryingWhileLocomoting,HumanWalkingProcess
452,CarryingWhileLocomoting,CarryingWhileLocomoting,HumanWalkingProcess
453,CarryingWhileLocomoting,CarryingWhileLocomoting,HumanWalkingProcess
454,CarryingWhileLocomoting,CarryingWhileLocomoting,HumanWalkingProcess
455,CarryingWhileLocomoting,CarryingWhileLocomoting,HumanWalkingProcess
456,CarryingWhileLocomoting,CarryingWhileLocomoting,HumanWalkingProcess
457,CarryingWhileLocomoting,LoweringAnObject,HumanWalkingProcess
458,LoweringAnObject,LoweringAnObject,HumanWalkingProcess
459,LoweringAnObject,LoweringAnObject,HumanWalkingProcess
460,LoweringAnObject,LoweringAnObject,HumanWalkingProcess
461,LoweringAnObject,LoweringAnObject,HumanWalkingProcess
462,LoweringAnObject,LoweringAnObject,HumanWalkingProcess
463,LoweringAnObject,LoweringAnObject,HumanWalkingProcess
464,LoweringAnObject,LoweringAnObject,HumanWalkingProcess
465,LoweringAnObject,LoweringAnObject,HumanWalkingProcess
466,LoweringAnObject,LoweringAnObject,HumanWalkingProcess
467,LoweringAnObject,LoweringAnObject,HumanWalkingProcess
468,LoweringAnObject,LoweringAnObject,HumanWalkingProcess
469,LoweringAnObject,LoweringAnObject,HumanWalkingProcess
470,LoweringAnObject,LoweringAnObject,HumanWalkingProcess
471,LoweringAnObject,LoweringAnObject,HumanWalkingProcess
472,LoweringAnObject,LoweringAnObject,StandingStill
473,LoweringAnObject,LoweringAnObject,StandingStill
474,LoweringAnObject,LoweringAnObject,StandingStill
475,LoweringAnObject,LoweringAnObject,StandingStill
476,LoweringAnObject,LoweringAnObject,StandingStill
477,LoweringAnObject,LoweringAnObject,StandingStill
478,LoweringAnObject,LoweringAnObject,StandingStill
479,LoweringAnObject,LoweringAnObject,StandingStill
480,LoweringAnObject,LoweringAnObject,StandingStill
481,LoweringAnObject,LoweringAnObject,StandingStill
482,LoweringAnObject,LoweringAnObject,StandingStill
483,LoweringAnObject,LoweringAnObject,StandingStill
484,LoweringAnObject,LoweringAnObject,StandingStill
485,LoweringAnObject,LoweringAnObject,StandingStill
486,LoweringAnObject,LoweringAnObject,StandingStill
487,LoweringAnObject,LoweringAnObject,StandingStill
488,ReleasingGraspOfSomething,LoweringAnObject,StandingStill
489,ReleasingGraspOfSomething,ReleasingGraspOfSomething,StandingStill
490,ReleasingGraspOfSomething,ReleasingGraspOfSomething,StandingStill
491,ReleasingGraspOfSomething,ReleasingGraspOfSomething,StandingStill
492,ReleasingGraspOfSomething,ReleasingGraspOfSomething,StandingStill
493,ReleasingGraspOfSomething,ReleasingGraspOfSomething,StandingStill
494,ReleasingGraspOfSomething,ReleasingGraspOfSomething,StandingStill
495,ReleasingGraspOfSomething,ReleasingGraspOfSomething,StandingStill
496,ReleasingGraspOfSomething,ReleasingGraspOfSomething,StandingStill
497,ReleasingGraspOfSomething,ReleasingGraspOfSomething,StandingStill
498,ReleasingGraspOfSomething,ReleasingGraspOfSomething,StandingStill
499,ReleasingGraspOfSomething,ReleasingGraspOfSomething,StandingStill
500,ReleasingGraspOfSomething,ReleasingGraspOfSomething,StandingStill
501,ReleasingGraspOfSomething,ReleasingGraspOfSomething,StandingStill
502,ReleasingGraspOfSomething,ReleasingGraspOfSomething,StandingStill
503,CarryingWhileLocomoting,CarryingWhileLocomoting,StandingStill
504,CarryingWhileLocomoting,CarryingWhileLocomoting,StandingStill
505,CarryingWhileLocomoting,CarryingWhileLocomoting,StandingStill
506,CarryingWhileLocomoting,CarryingWhileLocomoting,HumanWalkingProcess
507,CarryingWhileLocomoting,CarryingWhileLocomoting,HumanWalkingProcess
508,CarryingWhileLocomoting,CarryingWhileLocomoting,HumanWalkingProcess
509,CarryingWhileLocomoting,CarryingWhileLocomoting,HumanWalkingProcess
510,CarryingWhileLocomoting,CarryingWhileLocomoting,HumanWalkingProcess
511,CarryingWhileLocomoting,CarryingWhileLocomoting,HumanWalkingProcess
512,CarryingWhileLocomoting,CarryingWhileLocomoting,HumanWalkingProcess
513,CarryingWhileLocomoting,CarryingWhileLocomoting,HumanWalkingProcess
514,CarryingWhileLocomoting,CarryingWhileLocomoting,HumanWalkingProcess
515,CarryingWhileLocomoting,CarryingWhileLocomoting,HumanWalkingProcess
516,CarryingWhileLocomoting,CarryingWhileLocomoting,HumanWalkingProcess
517,CarryingWhileLocomoting,CarryingWhileLocomoting,HumanWalkingProcess
518,CarryingWhileLocomoting,CarryingWhileLocomoting,HumanWalkingProcess
519,CarryingWhileLocomoting,CarryingWhileLocomoting,HumanWalkingProcess
520,CarryingWhileLocomoting,CarryingWhileLocomoting,HumanWalkingProcess
521,CarryingWhileLocomoting,CarryingWhileLocomoting,HumanWalkingProcess
522,CarryingWhileLocomoting,CarryingWhileLocomoting,HumanWalkingProcess
523,CarryingWhileLocomoting,CarryingWhileLocomoting,HumanWalkingProcess
524,CarryingWhileLocomoting,CarryingWhileLocomoting,HumanWalkingProcess
525,CarryingWhileLocomoting,CarryingWhileLocomoting,HumanWalkingProcess
526,CarryingWhileLocomoting,CarryingWhileLocomoting,HumanWalkingProcess
527,CarryingWhileLocomoting,CarryingWhileLocomoting,HumanWalkingProcess
528,CarryingWhileLocomoting,CarryingWhileLocomoting,HumanWalkingProcess
529,CarryingWhileLocomoting,CarryingWhileLocomoting,HumanWalkingProcess
530,CarryingWhileLocomoting,CarryingWhileLocomoting,HumanWalkingProcess
531,CarryingWhileLocomoting,CarryingWhileLocomoting,HumanWalkingProcess
532,CarryingWhileLocomoting,CarryingWhileLocomoting,HumanWalkingProcess
533,Reaching,CarryingWhileLocomoting,HumanWalkingProcess
534,Reaching,CarryingWhileLocomoting,HumanWalkingProcess
535,Reaching,CarryingWhileLocomoting,HumanWalkingProcess
536,Reaching,CarryingWhileLocomoting,HumanWalkingProcess
537,Reaching,CarryingWhileLocomoting,HumanWalkingProcess
538,Reaching,CarryingWhileLocomoting,HumanWalkingProcess
539,Reaching,CarryingWhileLocomoting,HumanWalkingProcess
540,Reaching,CarryingWhileLocomoting,HumanWalkingProcess
541,Reaching,CarryingWhileLocomoting,HumanWalkingProcess
542,Reaching,CarryingWhileLocomoting,HumanWalkingProcess
543,Reaching,CarryingWhileLocomoting,HumanWalkingProcess
544,Reaching,CarryingWhileLocomoting,HumanWalkingProcess
545,Reaching,CarryingWhileLocomoting,HumanWalkingProcess
546,Reaching,CarryingWhileLocomoting,StandingStill
547,Reaching,CarryingWhileLocomoting,StandingStill
548,Reaching,CarryingWhileLocomoting,StandingStill
549,Reaching,CarryingWhileLocomoting,StandingStill
550,Reaching,CarryingWhileLocomoting,StandingStill
551,OpeningADrawer,CarryingWhileLocomoting,StandingStill
552,OpeningADrawer,CarryingWhileLocomoting,StandingStill
553,OpeningADrawer,CarryingWhileLocomoting,StandingStill
554,OpeningADrawer,CarryingWhileLocomoting,StandingStill
555,OpeningADrawer,CarryingWhileLocomoting,StandingStill
556,OpeningADrawer,CarryingWhileLocomoting,StandingStill
557,OpeningADrawer,CarryingWhileLocomoting,StandingStill
558,OpeningADrawer,CarryingWhileLocomoting,StandingStill
559,OpeningADrawer,CarryingWhileLocomoting,StandingStill
560,OpeningADrawer,CarryingWhileLocomoting,StandingStill
561,OpeningADrawer,CarryingWhileLocomoting,StandingStill
562,OpeningADrawer,CarryingWhileLocomoting,StandingStill
563,OpeningADrawer,CarryingWhileLocomoting,StandingStill
564,OpeningADrawer,CarryingWhileLocomoting,StandingStill
565,OpeningADrawer,CarryingWhileLocomoting,StandingStill
566,Reaching,CarryingWhileLocomoting,StandingStill
567,Reaching,CarryingWhileLocomoting,StandingStill
568,Reaching,CarryingWhileLocomoting,StandingStill
569,Reaching,CarryingWhileLocomoting,StandingStill
570,Reaching,CarryingWhileLocomoting,StandingStill
571,Reaching,CarryingWhileLocomoting,StandingStill
572,Reaching,CarryingWhileLocomoting,StandingStill
573,Reaching,CarryingWhileLocomoting,StandingStill
574,Reaching,CarryingWhileLocomoting,StandingStill
575,Reaching,CarryingWhileLocomoting,StandingStill
576,Reaching,CarryingWhileLocomoting,StandingStill
577,Reaching,ClosingADrawer,StandingStill
578,TakingSomething,ClosingADrawer,StandingStill
579,TakingSomething,ClosingADrawer,StandingStill
580,TakingSomething,ClosingADrawer,StandingStill
581,TakingSomething,ClosingADrawer,StandingStill
582,TakingSomething,ClosingADrawer,StandingStill
583,TakingSomething,ClosingADrawer,StandingStill
584,TakingSomething,ClosingADrawer,StandingStill
585,TakingSomething,ClosingADrawer,StandingStill
586,TakingSomething,ClosingADrawer,StandingStill
587,TakingSomething,ClosingADrawer,StandingStill
588,TakingSomething,ClosingADrawer,StandingStill
589,TakingSomething,ClosingADrawer,StandingStill
590,TakingSomething,ClosingADrawer,StandingStill
591,TakingSomething,ClosingADrawer,StandingStill
592,TakingSomething,ClosingADrawer,StandingStill
593,TakingSomething,ClosingADrawer,StandingStill
594,TakingSomething,ClosingADrawer,StandingStill
595,TakingSomething,ClosingADrawer,StandingStill
596,TakingSomething,ClosingADrawer,StandingStill
597,TakingSomething,ClosingADrawer,StandingStill
598,TakingSomething,ClosingADrawer,StandingStill
599,TakingSomething,ClosingADrawer,HumanWalkingProcess
600,TakingSomething,ClosingADrawer,HumanWalkingProcess
601,CarryingWhileLocomoting,ClosingADrawer,HumanWalkingProcess
602,CarryingWhileLocomoting,ClosingADrawer,HumanWalkingProcess
603,CarryingWhileLocomoting,ClosingADrawer,HumanWalkingProcess
604,CarryingWhileLocomoting,ClosingADrawer,HumanWalkingProcess
605,CarryingWhileLocomoting,ClosingADrawer,HumanWalkingProcess
606,CarryingWhileLocomoting,CarryingWhileLocomoting,HumanWalkingProcess
607,CarryingWhileLocomoting,CarryingWhileLocomoting,HumanWalkingProcess
608,CarryingWhileLocomoting,CarryingWhileLocomoting,HumanWalkingProcess
609,CarryingWhileLocomoting,CarryingWhileLocomoting,HumanWalkingProcess
610,CarryingWhileLocomoting,CarryingWhileLocomoting,HumanWalkingProcess
611,CarryingWhileLocomoting,CarryingWhileLocomoting,HumanWalkingProcess
612,CarryingWhileLocomoting,CarryingWhileLocomoting,HumanWalkingProcess
613,CarryingWhileLocomoting,CarryingWhileLocomoting,HumanWalkingProcess
614,CarryingWhileLocomoting,CarryingWhileLocomoting,HumanWalkingProcess
615,CarryingWhileLocomoting,CarryingWhileLocomoting,HumanWalkingProcess
616,CarryingWhileLocomoting,CarryingWhileLocomoting,HumanWalkingProcess
617,CarryingWhileLocomoting,CarryingWhileLocomoting,HumanWalkingProcess
618,CarryingWhileLocomoting,CarryingWhileLocomoting,HumanWalkingProcess
619,CarryingWhileLocomoting,CarryingWhileLocomoting,HumanWalkingProcess
620,CarryingWhileLocomoting,CarryingWhileLocomoting,HumanWalkingProcess
621,CarryingWhileLocomoting,CarryingWhileLocomoting,HumanWalkingProcess
622,CarryingWhileLocomoting,CarryingWhileLocomoting,HumanWalkingProcess
623,CarryingWhileLocomoting,CarryingWhileLocomoting,HumanWalkingProcess
624,CarryingWhileLocomoting,CarryingWhileLocomoting,HumanWalkingProcess
625,CarryingWhileLocomoting,LoweringAnObject,HumanWalkingProcess
626,CarryingWhileLocomoting,LoweringAnObject,HumanWalkingProcess
627,CarryingWhileLocomoting,LoweringAnObject,HumanWalkingProcess
628,CarryingWhileLocomoting,LoweringAnObject,HumanWalkingProcess
629,CarryingWhileLocomoting,LoweringAnObject,HumanWalkingProcess
630,CarryingWhileLocomoting,LoweringAnObject,HumanWalkingProcess
631,CarryingWhileLocomoting,LoweringAnObject,HumanWalkingProcess
632,CarryingWhileLocomoting,LoweringAnObject,HumanWalkingProcess
633,CarryingWhileLocomoting,LoweringAnObject,HumanWalkingProcess
634,CarryingWhileLocomoting,LoweringAnObject,HumanWalkingProcess
635,CarryingWhileLocomoting,LoweringAnObject,HumanWalkingProcess
636,CarryingWhileLocomoting,LoweringAnObject,HumanWalkingProcess
637,CarryingWhileLocomoting,LoweringAnObject,HumanWalkingProcess
638,CarryingWhileLocomoting,LoweringAnObject,HumanWalkingProcess
639,CarryingWhileLocomoting,LoweringAnObject,HumanWalkingProcess
640,CarryingWhileLocomoting,LoweringAnObject,HumanWalkingProcess
641,CarryingWhileLocomoting,LoweringAnObject,StandingStill
642,CarryingWhileLocomoting,LoweringAnObject,StandingStill
643,CarryingWhileLocomoting,LoweringAnObject,StandingStill
644,CarryingWhileLocomoting,LoweringAnObject,StandingStill
645,CarryingWhileLocomoting,LoweringAnObject,StandingStill
646,CarryingWhileLocomoting,LoweringAnObject,StandingStill
647,CarryingWhileLocomoting,LoweringAnObject,StandingStill
648,CarryingWhileLocomoting,LoweringAnObject,StandingStill
649,CarryingWhileLocomoting,LoweringAnObject,StandingStill
650,CarryingWhileLocomoting,LoweringAnObject,StandingStill
651,CarryingWhileLocomoting,LoweringAnObject,StandingStill
652,CarryingWhileLocomoting,LoweringAnObject,StandingStill
653,CarryingWhileLocomoting,ReleasingGraspOfSomething,StandingStill
654,CarryingWhileLocomoting,ReleasingGraspOfSomething,StandingStill
655,CarryingWhileLocomoting,ReleasingGraspOfSomething,StandingStill
656,CarryingWhileLocomoting,ReleasingGraspOfSomething,StandingStill
657,CarryingWhileLocomoting,ReleasingGraspOfSomething,StandingStill
658,CarryingWhileLocomoting,ReleasingGraspOfSomething,StandingStill
659,CarryingWhileLocomoting,ReleasingGraspOfSomething,StandingStill
660,CarryingWhileLocomoting,ReleasingGraspOfSomething,StandingStill
661,CarryingWhileLocomoting,ReleasingGraspOfSomething,StandingStill
662,CarryingWhileLocomoting,ReleasingGraspOfSomething,StandingStill
663,CarryingWhileLocomoting,ReleasingGraspOfSomething,StandingStill
664,CarryingWhileLocomoting,ReleasingGraspOfSomething,StandingStill
665,CarryingWhileLocomoting,ReleasingGraspOfSomething,StandingStill
666,CarryingWhileLocomoting,ReleasingGraspOfSomething,StandingStill
667,CarryingWhileLocomoting,ReleasingGraspOfSomething,StandingStill
668,CarryingWhileLocomoting,ReleasingGraspOfSomething,StandingStill
669,CarryingWhileLocomoting,ReleasingGraspOfSomething,StandingStill
670,CarryingWhileLocomoting,ReleasingGraspOfSomething,StandingStill
671,CarryingWhileLocomoting,ReleasingGraspOfSomething,HumanWalkingProcess
672,CarryingWhileLocomoting,ReleasingGraspOfSomething,HumanWalkingProcess
673,CarryingWhileLocomoting,ReleasingGraspOfSomething,HumanWalkingProcess
674,CarryingWhileLocomoting,ReleasingGraspOfSomething,HumanWalkingProcess
675,CarryingWhileLocomoting,ReleasingGraspOfSomething,HumanWalkingProcess
676,CarryingWhileLocomoting,CarryingWhileLocomoting,HumanWalkingProcess
677,CarryingWhileLocomoting,CarryingWhileLocomoting,HumanWalkingProcess
678,CarryingWhileLocomoting,CarryingWhileLocomoting,HumanWalkingProcess
679,CarryingWhileLocomoting,CarryingWhileLocomoting,HumanWalkingProcess
680,CarryingWhileLocomoting,CarryingWhileLocomoting,HumanWalkingProcess
681,CarryingWhileLocomoting,CarryingWhileLocomoting,HumanWalkingProcess
682,CarryingWhileLocomoting,CarryingWhileLocomoting,HumanWalkingProcess
683,CarryingWhileLocomoting,CarryingWhileLocomoting,HumanWalkingProcess
684,CarryingWhileLocomoting,CarryingWhileLocomoting,HumanWalkingProcess
685,CarryingWhileLocomoting,CarryingWhileLocomoting,HumanWalkingProcess
686,CarryingWhileLocomoting,CarryingWhileLocomoting,HumanWalkingProcess
687,CarryingWhileLocomoting,CarryingWhileLocomoting,HumanWalkingProcess
688,CarryingWhileLocomoting,CarryingWhileLocomoting,HumanWalkingProcess
689,CarryingWhileLocomoting,CarryingWhileLocomoting,HumanWalkingProcess
690,CarryingWhileLocomoting,CarryingWhileLocomoting,HumanWalkingProcess
691,CarryingWhileLocomoting,CarryingWhileLocomoting,HumanWalkingProcess
692,CarryingWhileLocomoting,CarryingWhileLocomoting,HumanWalkingProcess
693,CarryingWhileLocomoting,CarryingWhileLocomoting,HumanWalkingProcess
694,CarryingWhileLocomoting,CarryingWhileLocomoting,HumanWalkingProcess
695,CarryingWhileLocomoting,CarryingWhileLocomoting,HumanWalkingProcess
696,CarryingWhileLocomoting,Reaching,HumanWalkingProcess
697,CarryingWhileLocomoting,Reaching,HumanWalkingProcess
698,CarryingWhileLocomoting,Reaching,HumanWalkingProcess
699,CarryingWhileLocomoting,Reaching,HumanWalkingProcess
700,CarryingWhileLocomoting,Reaching,HumanWalkingProcess
701,CarryingWhileLocomoting,Reaching,HumanWalkingProcess
702,CarryingWhileLocomoting,Reaching,HumanWalkingProcess
703,CarryingWhileLocomoting,Reaching,HumanWalkingProcess
704,CarryingWhileLocomoting,Reaching,HumanWalkingProcess
705,CarryingWhileLocomoting,Reaching,HumanWalkingProcess
706,Reaching,Reaching,HumanWalkingProcess
707,Reaching,Reaching,StandingStill
708,Reaching,Reaching,StandingStill
709,Reaching,Reaching,StandingStill
710,Reaching,OpeningADrawer,StandingStill
711,Reaching,OpeningADrawer,StandingStill
712,Reaching,OpeningADrawer,StandingStill
713,Reaching,OpeningADrawer,StandingStill
714,Reaching,OpeningADrawer,StandingStill
715,Reaching,OpeningADrawer,StandingStill
716,Reaching,OpeningADrawer,StandingStill
717,Reaching,OpeningADrawer,StandingStill
718,Reaching,OpeningADrawer,StandingStill
719,Reaching,OpeningADrawer,StandingStill
720,Reaching,OpeningADrawer,StandingStill
721,Reaching,OpeningADrawer,StandingStill
722,Reaching,OpeningADrawer,StandingStill
723,Reaching,OpeningADrawer,StandingStill
724,Reaching,OpeningADrawer,StandingStill
725,Reaching,OpeningADrawer,StandingStill
726,Reaching,OpeningADrawer,StandingStill
727,Reaching,OpeningADrawer,StandingStill
728,Reaching,OpeningADrawer,StandingStill
729,Reaching,OpeningADrawer,StandingStill
730,Reaching,OpeningADrawer,StandingStill
731,Reaching,OpeningADrawer,StandingStill
732,Reaching,OpeningADrawer,StandingStill
733,Reaching,OpeningADrawer,StandingStill
734,Reaching,OpeningADrawer,StandingStill
735,Reaching,OpeningADrawer,StandingStill
736,Reaching,OpeningADrawer,StandingStill
737,TakingSomething,ClosingADrawer,StandingStill
738,TakingSomething,ClosingADrawer,StandingStill
739,TakingSomething,ClosingADrawer,StandingStill
740,TakingSomething,ClosingADrawer,StandingStill
741,TakingSomething,ClosingADrawer,StandingStill
742,TakingSomething,ClosingADrawer,StandingStill
743,TakingSomething,ClosingADrawer,StandingStill
744,TakingSomething,ClosingADrawer,StandingStill
745,TakingSomething,ClosingADrawer,StandingStill
746,TakingSomething,ClosingADrawer,StandingStill
747,TakingSomething,ClosingADrawer,StandingStill
748,TakingSomething,ClosingADrawer,StandingStill
749,TakingSomething,ClosingADrawer,StandingStill
750,TakingSomething,ClosingADrawer,StandingStill
751,TakingSomething,ClosingADrawer,StandingStill
752,TakingSomething,ClosingADrawer,StandingStill
753,TakingSomething,ClosingADrawer,StandingStill
754,TakingSomething,ClosingADrawer,StandingStill
755,TakingSomething,ClosingADrawer,StandingStill
756,TakingSomething,ClosingADrawer,StandingStill
757,TakingSomething,ClosingADrawer,HumanWalkingProcess
758,TakingSomething,ClosingADrawer,HumanWalkingProcess
759,CarryingWhileLocomoting,ClosingADrawer,HumanWalkingProcess
760,CarryingWhileLocomoting,ClosingADrawer,HumanWalkingProcess
761,CarryingWhileLocomoting,ClosingADrawer,HumanWalkingProcess
762,CarryingWhileLocomoting,ReleasingGraspOfSomething,HumanWalkingProcess
763,CarryingWhileLocomoting,ReleasingGraspOfSomething,HumanWalkingProcess
764,CarryingWhileLocomoting,ReleasingGraspOfSomething,HumanWalkingProcess
765,CarryingWhileLocomoting,ReleasingGraspOfSomething,HumanWalkingProcess
766,CarryingWhileLocomoting,ReleasingGraspOfSomething,HumanWalkingProcess
767,CarryingWhileLocomoting,ReleasingGraspOfSomething,HumanWalkingProcess
768,CarryingWhileLocomoting,ReleasingGraspOfSomething,HumanWalkingProcess
769,CarryingWhileLocomoting,ReleasingGraspOfSomething,HumanWalkingProcess
770,CarryingWhileLocomoting,ReleasingGraspOfSomething,HumanWalkingProcess
771,CarryingWhileLocomoting,CarryingWhileLocomoting,HumanWalkingProcess
772,CarryingWhileLocomoting,CarryingWhileLocomoting,HumanWalkingProcess
773,CarryingWhileLocomoting,CarryingWhileLocomoting,HumanWalkingProcess
774,CarryingWhileLocomoting,CarryingWhileLocomoting,HumanWalkingProcess
775,CarryingWhileLocomoting,CarryingWhileLocomoting,HumanWalkingProcess
776,CarryingWhileLocomoting,CarryingWhileLocomoting,HumanWalkingProcess
777,CarryingWhileLocomoting,CarryingWhileLocomoting,HumanWalkingProcess
778,CarryingWhileLocomoting,CarryingWhileLocomoting,HumanWalkingProcess
779,CarryingWhileLocomoting,CarryingWhileLocomoting,HumanWalkingProcess
780,CarryingWhileLocomoting,CarryingWhileLocomoting,HumanWalkingProcess
781,CarryingWhileLocomoting,CarryingWhileLocomoting,HumanWalkingProcess
782,CarryingWhileLocomoting,CarryingWhileLocomoting,HumanWalkingProcess
783,CarryingWhileLocomoting,CarryingWhileLocomoting,HumanWalkingProcess
784,CarryingWhileLocomoting,CarryingWhileLocomoting,HumanWalkingProcess
785,CarryingWhileLocomoting,CarryingWhileLocomoting,HumanWalkingProcess
786,CarryingWhileLocomoting,CarryingWhileLocomoting,HumanWalkingProcess
787,CarryingWhileLocomoting,LoweringAnObject,HumanWalkingProcess
788,CarryingWhileLocomoting,LoweringAnObject,HumanWalkingProcess
789,CarryingWhileLocomoting,LoweringAnObject,HumanWalkingProcess
790,CarryingWhileLocomoting,LoweringAnObject,HumanWalkingProcess
791,CarryingWhileLocomoting,LoweringAnObject,HumanWalkingProcess
792,CarryingWhileLocomoting,LoweringAnObject,HumanWalkingProcess
793,CarryingWhileLocomoting,LoweringAnObject,HumanWalkingProcess
794,CarryingWhileLocomoting,LoweringAnObject,HumanWalkingProcess
795,CarryingWhileLocomoting,LoweringAnObject,HumanWalkingProcess
796,CarryingWhileLocomoting,LoweringAnObject,HumanWalkingProcess
797,CarryingWhileLocomoting,LoweringAnObject,HumanWalkingProcess
798,CarryingWhileLocomoting,LoweringAnObject,HumanWalkingProcess
799,CarryingWhileLocomoting,LoweringAnObject,HumanWalkingProcess
800,CarryingWhileLocomoting,LoweringAnObject,HumanWalkingProcess
801,CarryingWhileLocomoting,LoweringAnObject,HumanWalkingProcess
802,CarryingWhileLocomoting,LoweringAnObject,HumanWalkingProcess
803,CarryingWhileLocomoting,LoweringAnObject,HumanWalkingProcess
804,CarryingWhileLocomoting,LoweringAnObject,HumanWalkingProcess
805,CarryingWhileLocomoting,LoweringAnObject,HumanWalkingProcess
806,CarryingWhileLocomoting,LoweringAnObject,HumanWalkingProcess
807,CarryingWhileLocomoting,LoweringAnObject,HumanWalkingProcess
808,CarryingWhileLocomoting,LoweringAnObject,StandingStill
809,CarryingWhileLocomoting,LoweringAnObject,StandingStill
810,CarryingWhileLocomoting,LoweringAnObject,StandingStill
811,CarryingWhileLocomoting,LoweringAnObject,StandingStill
812,CarryingWhileLocomoting,LoweringAnObject,StandingStill
813,CarryingWhileLocomoting,ReleasingGraspOfSomething,StandingStill
814,CarryingWhileLocomoting,ReleasingGraspOfSomething,StandingStill
815,CarryingWhileLocomoting,ReleasingGraspOfSomething,StandingStill
816,CarryingWhileLocomoting,ReleasingGraspOfSomething,StandingStill
817,CarryingWhileLocomoting,ReleasingGraspOfSomething,StandingStill
818,CarryingWhileLocomoting,ReleasingGraspOfSomething,StandingStill
819,CarryingWhileLocomoting,ReleasingGraspOfSomething,StandingStill
820,CarryingWhileLocomoting,ReleasingGraspOfSomething,StandingStill
821,CarryingWhileLocomoting,ReleasingGraspOfSomething,StandingStill
822,CarryingWhileLocomoting,ReleasingGraspOfSomething,StandingStill
823,CarryingWhileLocomoting,ReleasingGraspOfSomething,StandingStill
824,CarryingWhileLocomoting,ReleasingGraspOfSomething,StandingStill
825,CarryingWhileLocomoting,ReleasingGraspOfSomething,StandingStill
826,CarryingWhileLocomoting,ReleasingGraspOfSomething,StandingStill
827,CarryingWhileLocomoting,ReleasingGraspOfSomething,StandingStill
828,CarryingWhileLocomoting,ReleasingGraspOfSomething,StandingStill
829,CarryingWhileLocomoting,ReleasingGraspOfSomething,StandingStill
830,CarryingWhileLocomoting,ReleasingGraspOfSomething,StandingStill
831,CarryingWhileLocomoting,ReleasingGraspOfSomething,HumanWalkingProcess
832,CarryingWhileLocomoting,ReleasingGraspOfSomething,HumanWalkingProcess
833,CarryingWhileLocomoting,CarryingWhileLocomoting,HumanWalkingProcess
834,CarryingWhileLocomoting,CarryingWhileLocomoting,HumanWalkingProcess
835,CarryingWhileLocomoting,CarryingWhileLocomoting,HumanWalkingProcess
836,CarryingWhileLocomoting,CarryingWhileLocomoting,HumanWalkingProcess
837,CarryingWhileLocomoting,CarryingWhileLocomoting,HumanWalkingProcess
838,CarryingWhileLocomoting,CarryingWhileLocomoting,HumanWalkingProcess
839,CarryingWhileLocomoting,CarryingWhileLocomoting,HumanWalkingProcess
840,CarryingWhileLocomoting,CarryingWhileLocomoting,HumanWalkingProcess
841,CarryingWhileLocomoting,CarryingWhileLocomoting,HumanWalkingProcess
842,CarryingWhileLocomoting,CarryingWhileLocomoting,HumanWalkingProcess
843,CarryingWhileLocomoting,CarryingWhileLocomoting,HumanWalkingProcess
844,CarryingWhileLocomoting,CarryingWhileLocomoting,HumanWalkingProcess
845,CarryingWhileLocomoting,CarryingWhileLocomoting,HumanWalkingProcess
846,CarryingWhileLocomoting,CarryingWhileLocomoting,HumanWalkingProcess
847,CarryingWhileLocomoting,CarryingWhileLocomoting,HumanWalkingProcess
848,CarryingWhileLocomoting,CarryingWhileLocomoting,HumanWalkingProcess
849,CarryingWhileLocomoting,CarryingWhileLocomoting,HumanWalkingProcess
850,CarryingWhileLocomoting,CarryingWhileLocomoting,HumanWalkingProcess
851,CarryingWhileLocomoting,CarryingWhileLocomoting,HumanWalkingProcess
852,CarryingWhileLocomoting,CarryingWhileLocomoting,HumanWalkingProcess
853,CarryingWhileLocomoting,CarryingWhileLocomoting,HumanWalkingProcess
854,CarryingWhileLocomoting,CarryingWhileLocomoting,HumanWalkingProcess
855,CarryingWhileLocomoting,CarryingWhileLocomoting,HumanWalkingProcess
856,CarryingWhileLocomoting,CarryingWhileLocomoting,HumanWalkingProcess
857,CarryingWhileLocomoting,CarryingWhileLocomoting,HumanWalkingProcess
858,CarryingWhileLocomoting,CarryingWhileLocomoting,HumanWalkingProcess
859,Reaching,CarryingWhileLocomoting,HumanWalkingProcess
860,Reaching,CarryingWhileLocomoting,HumanWalkingProcess
861,Reaching,CarryingWhileLocomoting,HumanWalkingProcess
862,Reaching,CarryingWhileLocomoting,HumanWalkingProcess
863,Reaching,CarryingWhileLocomoting,HumanWalkingProcess
864,Reaching,CarryingWhileLocomoting,HumanWalkingProcess
865,Reaching,CarryingWhileLocomoting,HumanWalkingProcess
866,Reaching,CarryingWhileLocomoting,HumanWalkingProcess
867,Reaching,CarryingWhileLocomoting,HumanWalkingProcess
868,Reaching,CarryingWhileLocomoting,HumanWalkingProcess
869,Reaching,CarryingWhileLocomoting,HumanWalkingProcess
870,Reaching,CarryingWhileLocomoting,HumanWalkingProcess
871,Reaching,CarryingWhileLocomoting,HumanWalkingProcess
872,Reaching,CarryingWhileLocomoting,HumanWalkingProcess
873,Reaching,Reaching,HumanWalkingProcess
874,Reaching,Reaching,HumanWalkingProcess
875,Reaching,Reaching,HumanWalkingProcess
876,Reaching,Reaching,StandingStill
877,Reaching,Reaching,StandingStill
878,Reaching,Reaching,StandingStill
879,OpeningADrawer,Reaching,StandingStill
880,OpeningADrawer,Reaching,StandingStill
881,OpeningADrawer,Reaching,StandingStill
882,OpeningADrawer,Reaching,StandingStill
883,OpeningADrawer,Reaching,StandingStill
884,OpeningADrawer,Reaching,StandingStill
885,OpeningADrawer,Reaching,StandingStill
886,OpeningADrawer,Reaching,StandingStill
887,OpeningADrawer,Reaching,StandingStill
888,OpeningADrawer,Reaching,StandingStill
889,OpeningADrawer,Reaching,StandingStill
890,OpeningADrawer,Reaching,StandingStill
891,OpeningADrawer,Reaching,StandingStill
892,OpeningADrawer,Reaching,StandingStill
893,OpeningADrawer,Reaching,StandingStill
894,OpeningADrawer,Reaching,StandingStill
895,OpeningADrawer,Reaching,StandingStill
896,OpeningADrawer,Reaching,StandingStill
897,OpeningADrawer,Reaching,StandingStill
898,OpeningADrawer,Reaching,StandingStill
899,OpeningADrawer,Reaching,StandingStill
900,OpeningADrawer,Reaching,StandingStill
901,OpeningADrawer,Reaching,StandingStill
902,ClosingADrawer,Reaching,StandingStill
903,ClosingADrawer,TakingSomething,StandingStill
904,ClosingADrawer,TakingSomething,StandingStill
905,ClosingADrawer,TakingSomething,StandingStill
906,ClosingADrawer,TakingSomething,StandingStill
907,ClosingADrawer,TakingSomething,StandingStill
908,ClosingADrawer,TakingSomething,StandingStill
909,ClosingADrawer,TakingSomething,StandingStill
910,ClosingADrawer,TakingSomething,StandingStill
911,ClosingADrawer,TakingSomething,StandingStill
912,ClosingADrawer,TakingSomething,StandingStill
913,ClosingADrawer,TakingSomething,StandingStill
914,ClosingADrawer,TakingSomething,StandingStill
915,ClosingADrawer,TakingSomething,StandingStill
916,ClosingADrawer,TakingSomething,StandingStill
917,ClosingADrawer,TakingSomething,StandingStill
918,ClosingADrawer,TakingSomething,StandingStill
919,ClosingADrawer,TakingSomething,StandingStill
920,ClosingADrawer,TakingSomething,StandingStill
921,ClosingADrawer,TakingSomething,StandingStill
922,ClosingADrawer,TakingSomething,StandingStill
923,ClosingADrawer,TakingSomething,StandingStill
924,ClosingADrawer,TakingSomething,StandingStill
925,ClosingADrawer,TakingSomething,StandingStill
926,ClosingADrawer,TakingSomething,StandingStill
927,ClosingADrawer,TakingSomething,StandingStill
928,ClosingADrawer,TakingSomething,StandingStill
929,ClosingADrawer,TakingSomething,StandingStill
930,ReleasingGraspOfSomething,TakingSomething,StandingStill
931,ReleasingGraspOfSomething,TakingSomething,HumanWalkingProcess
932,ReleasingGraspOfSomething,TakingSomething,HumanWalkingProcess
933,ReleasingGraspOfSomething,TakingSomething,HumanWalkingProcess
934,ReleasingGraspOfSomething,CarryingWhileLocomoting,HumanWalkingProcess
935,ReleasingGraspOfSomething,CarryingWhileLocomoting,HumanWalkingProcess
936,ReleasingGraspOfSomething,CarryingWhileLocomoting,HumanWalkingProcess
937,ReleasingGraspOfSomething,CarryingWhileLocomoting,HumanWalkingProcess
938,ReleasingGraspOfSomething,CarryingWhileLocomoting,HumanWalkingProcess
939,ReleasingGraspOfSomething,CarryingWhileLocomoting,HumanWalkingProcess
940,ReleasingGraspOfSomething,CarryingWhileLocomoting,HumanWalkingProcess
941,ReleasingGraspOfSomething,CarryingWhileLocomoting,HumanWalkingProcess
942,ReleasingGraspOfSomething,CarryingWhileLocomoting,HumanWalkingProcess
943,ReleasingGraspOfSomething,CarryingWhileLocomoting,HumanWalkingProcess
944,CarryingWhileLocomoting,CarryingWhileLocomoting,HumanWalkingProcess
945,CarryingWhileLocomoting,CarryingWhileLocomoting,HumanWalkingProcess
946,CarryingWhileLocomoting,CarryingWhileLocomoting,HumanWalkingProcess
947,CarryingWhileLocomoting,CarryingWhileLocomoting,HumanWalkingProcess
948,CarryingWhileLocomoting,CarryingWhileLocomoting,HumanWalkingProcess
949,CarryingWhileLocomoting,CarryingWhileLocomoting,HumanWalkingProcess
950,CarryingWhileLocomoting,CarryingWhileLocomoting,HumanWalkingProcess
951,CarryingWhileLocomoting,CarryingWhileLocomoting,HumanWalkingProcess
952,CarryingWhileLocomoting,CarryingWhileLocomoting,HumanWalkingProcess
953,CarryingWhileLocomoting,CarryingWhileLocomoting,HumanWalkingProcess
954,CarryingWhileLocomoting,CarryingWhileLocomoting,HumanWalkingProcess
955,CarryingWhileLocomoting,CarryingWhileLocomoting,HumanWalkingProcess
956,CarryingWhileLocomoting,CarryingWhileLocomoting,HumanWalkingProcess
957,CarryingWhileLocomoting,CarryingWhileLocomoting,HumanWalkingProcess
958,CarryingWhileLocomoting,CarryingWhileLocomoting,HumanWalkingProcess
959,CarryingWhileLocomoting,CarryingWhileLocomoting,HumanWalkingProcess
960,CarryingWhileLocomoting,CarryingWhileLocomoting,HumanWalkingProcess
961,CarryingWhileLocomoting,CarryingWhileLocomoting,HumanWalkingProcess
962,CarryingWhileLocomoting,CarryingWhileLocomoting,HumanWalkingProcess
963,CarryingWhileLocomoting,CarryingWhileLocomoting,HumanWalkingProcess
964,CarryingWhileLocomoting,CarryingWhileLocomoting,HumanWalkingProcess
965,CarryingWhileLocomoting,LoweringAnObject,HumanWalkingProcess
966,CarryingWhileLocomoting,LoweringAnObject,HumanWalkingProcess
967,CarryingWhileLocomoting,LoweringAnObject,HumanWalkingProcess
968,CarryingWhileLocomoting,LoweringAnObject,HumanWalkingProcess
969,CarryingWhileLocomoting,LoweringAnObject,HumanWalkingProcess
970,CarryingWhileLocomoting,LoweringAnObject,HumanWalkingProcess
971,CarryingWhileLocomoting,LoweringAnObject,HumanWalkingProcess
972,CarryingWhileLocomoting,LoweringAnObject,HumanWalkingProcess
973,CarryingWhileLocomoting,LoweringAnObject,HumanWalkingProcess
974,CarryingWhileLocomoting,LoweringAnObject,HumanWalkingProcess
975,CarryingWhileLocomoting,LoweringAnObject,HumanWalkingProcess
976,CarryingWhileLocomoting,LoweringAnObject,HumanWalkingProcess
977,CarryingWhileLocomoting,LoweringAnObject,HumanWalkingProcess
978,CarryingWhileLocomoting,LoweringAnObject,HumanWalkingProcess
979,CarryingWhileLocomoting,LoweringAnObject,HumanWalkingProcess
980,CarryingWhileLocomoting,LoweringAnObject,HumanWalkingProcess
981,CarryingWhileLocomoting,LoweringAnObject,HumanWalkingProcess
982,CarryingWhileLocomoting,LoweringAnObject,HumanWalkingProcess
983,CarryingWhileLocomoting,LoweringAnObject,StandingStill
984,CarryingWhileLocomoting,LoweringAnObject,StandingStill
985,CarryingWhileLocomoting,LoweringAnObject,StandingStill
986,CarryingWhileLocomoting,LoweringAnObject,StandingStill
987,CarryingWhileLocomoting,LoweringAnObject,StandingStill
988,CarryingWhileLocomoting,LoweringAnObject,StandingStill
989,CarryingWhileLocomoting,LoweringAnObject,StandingStill
990,CarryingWhileLocomoting,LoweringAnObject,StandingStill
991,CarryingWhileLocomoting,LoweringAnObject,StandingStill
992,CarryingWhileLocomoting,LoweringAnObject,StandingStill
993,CarryingWhileLocomoting,LoweringAnObject,StandingStill
994,CarryingWhileLocomoting,LoweringAnObject,StandingStill
995,CarryingWhileLocomoting,LoweringAnObject,StandingStill
996,CarryingWhileLocomoting,LoweringAnObject,StandingStill
997,CarryingWhileLocomoting,LoweringAnObject,StandingStill
998,CarryingWhileLocomoting,LoweringAnObject,StandingStill
999,CarryingWhileLocomoting,LoweringAnObject,StandingStill
1000,CarryingWhileLocomoting,LoweringAnObject,StandingStill
1001,CarryingWhileLocomoting,ReleasingGraspOfSomething,StandingStill
1002,CarryingWhileLocomoting,ReleasingGraspOfSomething,StandingStill
1003,CarryingWhileLocomoting,ReleasingGraspOfSomething,StandingStill
1004,CarryingWhileLocomoting,ReleasingGraspOfSomething,StandingStill
1005,CarryingWhileLocomoting,ReleasingGraspOfSomething,StandingStill
1006,CarryingWhileLocomoting,ReleasingGraspOfSomething,StandingStill
1007,CarryingWhileLocomoting,ReleasingGraspOfSomething,StandingStill
1008,CarryingWhileLocomoting,ReleasingGraspOfSomething,StandingStill
1009,CarryingWhileLocomoting,ReleasingGraspOfSomething,HumanWalkingProcess
1010,CarryingWhileLocomoting,ReleasingGraspOfSomething,HumanWalkingProcess
1011,CarryingWhileLocomoting,ReleasingGraspOfSomething,HumanWalkingProcess
1012,CarryingWhileLocomoting,ReleasingGraspOfSomething,HumanWalkingProcess
1013,CarryingWhileLocomoting,ReleasingGraspOfSomething,HumanWalkingProcess
1014,CarryingWhileLocomoting,CarryingWhileLocomoting,HumanWalkingProcess
1015,CarryingWhileLocomoting,CarryingWhileLocomoting,HumanWalkingProcess
1016,CarryingWhileLocomoting,CarryingWhileLocomoting,HumanWalkingProcess
1017,CarryingWhileLocomoting,CarryingWhileLocomoting,HumanWalkingProcess
1018,CarryingWhileLocomoting,CarryingWhileLocomoting,HumanWalkingProcess
1019,CarryingWhileLocomoting,CarryingWhileLocomoting,HumanWalkingProcess
1020,CarryingWhileLocomoting,CarryingWhileLocomoting,HumanWalkingProcess
1021,CarryingWhileLocomoting,CarryingWhileLocomoting,HumanWalkingProcess
1022,CarryingWhileLocomoting,CarryingWhileLocomoting,HumanWalkingProcess
1023,CarryingWhileLocomoting,CarryingWhileLocomoting,HumanWalkingProcess
1024,CarryingWhileLocomoting,CarryingWhileLocomoting,HumanWalkingProcess
1025,CarryingWhileLocomoting,CarryingWhileLocomoting,HumanWalkingProcess
1026,CarryingWhileLocomoting,CarryingWhileLocomoting,HumanWalkingProcess
1027,CarryingWhileLocomoting,CarryingWhileLocomoting,HumanWalkingProcess
1028,CarryingWhileLocomoting,CarryingWhileLocomoting,HumanWalkingProcess
1029,CarryingWhileLocomoting,CarryingWhileLocomoting,HumanWalkingProcess
1030,CarryingWhileLocomoting,CarryingWhileLocomoting,HumanWalkingProcess
1031,CarryingWhileLocomoting,CarryingWhileLocomoting,HumanWalkingProcess
1032,CarryingWhileLocomoting,CarryingWhileLocomoting,HumanWalkingProcess
1033,CarryingWhileLocomoting,CarryingWhileLocomoting,HumanWalkingProcess
1034,Reaching,CarryingWhileLocomoting,HumanWalkingProcess
1035,Reaching,CarryingWhileLocomoting,HumanWalkingProcess
1036,Reaching,CarryingWhileLocomoting,HumanWalkingProcess
1037,Reaching,CarryingWhileLocomoting,HumanWalkingProcess
1038,Reaching,CarryingWhileLocomoting,HumanWalkingProcess
1039,Reaching,CarryingWhileLocomoting,HumanWalkingProcess
1040,Reaching,CarryingWhileLocomoting,HumanWalkingProcess
1041,Reaching,CarryingWhileLocomoting,HumanWalkingProcess
1042,Reaching,CarryingWhileLocomoting,HumanWalkingProcess
1043,Reaching,CarryingWhileLocomoting,HumanWalkingProcess
1044,Reaching,CarryingWhileLocomoting,HumanWalkingProcess
1045,Reaching,CarryingWhileLocomoting,HumanWalkingProcess
1046,Reaching,CarryingWhileLocomoting,HumanWalkingProcess
1047,Reaching,CarryingWhileLocomoting,HumanWalkingProcess
1048,Reaching,CarryingWhileLocomoting,HumanWalkingProcess
1049,Reaching,CarryingWhileLocomoting,HumanWalkingProcess
1050,Reaching,CarryingWhileLocomoting,HumanWalkingProcess
1051,Reaching,CarryingWhileLocomoting,HumanWalkingProcess
1052,Reaching,CarryingWhileLocomoting,HumanWalkingProcess
1053,Reaching,CarryingWhileLocomoting,HumanWalkingProcess
1054,Reaching,CarryingWhileLocomoting,HumanWalkingProcess
1055,Reaching,CarryingWhileLocomoting,HumanWalkingProcess
1056,Reaching,CarryingWhileLocomoting,HumanWalkingProcess
1057,Reaching,CarryingWhileLocomoting,HumanWalkingProcess
1058,Reaching,CarryingWhileLocomoting,HumanWalkingProcess
1059,OpeningADoor,CarryingWhileLocomoting,HumanWalkingProcess
1060,OpeningADoor,Reaching,HumanWalkingProcess
1061,OpeningADoor,Reaching,HumanWalkingProcess
1062,OpeningADoor,Reaching,HumanWalkingProcess
1063,OpeningADoor,Reaching,HumanWalkingProcess
1064,OpeningADoor,Reaching,HumanWalkingProcess
1065,OpeningADoor,Reaching,HumanWalkingProcess
1066,OpeningADoor,Reaching,StandingStill
1067,OpeningADoor,Reaching,StandingStill
1068,OpeningADoor,Reaching,StandingStill
1069,OpeningADoor,Reaching,StandingStill
1070,OpeningADoor,Reaching,StandingStill
1071,OpeningADoor,Reaching,StandingStill
1072,OpeningADoor,Reaching,StandingStill
1073,OpeningADoor,Reaching,StandingStill
1074,OpeningADoor,Reaching,StandingStill
1075,OpeningADoor,Reaching,StandingStill
1076,OpeningADoor,Reaching,StandingStill
1077,OpeningADoor,Reaching,StandingStill
1078,OpeningADoor,Reaching,StandingStill
1079,OpeningADoor,Reaching,StandingStill
1080,OpeningADoor,Reaching,StandingStill
1081,OpeningADoor,Reaching,StandingStill
1082,OpeningADoor,Reaching,StandingStill
1083,OpeningADoor,Reaching,StandingStill
1084,OpeningADoor,Reaching,StandingStill
1085,OpeningADoor,Reaching,StandingStill
1086,OpeningADoor,TakingSomething,StandingStill
1087,OpeningADoor,TakingSomething,StandingStill
1088,OpeningADoor,TakingSomething,StandingStill
1089,ClosingADoor,TakingSomething,StandingStill
1090,ClosingADoor,TakingSomething,StandingStill
1091,ClosingADoor,TakingSomething,StandingStill
1092,ClosingADoor,TakingSomething,StandingStill
1093,ClosingADoor,TakingSomething,StandingStill
1094,ClosingADoor,TakingSomething,StandingStill
1095,ClosingADoor,TakingSomething,StandingStill
1096,ClosingADoor,TakingSomething,StandingStill
1097,ClosingADoor,TakingSomething,StandingStill
1098,ClosingADoor,TakingSomething,StandingStill
1099,ClosingADoor,TakingSomething,StandingStill
1100,ClosingADoor,TakingSomething,StandingStill
1101,ClosingADoor,TakingSomething,StandingStill
1102,ClosingADoor,TakingSomething,StandingStill
1103,ClosingADoor,TakingSomething,StandingStill
1104,ClosingADoor,TakingSomething,StandingStill
1105,ClosingADoor,TakingSomething,StandingStill
1106,ClosingADoor,TakingSomething,StandingStill
1107,ClosingADoor,TakingSomething,StandingStill
1108,ClosingADoor,TakingSomething,StandingStill
1109,ClosingADoor,TakingSomething,StandingStill
1110,ClosingADoor,TakingSomething,StandingStill
1111,ReleasingGraspOfSomething,TakingSomething,StandingStill
1112,ReleasingGraspOfSomething,TakingSomething,StandingStill
1113,ReleasingGraspOfSomething,TakingSomething,StandingStill
1114,ReleasingGraspOfSomething,TakingSomething,StandingStill
1115,ReleasingGraspOfSomething,TakingSomething,StandingStill
1116,ReleasingGraspOfSomething,TakingSomething,StandingStill
1117,ReleasingGraspOfSomething,TakingSomething,StandingStill
1118,ReleasingGraspOfSomething,TakingSomething,StandingStill
1119,ReleasingGraspOfSomething,TakingSomething,StandingStill
1120,ReleasingGraspOfSomething,TakingSomething,StandingStill
1121,ReleasingGraspOfSomething,TakingSomething,HumanWalkingProcess
1122,ReleasingGraspOfSomething,TakingSomething,HumanWalkingProcess
1123,ReleasingGraspOfSomething,TakingSomething,HumanWalkingProcess
1124,ReleasingGraspOfSomething,TakingSomething,HumanWalkingProcess
1125,ReleasingGraspOfSomething,TakingSomething,HumanWalkingProcess
1126,ReleasingGraspOfSomething,CarryingWhileLocomoting,HumanWalkingProcess
1127,ReleasingGraspOfSomething,CarryingWhileLocomoting,HumanWalkingProcess
1128,ReleasingGraspOfSomething,CarryingWhileLocomoting,HumanWalkingProcess
1129,ReleasingGraspOfSomething,CarryingWhileLocomoting,HumanWalkingProcess
1130,ReleasingGraspOfSomething,CarryingWhileLocomoting,HumanWalkingProcess
1131,ReleasingGraspOfSomething,CarryingWhileLocomoting,HumanWalkingProcess
1132,CarryingWhileLocomoting,CarryingWhileLocomoting,HumanWalkingProcess
1133,CarryingWhileLocomoting,CarryingWhileLocomoting,HumanWalkingProcess
1134,CarryingWhileLocomoting,CarryingWhileLocomoting,HumanWalkingProcess
1135,CarryingWhileLocomoting,CarryingWhileLocomoting,HumanWalkingProcess
1136,CarryingWhileLocomoting,CarryingWhileLocomoting,HumanWalkingProcess
1137,CarryingWhileLocomoting,CarryingWhileLocomoting,HumanWalkingProcess
1138,CarryingWhileLocomoting,CarryingWhileLocomoting,HumanWalkingProcess
1139,CarryingWhileLocomoting,CarryingWhileLocomoting,HumanWalkingProcess
1140,CarryingWhileLocomoting,CarryingWhileLocomoting,HumanWalkingProcess
1141,CarryingWhileLocomoting,CarryingWhileLocomoting,HumanWalkingProcess
1142,CarryingWhileLocomoting,CarryingWhileLocomoting,HumanWalkingProcess
1143,CarryingWhileLocomoting,CarryingWhileLocomoting,HumanWalkingProcess
1144,CarryingWhileLocomoting,CarryingWhileLocomoting,HumanWalkingProcess
1145,CarryingWhileLocomoting,CarryingWhileLocomoting,HumanWalkingProcess
1146,CarryingWhileLocomoting,CarryingWhileLocomoting,HumanWalkingProcess
1147,CarryingWhileLocomoting,CarryingWhileLocomoting,HumanWalkingProcess
1148,CarryingWhileLocomoting,CarryingWhileLocomoting,HumanWalkingProcess
1149,CarryingWhileLocomoting,CarryingWhileLocomoting,HumanWalkingProcess
1150,CarryingWhileLocomoting,CarryingWhileLocomoting,HumanWalkingProcess
1151,CarryingWhileLocomoting,CarryingWhileLocomoting,HumanWalkingProcess
1152,CarryingWhileLocomoting,CarryingWhileLocomoting,HumanWalkingProcess
1153,CarryingWhileLocomoting,CarryingWhileLocomoting,HumanWalkingProcess
1154,CarryingWhileLocomoting,CarryingWhileLocomoting,HumanWalkingProcess
1155,CarryingWhileLocomoting,CarryingWhileLocomoting,HumanWalkingProcess
1156,CarryingWhileLocomoting,CarryingWhileLocomoting,HumanWalkingProcess
1157,CarryingWhileLocomoting,CarryingWhileLocomoting,HumanWalkingProcess
1158,CarryingWhileLocomoting,CarryingWhileLocomoting,HumanWalkingProcess
1159,CarryingWhileLocomoting,CarryingWhileLocomoting,HumanWalkingProcess
1160,CarryingWhileLocomoting,CarryingWhileLocomoting,HumanWalkingProcess
1161,CarryingWhileLocomoting,CarryingWhileLocomoting,HumanWalkingProcess
1162,CarryingWhileLocomoting,CarryingWhileLocomoting,HumanWalkingProcess
1163,CarryingWhileLocomoting,CarryingWhileLocomoting,HumanWalkingProcess
1164,CarryingWhileLocomoting,CarryingWhileLocomoting,HumanWalkingProcess
1165,CarryingWhileLocomoting,CarryingWhileLocomoting,HumanWalkingProcess
1166,CarryingWhileLocomoting,CarryingWhileLocomoting,HumanWalkingProcess
1167,CarryingWhileLocomoting,CarryingWhileLocomoting,HumanWalkingProcess
1168,CarryingWhileLocomoting,CarryingWhileLocomoting,HumanWalkingProcess
1169,CarryingWhileLocomoting,CarryingWhileLocomoting,HumanWalkingProcess
1170,CarryingWhileLocomoting,CarryingWhileLocomoting,HumanWalkingProcess
1171,CarryingWhileLocomoting,LoweringAnObject,HumanWalkingProcess
1172,CarryingWhileLocomoting,LoweringAnObject,HumanWalkingProcess
1173,CarryingWhileLocomoting,LoweringAnObject,HumanWalkingProcess
1174,CarryingWhileLocomoting,LoweringAnObject,HumanWalkingProcess
1175,CarryingWhileLocomoting,LoweringAnObject,HumanWalkingProcess
1176,CarryingWhileLocomoting,LoweringAnObject,HumanWalkingProcess
1177,CarryingWhileLocomoting,LoweringAnObject,HumanWalkingProcess
1178,CarryingWhileLocomoting,LoweringAnObject,HumanWalkingProcess
1179,CarryingWhileLocomoting,LoweringAnObject,HumanWalkingProcess
1180,CarryingWhileLocomoting,LoweringAnObject,HumanWalkingProcess
1181,CarryingWhileLocomoting,LoweringAnObject,HumanWalkingProcess
1182,CarryingWhileLocomoting,LoweringAnObject,HumanWalkingProcess
1183,CarryingWhileLocomoting,LoweringAnObject,StandingStill
1184,CarryingWhileLocomoting,LoweringAnObject,StandingStill
1185,CarryingWhileLocomoting,LoweringAnObject,StandingStill
1186,CarryingWhileLocomoting,LoweringAnObject,StandingStill
1187,CarryingWhileLocomoting,LoweringAnObject,StandingStill
1188,CarryingWhileLocomoting,LoweringAnObject,StandingStill
1189,CarryingWhileLocomoting,LoweringAnObject,StandingStill
1190,CarryingWhileLocomoting,LoweringAnObject,StandingStill
1191,CarryingWhileLocomoting,LoweringAnObject,StandingStill
1192,CarryingWhileLocomoting,LoweringAnObject,StandingStill
1193,CarryingWhileLocomoting,LoweringAnObject,StandingStill
1194,CarryingWhileLocomoting,LoweringAnObject,StandingStill
1195,CarryingWhileLocomoting,LoweringAnObject,StandingStill
1196,CarryingWhileLocomoting,CarryingWhileLocomoting,StandingStill
1197,CarryingWhileLocomoting,CarryingWhileLocomoting,StandingStill
1198,CarryingWhileLocomoting,CarryingWhileLocomoting,StandingStill
1199,CarryingWhileLocomoting,CarryingWhileLocomoting,StandingStill
1200,CarryingWhileLocomoting,CarryingWhileLocomoting,StandingStill
1201,CarryingWhileLocomoting,CarryingWhileLocomoting,StandingStill
1202,CarryingWhileLocomoting,CarryingWhileLocomoting,StandingStill
1203,CarryingWhileLocomoting,CarryingWhileLocomoting,StandingStill
1204,CarryingWhileLocomoting,CarryingWhileLocomoting,StandingStill
1205,CarryingWhileLocomoting,CarryingWhileLocomoting,StandingStill
1206,CarryingWhileLocomoting,CarryingWhileLocomoting,StandingStill
1207,CarryingWhileLocomoting,CarryingWhileLocomoting,StandingStill
1208,CarryingWhileLocomoting,CarryingWhileLocomoting,StandingStill
1209,CarryingWhileLocomoting,CarryingWhileLocomoting,StandingStill
1210,CarryingWhileLocomoting,CarryingWhileLocomoting,StandingStill
1211,CarryingWhileLocomoting,CarryingWhileLocomoting,StandingStill
1212,CarryingWhileLocomoting,CarryingWhileLocomoting,StandingStill
1213,CarryingWhileLocomoting,CarryingWhileLocomoting,StandingStill
1214,CarryingWhileLocomoting,CarryingWhileLocomoting,StandingStill
1215,CarryingWhileLocomoting,CarryingWhileLocomoting,StandingStill
1216,CarryingWhileLocomoting,CarryingWhileLocomoting,StandingStill
1217,CarryingWhileLocomoting,CarryingWhileLocomoting,StandingStill
1218,CarryingWhileLocomoting,CarryingWhileLocomoting,StandingStill
1219,CarryingWhileLocomoting,CarryingWhileLocomoting,StandingStill
1220,CarryingWhileLocomoting,CarryingWhileLocomoting,StandingStill
1221,CarryingWhileLocomoting,CarryingWhileLocomoting,StandingStill
1222,CarryingWhileLocomoting,CarryingWhileLocomoting,StandingStill
1223,CarryingWhileLocomoting,CarryingWhileLocomoting,HumanWalkingProcess
1224,CarryingWhileLocomoting,CarryingWhileLocomoting,HumanWalkingProcess
1225,CarryingWhileLocomoting,CarryingWhileLocomoting,HumanWalkingProcess
1226,CarryingWhileLocomoting,CarryingWhileLocomoting,HumanWalkingProcess
1227,CarryingWhileLocomoting,CarryingWhileLocomoting,HumanWalkingProcess
1228,CarryingWhileLocomoting,CarryingWhileLocomoting,HumanWalkingProcess
1229,CarryingWhileLocomoting,CarryingWhileLocomoting,HumanWalkingProcess
1230,CarryingWhileLocomoting,CarryingWhileLocomoting,HumanWalkingProcess
1231,CarryingWhileLocomoting,CarryingWhileLocomoting,HumanWalkingProcess
1232,CarryingWhileLocomoting,CarryingWhileLocomoting,HumanWalkingProcess
1233,CarryingWhileLocomoting,CarryingWhileLocomoting,HumanWalkingProcess
1234,CarryingWhileLocomoting,CarryingWhileLocomoting,HumanWalkingProcess
1235,CarryingWhileLocomoting,CarryingWhileLocomoting,HumanWalkingProcess
1236,CarryingWhileLocomoting,CarryingWhileLocomoting,HumanWalkingProcess
1237,CarryingWhileLocomoting,CarryingWhileLocomoting,HumanWalkingProcess
1238,CarryingWhileLocomoting,CarryingWhileLocomoting,HumanWalkingProcess
1239,CarryingWhileLocomoting,CarryingWhileLocomoting,HumanWalkingProcess
1240,CarryingWhileLocomoting,CarryingWhileLocomoting,HumanWalkingProcess
