instance,lefthand,righthand,trunk
0,CarryingWhileLocomoting,CarryingWhileLocomoting,StandingStill
1,CarryingWhileLocomoting,CarryingWhileLocomoting,StandingStill
2,CarryingWhileLocomoting,CarryingWhileLocomoting,StandingStill
3,CarryingWhileLocomoting,CarryingWhileLocomoting,StandingStill
4,CarryingWhileLocomoting,CarryingWhileLocomoting,StandingStill
5,CarryingWhileLocomoting,CarryingWhileLocomoting,HumanWalkingProcess
6,CarryingWhileLocomoting,CarryingWhileLocomoting,HumanWalkingProcess
7,CarryingWhileLocomoting,CarryingWhileLocomoting,HumanWalkingProcess
8,CarryingWhileLocomoting,CarryingWhileLocomoting,HumanWalkingProcess
9,CarryingWhileLocomoting,CarryingWhileLocomoting,HumanWalkingProcess
10,CarryingWhileLocomoting,CarryingWhileLocomoting,HumanWalkingProcess
11,CarryingWhileLocomoting,CarryingWhileLocomoting,HumanWalkingProcess
12,CarryingWhileLocomoting,CarryingWhileLocomoting,HumanWalkingProcess
13,CarryingWhileLocomoting,CarryingWhileLocomoting,HumanWalkingProcess
14,CarryingWhileLocomoting,CarryingWhileLocomoting,HumanWalkingProcess
15,CarryingWhileLocomoting,CarryingWhileLocomoting,HumanWalkingProcess
16,CarryingWhileLocomoting,CarryingWhileLocomoting,HumanWalkingProcess
17,CarryingWhileLocomoting,CarryingWhileLocomoting,HumanWalkingProcess
18,CarryingWhileLocomoting,Reaching,HumanWalkingProcess
19,CarryingWhileLocomoting,Reaching,HumanWalkingProcess
20,CarryingWhileLocomoting,Reaching,HumanWalkingProcess
21,CarryingWhileLocomoting,Reaching,HumanWalkingProcess
22,Reaching,Reaching,HumanWalkingProcess
23,Reaching,Reaching,HumanWalkingProcess
24,Reaching,Reaching,HumanWalkingProcess
25,Reaching,Reaching,HumanWalkingProcess
26,Reaching,Reaching,HumanWalkingProcess
27,Reaching,Reaching,HumanWalkingProcess
28,Reaching,Reaching,HumanWalkingProcess
29,Reaching,Reaching,HumanWalkingProcess
30,Reaching,Reaching,HumanWalkingProcess
31,Reaching,Reaching,HumanWalkingProcess
32,Reaching,Reaching,HumanWalkingProcess
33,Reaching,Reaching,HumanWalkingProcess
34,Reaching,Reaching,HumanWalkingProcess
35,Reaching,Reaching,HumanWalkingProcess
36,Reaching,Reaching,HumanWalkingProcess
37,Reaching,Reaching,StandingStill
38,Reaching,Reaching,StandingStill
39,Reaching,Reaching,StandingStill
40,Reaching,Reaching,StandingStill
41,Reaching,Reaching,StandingStill
42,Reaching,Reaching,StandingStill
43,Reaching,Reaching,StandingStill
44,TakingSomething,TakingSomething,StandingStill
45,TakingSomething,TakingSomething,StandingStill
46,TakingSomething,TakingSomething,StandingStill
47,TakingSomething,TakingSomething,StandingStill
48,TakingSomething,TakingSomething,StandingStill
49,TakingSomething,TakingSomething,StandingStill
50,TakingSomething,TakingSomething,StandingStill
51,TakingSomething,TakingSomething,StandingStill
52,TakingSomething,TakingSomething,StandingStill
53,TakingSomething,TakingSomething,StandingStill
54,TakingSomething,TakingSomething,StandingStill
55,TakingSomething,TakingSomething,StandingStill
56,TakingSomething,TakingSomething,StandingStill
57,TakingSomething,TakingSomething,StandingStill
58,TakingSomething,TakingSomething,StandingStill
59,TakingSomething,TakingSomething,StandingStill
60,CarryingWhileLocomoting,CarryingWhileLocomoting,HumanWalkingProcess
61,CarryingWhileLocomoting,CarryingWhileLocomoting,HumanWalkingProcess
62,CarryingWhileLocomoting,CarryingWhileLocomoting,HumanWalkingProcess
63,CarryingWhileLocomoting,CarryingWhileLocomoting,HumanWalkingProcess
64,CarryingWhileLocomoting,CarryingWhileLocomoting,HumanWalkingProcess
65,CarryingWhileLocomoting,CarryingWhileLocomoting,HumanWalkingProcess
66,CarryingWhileLocomoting,CarryingWhileLocomoting,HumanWalkingProcess
67,CarryingWhileLocomoting,CarryingWhileLocomoting,HumanWalkingProcess
68,CarryingWhileLocomoting,CarryingWhileLocomoting,HumanWalkingProcess
69,CarryingWhileLocomoting,CarryingWhileLocomoting,HumanWalkingProcess
70,CarryingWhileLocomoting,CarryingWhileLocomoting,HumanWalkingProcess
71,CarryingWhileLocomoting,CarryingWhileLocomoting,HumanWalkingProcess
72,CarryingWhileLocomoting,CarryingWhileLocomoting,HumanWalkingProcess
73,CarryingWhileLocomoting,CarryingWhileLocomoting,HumanWalkingProcess
74,CarryingWhileLocomoting,CarryingWhileLocomoting,HumanWalkingProcess
75,CarryingWhileLocomoting,CarryingWhileLocomoting,HumanWalkingProcess
76,CarryingWhileLocomoting,CarryingWhileLocomoting,HumanWalkingProcess
77,CarryingWhileLocomoting,CarryingWhileLocomoting,HumanWalkingProcess
78,CarryingWhileLocomoting,CarryingWhileLocomoting,HumanWalkingProcess
79,CarryingWhileLocomoting,CarryingWhileLocomoting,HumanWalkingProcess
80,CarryingWhileLocomoting,CarryingWhileLocomoting,HumanWalkingProcess
81,CarryingWhileLocomoting,CarryingWhileLocomoting,HumanWalkingProcess
82,CarryingWhileLocomoting,CarryingWhileLocomoting,HumanWalkingProcess
83,CarryingWhileLocomoting,CarryingWhileLocomoting,HumanWalkingProcess
84,CarryingWhileLocomoting,CarryingWhileLocomoting,HumanWalkingProcess
85,CarryingWhileLocomoting,CarryingWhileLocomoting,HumanWalkingProcess
86,CarryingWhileLocomoting,CarryingWhileLocomoting,HumanWalkingProcess
87,CarryingWhileLocomoting,CarryingWhileLocomoting,HumanWalkingProcess
88,CarryingWhileLocomoting,CarryingWhileLocomoting,HumanWalkingProcess
89,CarryingWhileLocomoting,CarryingWhileLocomoting,HumanWalkingProcess
90,CarryingWhileLocomoting,CarryingWhileLocomoting,HumanWalkingProcess
91,LoweringAnObject,LoweringAnObject,HumanWalkingProcess
92,LoweringAnObject,LoweringAnObject,HumanWalkingProcess
93,LoweringAnObject,LoweringAnObject,HumanWalkingProcess
94,LoweringAnObject,LoweringAnObject,StandingStill
95,LoweringAnObject,LoweringAnObject,StandingStill
96,LoweringAnObject,LoweringAnObject,StandingStill
97,LoweringAnObject,LoweringAnObject,StandingStill
98,LoweringAnObject,LoweringAnObject,StandingStill
99,LoweringAnObject,LoweringAnObject,StandingStill
100,LoweringAnObject,LoweringAnObject,StandingStill
101,LoweringAnObject,LoweringAnObject,StandingStill
102,LoweringAnObject,LoweringAnObject,StandingStill
103,LoweringAnObject,LoweringAnObject,StandingStill
104,LoweringAnObject,LoweringAnObject,StandingStill
105,LoweringAnObject,LoweringAnObject,StandingStill
106,LoweringAnObject,LoweringAnObject,StandingStill
107,LoweringAnObject,LoweringAnObject,StandingStill
108,LoweringAnObject,LoweringAnObject,StandingStill
109,LoweringAnObject,LoweringAnObject,StandingStill
110,LoweringAnObject,LoweringAnObject,StandingStill
111,LoweringAnObject,LoweringAnObject,StandingStill
112,LoweringAnObject,LoweringAnObject,StandingStill
113,LoweringAnObject,LoweringAnObject,StandingStill
114,LoweringAnObject,LoweringAnObject,StandingStill
115,LoweringAnObject,LoweringAnObject,StandingStill
116,LoweringAnObject,LoweringAnObject,StandingStill
117,LoweringAnObject,LoweringAnObject,StandingStill
118,LoweringAnObject,LoweringAnObject,StandingStill
119,LoweringAnObject,LoweringAnObject,StandingStill
120,LoweringAnObject,LoweringAnObject,StandingStill
121,ReleasingGraspOfSomething,ReleasingGraspOfSomething,StandingStill
122,ReleasingGraspOfSomething,ReleasingGraspOfSomething,StandingStill
123,ReleasingGraspOfSomething,ReleasingGraspOfSomething,StandingStill
124,ReleasingGraspOfSomething,ReleasingGraspOfSomething,StandingStill
125,ReleasingGraspOfSomething,ReleasingGraspOfSomething,StandingStill
126,ReleasingGraspOfSomething,ReleasingGraspOfSomething,StandingStill
127,ReleasingGraspOfSomething,ReleasingGraspOfSomething,StandingStill
128,ReleasingGraspOfSomething,ReleasingGraspOfSomething,StandingStill
129,ReleasingGraspOfSomething,ReleasingGraspOfSomething,StandingStill
130,ReleasingGraspOfSomething,ReleasingGraspOfSomething,StandingStill
131,ReleasingGraspOfSomething,ReleasingGraspOfSomething,StandingStill
132,ReleasingGraspOfSomething,ReleasingGraspOfSomething,StandingStill
133,ReleasingGraspOfSomething,ReleasingGraspOfSomething,StandingStill
134,CarryingWhileLocomoting,CarryingWhileLocomoting,StandingStill
135,CarryingWhileLocomoting,CarryingWhileLocomoting,StandingStill
136,CarryingWhileLocomoting,CarryingWhileLocomoting,HumanWalkingProcess
137,CarryingWhileLocomoting,CarryingWhileLocomoting,HumanWalkingProcess
138,CarryingWhileLocomoting,CarryingWhileLocomoting,HumanWalkingProcess
139,CarryingWhileLocomoting,CarryingWhileLocomoting,HumanWalkingProcess
140,CarryingWhileLocomoting,CarryingWhileLocomoting,HumanWalkingProcess
141,CarryingWhileLocomoting,CarryingWhileLocomoting,HumanWalkingProcess
142,CarryingWhileLocomoting,CarryingWhileLocomoting,HumanWalkingProcess
143,CarryingWhileLocomoting,CarryingWhileLocomoting,HumanWalkingProcess
144,CarryingWhileLocomoting,CarryingWhileLocomoting,HumanWalkingProcess
145,CarryingWhileLocomoting,CarryingWhileLocomoting,HumanWalkingProcess
146,CarryingWhileLocomoting,CarryingWhileLocomoting,HumanWalkingProcess
147,CarryingWhileLocomoting,CarryingWhileLocomoting,HumanWalkingProcess
148,CarryingWhileLocomoting,CarryingWhileLocomoting,HumanWalkingProcess
149,CarryingWhileLocomoting,CarryingWhileLocomoting,HumanWalkingProcess
150,CarryingWhileLocomoting,CarryingWhileLocomoting,HumanWalkingProcess
151,CarryingWhileLocomoting,CarryingWhileLocomoting,HumanWalkingProcess
152,CarryingWhileLocomoting,CarryingWhileLocomoting,HumanWalkingProcess
153,CarryingWhileLocomoting,CarryingWhileLocomoting,HumanWalkingProcess
154,CarryingWhileLocomoting,CarryingWhileLocomoting,HumanWalkingProcess
155,CarryingWhileLocomoting,CarryingWhileLocomoting,HumanWalkingProcess
156,CarryingWhileLocomoting,CarryingWhileLocomoting,HumanWalkingProcess
157,CarryingWhileLocomoting,CarryingWhileLocomoting,HumanWalkingProcess
158,CarryingWhileLocomoting,CarryingWhileLocomoting,HumanWalkingProcess
159,CarryingWhileLocomoting,CarryingWhileLocomoting,HumanWalkingProcess
160,CarryingWhileLocomoting,CarryingWhileLocomoting,HumanWalkingProcess
161,CarryingWhileLocomoting,CarryingWhileLocomoting,HumanWalkingProcess
162,CarryingWhileLocomoting,CarryingWhileLocomoting,HumanWalkingProcess
163,CarryingWhileLocomoting,CarryingWhileLocomoting,HumanWalkingProcess
164,CarryingWhileLocomoting,CarryingWhileLocomoting,HumanWalkingProcess
165,CarryingWhileLocomoting,CarryingWhileLocomoting,HumanWalkingProcess
166,CarryingWhileLocomoting,CarryingWhileLocomoting,HumanWalkingProcess
167,CarryingWhileLocomoting,Reaching,HumanWalkingProcess
168,CarryingWhileLocomoting,Reaching,HumanWalkingProcess
169,CarryingWhileLocomoting,Reaching,HumanWalkingProcess
170,CarryingWhileLocomoting,Reaching,HumanWalkingProcess
171,CarryingWhileLocomoting,Reaching,HumanWalkingProcess
172,CarryingWhileLocomoting,Reaching,HumanWalkingProcess
173,CarryingWhileLocomoting,Reaching,HumanWalkingProcess
174,CarryingWhileLocomoting,Reaching,HumanWalkingProcess
175,CarryingWhileLocomoting,Reaching,HumanWalkingProcess
176,CarryingWhileLocomoting,Reaching,HumanWalkingProcess
177,CarryingWhileLocomoting,Reaching,HumanWalkingProcess
178,CarryingWhileLocomoting,Reaching,HumanWalkingProcess
179,CarryingWhileLocomoting,Reaching,HumanWalkingProcess
180,CarryingWhileLocomoting,Reaching,StandingStill
181,CarryingWhileLocomoting,Reaching,StandingStill
182,CarryingWhileLocomoting,Reaching,StandingStill
183,CarryingWhileLocomoting,Reaching,StandingStill
184,CarryingWhileLocomoting,Reaching,StandingStill
185,CarryingWhileLocomoting,Reaching,StandingStill
186,CarryingWhileLocomoting,Reaching,StandingStill
187,CarryingWhileLocomoting,Reaching,StandingStill
188,CarryingWhileLocomoting,Reaching,StandingStill
189,CarryingWhileLocomoting,Reaching,StandingStill
190,CarryingWhileLocomoting,Reaching,StandingStill
191,CarryingWhileLocomoting,Reaching,StandingStill
192,CarryingWhileLocomoting,Reaching,StandingStill
193,CarryingWhileLocomoting,Reaching,StandingStill
194,CarryingWhileLocomoting,Reaching,StandingStill
195,CarryingWhileLocomoting,Reaching,StandingStill
196,CarryingWhileLocomoting,Reaching,StandingStill
197,CarryingWhileLocomoting,Reaching,StandingStill
198,CarryingWhileLocomoting,Reaching,StandingStill
199,CarryingWhileLocomoting,TakingSomething,StandingStill
200,CarryingWhileLocomoting,TakingSomething,StandingStill
201,CarryingWhileLocomoting,TakingSomething,StandingStill
202,CarryingWhileLocomoting,TakingSomething,StandingStill
203,CarryingWhileLocomoting,TakingSomething,StandingStill
204,CarryingWhileLocomoting,TakingSomething,StandingStill
205,CarryingWhileLocomoting,TakingSomething,StandingStill
206,CarryingWhileLocomoting,TakingSomething,StandingStill
207,CarryingWhileLocomoting,TakingSomething,StandingStill
208,CarryingWhileLocomoting,TakingSomething,StandingStill
209,CarryingWhileLocomoting,TakingSomething,StandingStill
210,CarryingWhileLocomoting,CarryingWhileLocomoting,StandingStill
211,CarryingWhileLocomoting,CarryingWhileLocomoting,StandingStill
212,CarryingWhileLocomoting,CarryingWhileLocomoting,StandingStill
213,CarryingWhileLocomoting,CarryingWhileLocomoting,HumanWalkingProcess
214,CarryingWhileLocomoting,CarryingWhileLocomoting,HumanWalkingProcess
215,CarryingWhileLocomoting,CarryingWhileLocomoting,HumanWalkingProcess
216,CarryingWhileLocomoting,CarryingWhileLocomoting,HumanWalkingProcess
217,CarryingWhileLocomoting,CarryingWhileLocomoting,HumanWalkingProcess
218,CarryingWhileLocomoting,CarryingWhileLocomoting,HumanWalkingProcess
219,CarryingWhileLocomoting,CarryingWhileLocomoting,HumanWalkingProcess
220,CarryingWhileLocomoting,CarryingWhileLocomoting,HumanWalkingProcess
221,CarryingWhileLocomoting,CarryingWhileLocomoting,HumanWalkingProcess
222,CarryingWhileLocomoting,CarryingWhileLocomoting,HumanWalkingProcess
223,CarryingWhileLocomoting,CarryingWhileLocomoting,HumanWalkingProcess
224,CarryingWhileLocomoting,CarryingWhileLocomoting,HumanWalkingProcess
225,CarryingWhileLocomoting,CarryingWhileLocomoting,HumanWalkingProcess
226,CarryingWhileLocomoting,CarryingWhileLocomoting,HumanWalkingProcess
227,CarryingWhileLocomoting,CarryingWhileLocomoting,HumanWalkingProcess
228,CarryingWhileLocomoting,CarryingWhileLocomoting,HumanWalkingProcess
229,CarryingWhileLocomoting,CarryingWhileLocomoting,HumanWalkingProcess
230,CarryingWhileLocomoting,CarryingWhileLocomoting,HumanWalkingProcess
231,CarryingWhileLocomoting,CarryingWhileLocomoting,HumanWalkingProcess
232,CarryingWhileLocomoting,CarryingWhileLocomoting,HumanWalkingProcess
233,CarryingWhileLocomoting,CarryingWhileLocomoting,HumanWalkingProcess
234,CarryingWhileLocomoting,CarryingWhileLocomoting,HumanWalkingProcess
235,CarryingWhileLocomoting,CarryingWhileLocomoting,HumanWalkingProcess
236,CarryingWhileLocomoting,CarryingWhileLocomoting,HumanWalkingProcess
237,CarryingWhileLocomoting,CarryingWhileLocomoting,HumanWalkingProcess
238,CarryingWhileLocomoting,CarryingWhileLocomoting,HumanWalkingProcess
239,CarryingWhileLocomoting,CarryingWhileLocomoting,HumanWalkingProcess
240,CarryingWhileLocomoting,CarryingWhileLocomoting,HumanWalkingProcess
241,CarryingWhileLocomoting,CarryingWhileLocomoting,HumanWalkingProcess
242,CarryingWhileLocomoting,CarryingWhileLocomoting,HumanWalkingProcess
243,CarryingWhileLocomoting,CarryingWhileLocomoting,HumanWalkingProcess
244,CarryingWhileLocomoting,CarryingWhileLocomoting,HumanWalkingProcess
245,CarryingWhileLocomoting,CarryingWhileLocomoting,HumanWalkingProcess
246,LoweringAnObject,CarryingWhileLocomoting,HumanWalkingProcess
247,LoweringAnObject,CarryingWhileLocomoting,HumanWalkingProcess
248,LoweringAnObject,CarryingWhileLocomoting,HumanWalkingProcess
249,LoweringAnObject,CarryingWhileLocomoting,HumanWalkingProcess
250,LoweringAnObject,CarryingWhileLocomoting,HumanWalkingProcess
251,LoweringAnObject,CarryingWhileLocomoting,HumanWalkingProcess
252,LoweringAnObject,CarryingWhileLocomoting,HumanWalkingProcess
253,LoweringAnObject,CarryingWhileLocomoting,HumanWalkingProcess
254,LoweringAnObject,CarryingWhileLocomoting,HumanWalkingProcess
255,LoweringAnObject,CarryingWhileLocomoting,HumanWalkingProcess
256,LoweringAnObject,CarryingWhileLocomoting,HumanWalkingProcess
257,LoweringAnObject,CarryingWhileLocomoting,StandingStill
258,LoweringAnObject,CarryingWhileLocomoting,StandingStill
259,LoweringAnObject,CarryingWhileLocomoting,StandingStill
260,LoweringAnObject,CarryingWhileLocomoting,StandingStill
261,LoweringAnObject,CarryingWhileLocomoting,StandingStill
262,LoweringAnObject,CarryingWhileLocomoting,StandingStill
263,LoweringAnObject,CarryingWhileLocomoting,StandingStill
264,LoweringAnObject,CarryingWhileLocomoting,StandingStill
265,LoweringAnObject,CarryingWhileLocomoting,StandingStill
266,LoweringAnObject,CarryingWhileLocomoting,StandingStill
267,LoweringAnObject,CarryingWhileLocomoting,StandingStill
268,LoweringAnObject,CarryingWhileLocomoting,StandingStill
269,LoweringAnObject,CarryingWhileLocomoting,StandingStill
270,LoweringAnObject,CarryingWhileLocomoting,StandingStill
271,LoweringAnObject,CarryingWhileLocomoting,StandingStill
272,LoweringAnObject,CarryingWhileLocomoting,StandingStill
273,LoweringAnObject,CarryingWhileLocomoting,StandingStill
274,LoweringAnObject,CarryingWhileLocomoting,StandingStill
275,LoweringAnObject,CarryingWhileLocomoting,StandingStill
276,ReleasingGraspOfSomething,CarryingWhileLocomoting,StandingStill
277,ReleasingGraspOfSomething,CarryingWhileLocomoting,StandingStill
278,ReleasingGraspOfSomething,CarryingWhileLocomoting,StandingStill
279,ReleasingGraspOfSomething,CarryingWhileLocomoting,StandingStill
280,ReleasingGraspOfSomething,CarryingWhileLocomoting,StandingStill
281,ReleasingGraspOfSomething,CarryingWhileLocomoting,StandingStill
282,ReleasingGraspOfSomething,CarryingWhileLocomoting,StandingStill
283,ReleasingGraspOfSomething,CarryingWhileLocomoting,StandingStill
284,ReleasingGraspOfSomething,CarryingWhileLocomoting,StandingStill
285,ReleasingGraspOfSomething,CarryingWhileLocomoting,StandingStill
286,ReleasingGraspOfSomething,CarryingWhileLocomoting,StandingStill
287,ReleasingGraspOfSomething,CarryingWhileLocomoting,StandingStill
288,ReleasingGraspOfSomething,CarryingWhileLocomoting,StandingStill
289,ReleasingGraspOfSomething,CarryingWhileLocomoting,StandingStill
290,ReleasingGraspOfSomething,CarryingWhileLocomoting,StandingStill
291,ReleasingGraspOfSomething,CarryingWhileLocomoting,StandingStill
292,ReleasingGraspOfSomething,CarryingWhileLocomoting,StandingStill
293,ReleasingGraspOfSomething,CarryingWhileLocomoting,StandingStill
294,ReleasingGraspOfSomething,CarryingWhileLocomoting,StandingStill
295,CarryingWhileLocomoting,CarryingWhileLocomoting,HumanWalkingProcess
296,CarryingWhileLocomoting,CarryingWhileLocomoting,HumanWalkingProcess
297,CarryingWhileLocomoting,CarryingWhileLocomoting,HumanWalkingProcess
298,CarryingWhileLocomoting,CarryingWhileLocomoting,HumanWalkingProcess
299,CarryingWhileLocomoting,CarryingWhileLocomoting,HumanWalkingProcess
300,CarryingWhileLocomoting,CarryingWhileLocomoting,HumanWalkingProcess
301,CarryingWhileLocomoting,CarryingWhileLocomoting,HumanWalkingProcess
302,CarryingWhileLocomoting,CarryingWhileLocomoting,HumanWalkingProcess
303,CarryingWhileLocomoting,CarryingWhileLocomoting,HumanWalkingProcess
304,CarryingWhileLocomoting,CarryingWhileLocomoting,HumanWalkingProcess
305,CarryingWhileLocomoting,CarryingWhileLocomoting,HumanWalkingProcess
306,CarryingWhileLocomoting,CarryingWhileLocomoting,HumanWalkingProcess
307,CarryingWhileLocomoting,CarryingWhileLocomoting,HumanWalkingProcess
308,CarryingWhileLocomoting,CarryingWhileLocomoting,HumanWalkingProcess
309,CarryingWhileLocomoting,CarryingWhileLocomoting,HumanWalkingProcess
310,CarryingWhileLocomoting,CarryingWhileLocomoting,HumanWalkingProcess
311,CarryingWhileLocomoting,CarryingWhileLocomoting,HumanWalkingProcess
312,CarryingWhileLocomoting,CarryingWhileLocomoting,HumanWalkingProcess
313,CarryingWhileLocomoting,CarryingWhileLocomoting,HumanWalkingProcess
314,CarryingWhileLocomoting,CarryingWhileLocomoting,HumanWalkingProcess
315,CarryingWhileLocomoting,CarryingWhileLocomoting,HumanWalkingProcess
316,CarryingWhileLocomoting,CarryingWhileLocomoting,HumanWalkingProcess
317,CarryingWhileLocomoting,CarryingWhileLocomoting,HumanWalkingProcess
318,CarryingWhileLocomoting,CarryingWhileLocomoting,HumanWalkingProcess
319,CarryingWhileLocomoting,CarryingWhileLocomoting,HumanWalkingProcess
320,CarryingWhileLocomoting,CarryingWhileLocomoting,HumanWalkingProcess
321,Reaching,CarryingWhileLocomoting,HumanWalkingProcess
322,Reaching,CarryingWhileLocomoting,HumanWalkingProcess
323,Reaching,CarryingWhileLocomoting,HumanWalkingProcess
324,Reaching,CarryingWhileLocomoting,HumanWalkingProcess
325,Reaching,CarryingWhileLocomoting,HumanWalkingProcess
326,Reaching,CarryingWhileLocomoting,HumanWalkingProcess
327,Reaching,CarryingWhileLocomoting,HumanWalkingProcess
328,Reaching,CarryingWhileLocomoting,HumanWalkingProcess
329,Reaching,CarryingWhileLocomoting,HumanWalkingProcess
330,Reaching,CarryingWhileLocomoting,HumanWalkingProcess
331,Reaching,CarryingWhileLocomoting,HumanWalkingProcess
332,Reaching,CarryingWhileLocomoting,HumanWalkingProcess
333,Reaching,CarryingWhileLocomoting,HumanWalkingProcess
334,Reaching,CarryingWhileLocomoting,HumanWalkingProcess
335,Reaching,CarryingWhileLocomoting,HumanWalkingProcess
336,Reaching,CarryingWhileLocomoting,HumanWalkingProcess
337,Reaching,CarryingWhileLocomoting,HumanWalkingProcess
338,Reaching,CarryingWhileLocomoting,HumanWalkingProcess
339,Reaching,CarryingWhileLocomoting,HumanWalkingProcess
340,Reaching,CarryingWhileLocomoting,HumanWalkingProcess
341,Reaching,CarryingWhileLocomoting,HumanWalkingProcess
342,Reaching,CarryingWhileLocomoting,HumanWalkingProcess
343,Reaching,CarryingWhileLocomoting,HumanWalkingProcess
344,Reaching,CarryingWhileLocomoting,HumanWalkingProcess
345,Reaching,CarryingWhileLocomoting,HumanWalkingProcess
346,Reaching,CarryingWhileLocomoting,HumanWalkingProcess
347,Reaching,CarryingWhileLocomoting,HumanWalkingProcess
348,Reaching,CarryingWhileLocomoting,HumanWalkingProcess
349,Reaching,CarryingWhileLocomoting,HumanWalkingProcess
350,Reaching,CarryingWhileLocomoting,HumanWalkingProcess
351,Reaching,CarryingWhileLocomoting,HumanWalkingProcess
352,OpeningADoor,Reaching,HumanWalkingProcess
353,OpeningADoor,Reaching,StandingStill
354,OpeningADoor,Reaching,StandingStill
355,OpeningADoor,Reaching,StandingStill
356,OpeningADoor,Reaching,StandingStill
357,OpeningADoor,Reaching,StandingStill
358,OpeningADoor,Reaching,StandingStill
359,OpeningADoor,Reaching,StandingStill
360,OpeningADoor,Reaching,StandingStill
361,OpeningADoor,Reaching,StandingStill
362,OpeningADoor,Reaching,StandingStill
363,OpeningADoor,Reaching,StandingStill
364,OpeningADoor,Reaching,StandingStill
365,OpeningADoor,Reaching,StandingStill
366,OpeningADoor,Reaching,StandingStill
367,OpeningADoor,Reaching,StandingStill
368,OpeningADoor,Reaching,StandingStill
369,OpeningADoor,Reaching,StandingStill
370,OpeningADoor,Reaching,StandingStill
371,OpeningADoor,Reaching,StandingStill
372,OpeningADoor,Reaching,StandingStill
373,OpeningADoor,Reaching,StandingStill
374,OpeningADoor,Reaching,StandingStill
375,OpeningADoor,Reaching,StandingStill
376,OpeningADoor,Reaching,StandingStill
377,OpeningADoor,Reaching,StandingStill
378,OpeningADoor,Reaching,StandingStill
379,OpeningADoor,Reaching,StandingStill
380,OpeningADoor,Reaching,StandingStill
381,OpeningADoor,Reaching,StandingStill
382,OpeningADoor,Reaching,StandingStill
383,OpeningADoor,Reaching,StandingStill
384,OpeningADoor,Reaching,StandingStill
385,OpeningADoor,Reaching,StandingStill
386,OpeningADoor,Reaching,StandingStill
387,OpeningADoor,Reaching,StandingStill
388,OpeningADoor,Reaching,StandingStill
389,OpeningADoor,Reaching,StandingStill
390,OpeningADoor,Reaching,StandingStill
391,OpeningADoor,Reaching,StandingStill
392,OpeningADoor,Reaching,StandingStill
393,OpeningADoor,Reaching,StandingStill
394,OpeningADoor,Reaching,StandingStill
395,OpeningADoor,Reaching,StandingStill
396,OpeningADoor,Reaching,StandingStill
397,OpeningADoor,Reaching,StandingStill
398,OpeningADoor,Reaching,StandingStill
399,OpeningADoor,Reaching,StandingStill
400,OpeningADoor,Reaching,StandingStill
401,OpeningADoor,Reaching,StandingStill
402,OpeningADoor,Reaching,StandingStill
403,OpeningADoor,TakingSomething,StandingStill
404,OpeningADoor,TakingSomething,StandingStill
405,OpeningADoor,TakingSomething,StandingStill
406,OpeningADoor,TakingSomething,StandingStill
407,OpeningADoor,TakingSomething,StandingStill
408,OpeningADoor,TakingSomething,StandingStill
409,OpeningADoor,TakingSomething,StandingStill
410,ClosingADoor,TakingSomething,StandingStill
411,ClosingADoor,TakingSomething,StandingStill
412,ClosingADoor,TakingSomething,StandingStill
413,ClosingADoor,TakingSomething,StandingStill
414,ClosingADoor,TakingSomething,StandingStill
415,ClosingADoor,TakingSomething,StandingStill
416,ClosingADoor,TakingSomething,StandingStill
417,ClosingADoor,TakingSomething,StandingStill
418,ClosingADoor,TakingSomething,StandingStill
419,ClosingADoor,TakingSomething,StandingStill
420,ClosingADoor,TakingSomething,StandingStill
421,ClosingADoor,TakingSomething,StandingStill
422,ClosingADoor,TakingSomething,StandingStill
423,ClosingADoor,TakingSomething,StandingStill
424,ClosingADoor,TakingSomething,StandingStill
425,ClosingADoor,TakingSomething,StandingStill
426,ClosingADoor,TakingSomething,StandingStill
427,ClosingADoor,TakingSomething,StandingStill
428,ClosingADoor,TakingSomething,StandingStill
429,ClosingADoor,TakingSomething,StandingStill
430,ClosingADoor,TakingSomething,StandingStill
431,ClosingADoor,TakingSomething,StandingStill
432,ClosingADoor,TakingSomething,StandingStill
433,ClosingADoor,TakingSomething,StandingStill
434,ClosingADoor,TakingSomething,StandingStill
435,ClosingADoor,TakingSomething,StandingStill
436,ClosingADoor,TakingSomething,StandingStill
437,ClosingADoor,TakingSomething,StandingStill
438,ClosingADoor,TakingSomething,StandingStill
439,ClosingADoor,CarryingWhileLocomoting,StandingStill
440,ClosingADoor,CarryingWhileLocomoting,StandingStill
441,ClosingADoor,CarryingWhileLocomoting,StandingStill
442,ClosingADoor,CarryingWhileLocomoting,StandingStill
443,ClosingADoor,CarryingWhileLocomoting,StandingStill
444,ClosingADoor,CarryingWhileLocomoting,StandingStill
445,ClosingADoor,CarryingWhileLocomoting,StandingStill
446,ClosingADoor,CarryingWhileLocomoting,StandingStill
447,ClosingADoor,CarryingWhileLocomoting,StandingStill
448,ClosingADoor,CarryingWhileLocomoting,HumanWalkingProcess
449,ClosingADoor,CarryingWhileLocomoting,HumanWalkingProcess
450,ClosingADoor,CarryingWhileLocomoting,HumanWalkingProcess
451,CarryingWhileLocomoting,CarryingWhileLocomoting,HumanWalkingProcess
452,CarryingWhileLocomoting,CarryingWhileLocomoting,HumanWalkingProcess
453,CarryingWhileLocomoting,CarryingWhileLocomoting,HumanWalkingProcess
454,CarryingWhileLocomoting,CarryingWhileLocomoting,HumanWalkingProcess
455,CarryingWhileLocomoting,CarryingWhileLocomoting,HumanWalkingProcess
456,CarryingWhileLocomoting,CarryingWhileLocomoting,HumanWalkingProcess
457,CarryingWhileLocomoting,CarryingWhileLocomoting,HumanWalkingProcess
458,CarryingWhileLocomoting,CarryingWhileLocomoting,HumanWalkingProcess
459,CarryingWhileLocomoting,CarryingWhileLocomoting,HumanWalkingProcess
460,CarryingWhileLocomoting,CarryingWhileLocomoting,HumanWalkingProcess
461,CarryingWhileLocomoting,CarryingWhileLocomoting,HumanWalkingProcess
462,CarryingWhileLocomoting,CarryingWhileLocomoting,HumanWalkingProcess
463,CarryingWhileLocomoting,CarryingWhileLocomoting,HumanWalkingProcess
464,CarryingWhileLocomoting,CarryingWhileLocomoting,HumanWalkingProcess
465,CarryingWhileLocomoting,CarryingWhileLocomoting,HumanWalkingProcess
466,CarryingWhileLocomoting,CarryingWhileLocomoting,HumanWalkingProcess
467,CarryingWhileLocomoting,CarryingWhileLocomoting,HumanWalkingProcess
468,CarryingWhileLocomoting,CarryingWhileLocomoting,HumanWalkingProcess
469,CarryingWhileLocomoting,CarryingWhileLocomoting,HumanWalkingProcess
470,CarryingWhileLocomoting,CarryingWhileLocomoting,HumanWalkingProcess
471,CarryingWhileLocomoting,CarryingWhileLocomoting,HumanWalkingProcess
472,CarryingWhileLocomoting,CarryingWhileLocomoting,HumanWalkingProcess
473,CarryingWhileLocomoting,CarryingWhileLocomoting,HumanWalkingProcess
474,CarryingWhileLocomoting,CarryingWhileLocomoting,HumanWalkingProcess
475,CarryingWhileLocomoting,CarryingWhileLocomoting,HumanWalkingProcess
476,CarryingWhileLocomoting,CarryingWhileLocomoting,HumanWalkingProcess
477,CarryingWhileLocomoting,CarryingWhileLocomoting,HumanWalkingProcess
478,CarryingWhileLocomoting,CarryingWhileLocomoting,HumanWalkingProcess
479,CarryingWhileLocomoting,CarryingWhileLocomoting,HumanWalkingProcess
480,CarryingWhileLocomoting,CarryingWhileLocomoting,HumanWalkingProcess
481,CarryingWhileLocomoting,CarryingWhileLocomoting,HumanWalkingProcess
482,CarryingWhileLocomoting,LoweringAnObject,StandingStill
483,CarryingWhileLocomoting,LoweringAnObject,StandingStill
484,CarryingWhileLocomoting,LoweringAnObject,StandingStill
485,CarryingWhileLocomoting,LoweringAnObject,StandingStill
486,CarryingWhileLocomoting,LoweringAnObject,StandingStill
487,CarryingWhileLocomoting,LoweringAnObject,StandingStill
488,CarryingWhileLocomoting,LoweringAnObject,StandingStill
489,CarryingWhileLocomoting,LoweringAnObject,StandingStill
490,CarryingWhileLocomoting,LoweringAnObject,StandingStill
491,CarryingWhileLocomoting,LoweringAnObject,StandingStill
492,CarryingWhileLocomoting,LoweringAnObject,StandingStill
493,CarryingWhileLocomoting,LoweringAnObject,StandingStill
494,CarryingWhileLocomoting,LoweringAnObject,StandingStill
495,CarryingWhileLocomoting,LoweringAnObject,StandingStill
496,CarryingWhileLocomoting,LoweringAnObject,StandingStill
497,CarryingWhileLocomoting,LoweringAnObject,StandingStill
498,CarryingWhileLocomoting,LoweringAnObject,StandingStill
499,CarryingWhileLocomoting,LoweringAnObject,StandingStill
500,CarryingWhileLocomoting,LoweringAnObject,StandingStill
501,CarryingWhileLocomoting,LoweringAnObject,StandingStill
502,CarryingWhileLocomoting,LoweringAnObject,StandingStill
503,CarryingWhileLocomoting,LoweringAnObject,StandingStill
504,CarryingWhileLocomoting,LoweringAnObject,StandingStill
505,CarryingWhileLocomoting,LoweringAnObject,StandingStill
506,CarryingWhileLocomoting,LoweringAnObject,StandingStill
507,CarryingWhileLocomoting,LoweringAnObject,StandingStill
508,CarryingWhileLocomoting,LoweringAnObject,StandingStill
509,CarryingWhileLocomoting,LoweringAnObject,StandingStill
510,CarryingWhileLocomoting,LoweringAnObject,StandingStill
511,CarryingWhileLocomoting,LoweringAnObject,StandingStill
512,CarryingWhileLocomoting,LoweringAnObject,StandingStill
513,CarryingWhileLocomoting,ReleasingGraspOfSomething,StandingStill
514,CarryingWhileLocomoting,ReleasingGraspOfSomething,StandingStill
515,CarryingWhileLocomoting,ReleasingGraspOfSomething,StandingStill
516,CarryingWhileLocomoting,ReleasingGraspOfSomething,StandingStill
517,CarryingWhileLocomoting,ReleasingGraspOfSomething,StandingStill
518,CarryingWhileLocomoting,ReleasingGraspOfSomething,StandingStill
519,CarryingWhileLocomoting,ReleasingGraspOfSomething,StandingStill
520,CarryingWhileLocomoting,ReleasingGraspOfSomething,StandingStill
521,CarryingWhileLocomoting,ReleasingGraspOfSomething,StandingStill
522,CarryingWhileLocomoting,ReleasingGraspOfSomething,StandingStill
523,CarryingWhileLocomoting,ReleasingGraspOfSomething,StandingStill
524,CarryingWhileLocomoting,ReleasingGraspOfSomething,StandingStill
525,CarryingWhileLocomoting,ReleasingGraspOfSomething,StandingStill
526,CarryingWhileLocomoting,ReleasingGraspOfSomething,StandingStill
527,CarryingWhileLocomoting,ReleasingGraspOfSomething,StandingStill
528,CarryingWhileLocomoting,CarryingWhileLocomoting,StandingStill
529,CarryingWhileLocomoting,CarryingWhileLocomoting,StandingStill
530,CarryingWhileLocomoting,CarryingWhileLocomoting,HumanWalkingProcess
531,CarryingWhileLocomoting,CarryingWhileLocomoting,HumanWalkingProcess
532,CarryingWhileLocomoting,CarryingWhileLocomoting,HumanWalkingProcess
533,CarryingWhileLocomoting,CarryingWhileLocomoting,HumanWalkingProcess
534,CarryingWhileLocomoting,CarryingWhileLocomoting,HumanWalkingProcess
535,CarryingWhileLocomoting,CarryingWhileLocomoting,HumanWalkingProcess
536,CarryingWhileLocomoting,CarryingWhileLocomoting,HumanWalkingProcess
537,CarryingWhileLocomoting,CarryingWhileLocomoting,HumanWalkingProcess
538,CarryingWhileLocomoting,CarryingWhileLocomoting,HumanWalkingProcess
539,CarryingWhileLocomoting,CarryingWhileLocomoting,HumanWalkingProcess
540,CarryingWhileLocomoting,CarryingWhileLocomoting,HumanWalkingProcess
541,CarryingWhileLocomoting,CarryingWhileLocomoting,HumanWalkingProcess
542,CarryingWhileLocomoting,CarryingWhileLocomoting,HumanWalkingProcess
543,CarryingWhileLocomoting,CarryingWhileLocomoting,HumanWalkingProcess
544,CarryingWhileLocomoting,CarryingWhileLocomoting,HumanWalkingProcess
545,CarryingWhileLocomoting,CarryingWhileLocomoting,HumanWalkingProcess
546,CarryingWhileLocomoting,CarryingWhileLocomoting,HumanWalkingProcess
547,CarryingWhileLocomoting,CarryingWhileLocomoting,HumanWalkingProcess
548,CarryingWhileLocomoting,CarryingWhileLocomoting,HumanWalkingProcess
549,CarryingWhileLocomoting,CarryingWhileLocomoting,HumanWalkingProcess
550,CarryingWhileLocomoting,CarryingWhileLocomoting,HumanWalkingProcess
551,CarryingWhileLocomoting,CarryingWhileLocomoting,HumanWalkingProcess
552,CarryingWhileLocomoting,CarryingWhileLocomoting,HumanWalkingProcess
553,CarryingWhileLocomoting,CarryingWhileLocomoting,HumanWalkingProcess
554,CarryingWhileLocomoting,CarryingWhileLocomoting,HumanWalkingProcess
555,CarryingWhileLocomoting,CarryingWhileLocomoting,HumanWalkingProcess
556,CarryingWhileLocomoting,CarryingWhileLocomoting,HumanWalkingProcess
557,CarryingWhileLocomoting,CarryingWhileLocomoting,HumanWalkingProcess
558,CarryingWhileLocomoting,CarryingWhileLocomoting,HumanWalkingProcess
559,CarryingWhileLocomoting,CarryingWhileLocomoting,HumanWalkingProcess
560,CarryingWhileLocomoting,CarryingWhileLocomoting,HumanWalkingProcess
561,Reaching,CarryingWhileLocomoting,HumanWalkingProcess
562,Reaching,CarryingWhileLocomoting,HumanWalkingProcess
563,Reaching,CarryingWhileLocomoting,HumanWalkingProcess
564,Reaching,CarryingWhileLocomoting,StandingStill
565,Reaching,CarryingWhileLocomoting,StandingStill
566,Reaching,CarryingWhileLocomoting,StandingStill
567,Reaching,CarryingWhileLocomoting,StandingStill
568,Reaching,CarryingWhileLocomoting,StandingStill
569,Reaching,CarryingWhileLocomoting,StandingStill
570,Reaching,CarryingWhileLocomoting,StandingStill
571,Reaching,CarryingWhileLocomoting,StandingStill
572,Reaching,CarryingWhileLocomoting,StandingStill
573,Reaching,CarryingWhileLocomoting,StandingStill
574,OpeningADrawer,CarryingWhileLocomoting,StandingStill
575,OpeningADrawer,CarryingWhileLocomoting,StandingStill
576,OpeningADrawer,CarryingWhileLocomoting,StandingStill
577,OpeningADrawer,CarryingWhileLocomoting,StandingStill
578,OpeningADrawer,CarryingWhileLocomoting,StandingStill
579,OpeningADrawer,Reaching,StandingStill
580,OpeningADrawer,Reaching,StandingStill
581,OpeningADrawer,Reaching,StandingStill
582,OpeningADrawer,Reaching,StandingStill
583,OpeningADrawer,Reaching,StandingStill
584,OpeningADrawer,Reaching,StandingStill
585,OpeningADrawer,Reaching,StandingStill
586,OpeningADrawer,Reaching,StandingStill
587,OpeningADrawer,Reaching,StandingStill
588,OpeningADrawer,Reaching,StandingStill
589,OpeningADrawer,Reaching,StandingStill
590,OpeningADrawer,Reaching,StandingStill
591,OpeningADrawer,Reaching,StandingStill
592,OpeningADrawer,Reaching,StandingStill
593,OpeningADrawer,Reaching,StandingStill
594,OpeningADrawer,Reaching,StandingStill
595,OpeningADrawer,Reaching,StandingStill
596,OpeningADrawer,Reaching,StandingStill
597,OpeningADrawer,Reaching,StandingStill
598,OpeningADrawer,Reaching,StandingStill
599,OpeningADrawer,TakingSomething,StandingStill
600,OpeningADrawer,TakingSomething,StandingStill
601,OpeningADrawer,TakingSomething,StandingStill
602,ClosingADrawer,TakingSomething,StandingStill
603,ClosingADrawer,TakingSomething,StandingStill
604,ClosingADrawer,TakingSomething,StandingStill
605,ClosingADrawer,TakingSomething,StandingStill
606,ClosingADrawer,TakingSomething,StandingStill
607,ClosingADrawer,TakingSomething,StandingStill
608,ClosingADrawer,TakingSomething,StandingStill
609,ClosingADrawer,TakingSomething,StandingStill
610,ClosingADrawer,TakingSomething,StandingStill
611,ClosingADrawer,TakingSomething,StandingStill
612,ClosingADrawer,TakingSomething,StandingStill
613,ClosingADrawer,TakingSomething,StandingStill
614,ClosingADrawer,TakingSomething,StandingStill
615,ClosingADrawer,TakingSomething,StandingStill
616,ClosingADrawer,CarryingWhileLocomoting,StandingStill
617,ClosingADrawer,CarryingWhileLocomoting,StandingStill
618,ClosingADrawer,CarryingWhileLocomoting,StandingStill
619,ClosingADrawer,CarryingWhileLocomoting,HumanWalkingProcess
620,ClosingADrawer,CarryingWhileLocomoting,HumanWalkingProcess
621,ClosingADrawer,CarryingWhileLocomoting,HumanWalkingProcess
622,ClosingADrawer,CarryingWhileLocomoting,HumanWalkingProcess
623,ClosingADrawer,CarryingWhileLocomoting,HumanWalkingProcess
624,ReleasingGraspOfSomething,CarryingWhileLocomoting,HumanWalkingProcess
625,ReleasingGraspOfSomething,CarryingWhileLocomoting,HumanWalkingProcess
626,ReleasingGraspOfSomething,CarryingWhileLocomoting,HumanWalkingProcess
627,ReleasingGraspOfSomething,CarryingWhileLocomoting,HumanWalkingProcess
628,ReleasingGraspOfSomething,CarryingWhileLocomoting,HumanWalkingProcess
629,ReleasingGraspOfSomething,CarryingWhileLocomoting,HumanWalkingProcess
630,ReleasingGraspOfSomething,CarryingWhileLocomoting,HumanWalkingProcess
631,ReleasingGraspOfSomething,CarryingWhileLocomoting,HumanWalkingProcess
632,ReleasingGraspOfSomething,CarryingWhileLocomoting,HumanWalkingProcess
633,CarryingWhileLocomoting,CarryingWhileLocomoting,HumanWalkingProcess
634,CarryingWhileLocomoting,CarryingWhileLocomoting,HumanWalkingProcess
635,CarryingWhileLocomoting,CarryingWhileLocomoting,HumanWalkingProcess
636,CarryingWhileLocomoting,CarryingWhileLocomoting,HumanWalkingProcess
637,CarryingWhileLocomoting,CarryingWhileLocomoting,HumanWalkingProcess
638,CarryingWhileLocomoting,CarryingWhileLocomoting,HumanWalkingProcess
639,CarryingWhileLocomoting,CarryingWhileLocomoting,HumanWalkingProcess
640,CarryingWhileLocomoting,CarryingWhileLocomoting,HumanWalkingProcess
641,CarryingWhileLocomoting,CarryingWhileLocomoting,HumanWalkingProcess
642,CarryingWhileLocomoting,CarryingWhileLocomoting,HumanWalkingProcess
643,CarryingWhileLocomoting,CarryingWhileLocomoting,HumanWalkingProcess
644,CarryingWhileLocomoting,CarryingWhileLocomoting,HumanWalkingProcess
645,CarryingWhileLocomoting,CarryingWhileLocomoting,HumanWalkingProcess
646,CarryingWhileLocomoting,CarryingWhileLocomoting,HumanWalkingProcess
647,CarryingWhileLocomoting,CarryingWhileLocomoting,HumanWalkingProcess
648,CarryingWhileLocomoting,CarryingWhileLocomoting,HumanWalkingProcess
649,CarryingWhileLocomoting,CarryingWhileLocomoting,HumanWalkingProcess
650,CarryingWhileLocomoting,CarryingWhileLocomoting,HumanWalkingProcess
651,CarryingWhileLocomoting,CarryingWhileLocomoting,HumanWalkingProcess
652,CarryingWhileLocomoting,CarryingWhileLocomoting,HumanWalkingProcess
653,CarryingWhileLocomoting,CarryingWhileLocomoting,HumanWalkingProcess
654,LoweringAnObject,CarryingWhileLocomoting,HumanWalkingProcess
655,LoweringAnObject,CarryingWhileLocomoting,HumanWalkingProcess
656,LoweringAnObject,CarryingWhileLocomoting,HumanWalkingProcess
657,LoweringAnObject,CarryingWhileLocomoting,HumanWalkingProcess
658,LoweringAnObject,CarryingWhileLocomoting,HumanWalkingProcess
659,LoweringAnObject,CarryingWhileLocomoting,HumanWalkingProcess
660,LoweringAnObject,CarryingWhileLocomoting,HumanWalkingProcess
661,LoweringAnObject,CarryingWhileLocomoting,HumanWalkingProcess
662,LoweringAnObject,CarryingWhileLocomoting,HumanWalkingProcess
663,LoweringAnObject,CarryingWhileLocomoting,StandingStill
664,LoweringAnObject,CarryingWhileLocomoting,StandingStill
665,LoweringAnObject,CarryingWhileLocomoting,StandingStill
666,LoweringAnObject,CarryingWhileLocomoting,StandingStill
667,LoweringAnObject,CarryingWhileLocomoting,StandingStill
668,LoweringAnObject,CarryingWhileLocomoting,StandingStill
669,LoweringAnObject,CarryingWhileLocomoting,StandingStill
670,LoweringAnObject,CarryingWhileLocomoting,StandingStill
671,LoweringAnObject,CarryingWhileLocomoting,StandingStill
672,LoweringAnObject,CarryingWhileLocomoting,StandingStill
673,LoweringAnObject,CarryingWhileLocomoting,StandingStill
674,LoweringAnObject,CarryingWhileLocomoting,StandingStill
675,LoweringAnObject,CarryingWhileLocomoting,StandingStill
676,LoweringAnObject,CarryingWhileLocomoting,StandingStill
677,LoweringAnObject,CarryingWhileLocomoting,StandingStill
678,LoweringAnObject,CarryingWhileLocomoting,StandingStill
679,LoweringAnObject,CarryingWhileLocomoting,StandingStill
680,LoweringAnObject,CarryingWhileLocomoting,StandingStill
681,LoweringAnObject,CarryingWhileLocomoting,StandingStill
682,LoweringAnObject,CarryingWhileLocomoting,StandingStill
683,LoweringAnObject,CarryingWhileLocomoting,StandingStill
684,LoweringAnObject,CarryingWhileLocomoting,StandingStill
685,LoweringAnObject,CarryingWhileLocomoting,StandingStill
686,LoweringAnObject,CarryingWhileLocomoting,StandingStill
687,ReleasingGraspOfSomething,CarryingWhileLocomoting,StandingStill
688,ReleasingGraspOfSomething,CarryingWhileLocomoting,StandingStill
689,ReleasingGraspOfSomething,CarryingWhileLocomoting,StandingStill
690,ReleasingGraspOfSomething,CarryingWhileLocomoting,StandingStill
691,ReleasingGraspOfSomething,CarryingWhileLocomoting,StandingStill
692,ReleasingGraspOfSomething,CarryingWhileLocomoting,StandingStill
693,ReleasingGraspOfSomething,CarryingWhileLocomoting,StandingStill
694,ReleasingGraspOfSomething,CarryingWhileLocomoting,StandingStill
695,ReleasingGraspOfSomething,CarryingWhileLocomoting,StandingStill
696,ReleasingGraspOfSomething,CarryingWhileLocomoting,StandingStill
697,ReleasingGraspOfSomething,CarryingWhileLocomoting,HumanWalkingProcess
698,ReleasingGraspOfSomething,CarryingWhileLocomoting,HumanWalkingProcess
699,ReleasingGraspOfSomething,CarryingWhileLocomoting,HumanWalkingProcess
700,ReleasingGraspOfSomething,CarryingWhileLocomoting,HumanWalkingProcess
701,ReleasingGraspOfSomething,CarryingWhileLocomoting,HumanWalkingProcess
702,ReleasingGraspOfSomething,CarryingWhileLocomoting,HumanWalkingProcess
703,CarryingWhileLocomoting,CarryingWhileLocomoting,HumanWalkingProcess
704,CarryingWhileLocomoting,CarryingWhileLocomoting,HumanWalkingProcess
705,CarryingWhileLocomoting,CarryingWhileLocomoting,HumanWalkingProcess
706,CarryingWhileLocomoting,CarryingWhileLocomoting,HumanWalkingProcess
707,CarryingWhileLocomoting,CarryingWhileLocomoting,HumanWalkingProcess
708,CarryingWhileLocomoting,CarryingWhileLocomoting,HumanWalkingProcess
709,CarryingWhileLocomoting,CarryingWhileLocomoting,HumanWalkingProcess
710,CarryingWhileLocomoting,CarryingWhileLocomoting,HumanWalkingProcess
711,CarryingWhileLocomoting,CarryingWhileLocomoting,HumanWalkingProcess
712,CarryingWhileLocomoting,CarryingWhileLocomoting,HumanWalkingProcess
713,CarryingWhileLocomoting,CarryingWhileLocomoting,HumanWalkingProcess
714,CarryingWhileLocomoting,CarryingWhileLocomoting,HumanWalkingProcess
715,CarryingWhileLocomoting,CarryingWhileLocomoting,HumanWalkingProcess
716,CarryingWhileLocomoting,CarryingWhileLocomoting,HumanWalkingProcess
717,CarryingWhileLocomoting,CarryingWhileLocomoting,HumanWalkingProcess
718,CarryingWhileLocomoting,CarryingWhileLocomoting,HumanWalkingProcess
719,CarryingWhileLocomoting,CarryingWhileLocomoting,HumanWalkingProcess
720,CarryingWhileLocomoting,CarryingWhileLocomoting,HumanWalkingProcess
721,CarryingWhileLocomoting,CarryingWhileLocomoting,HumanWalkingProcess
722,CarryingWhileLocomoting,CarryingWhileLocomoting,HumanWalkingProcess
723,CarryingWhileLocomoting,CarryingWhileLocomoting,HumanWalkingProcess
724,CarryingWhileLocomoting,CarryingWhileLocomoting,HumanWalkingProcess
725,Reaching,CarryingWhileLocomoting,HumanWalkingProcess
726,Reaching,CarryingWhileLocomoting,HumanWalkingProcess
727,Reaching,CarryingWhileLocomoting,HumanWalkingProcess
728,Reaching,CarryingWhileLocomoting,HumanWalkingProcess
729,Reaching,CarryingWhileLocomoting,HumanWalkingProcess
730,Reaching,CarryingWhileLocomoting,HumanWalkingProcess
731,Reaching,CarryingWhileLocomoting,HumanWalkingProcess
732,Reaching,CarryingWhileLocomoting,HumanWalkingProcess
733,Reaching,CarryingWhileLocomoting,HumanWalkingProcess
734,Reaching,CarryingWhileLocomoting,HumanWalkingProcess
735,Reaching,CarryingWhileLocomoting,HumanWalkingProcess
736,Reaching,CarryingWhileLocomoting,StandingStill
737,Reaching,CarryingWhileLocomoting,StandingStill
738,Reaching,CarryingWhileLocomoting,StandingStill
739,Reaching,CarryingWhileLocomoting,StandingStill
740,Reaching,CarryingWhileLocomoting,StandingStill
741,OpeningADrawer,CarryingWhileLocomoting,StandingStill
742,OpeningADrawer,CarryingWhileLocomoting,StandingStill
743,OpeningADrawer,CarryingWhileLocomoting,StandingStill
744,OpeningADrawer,CarryingWhileLocomoting,StandingStill
745,OpeningADrawer,Reaching,StandingStill
746,OpeningADrawer,Reaching,StandingStill
747,OpeningADrawer,Reaching,StandingStill
748,OpeningADrawer,Reaching,StandingStill
749,OpeningADrawer,Reaching,StandingStill
750,OpeningADrawer,Reaching,StandingStill
751,OpeningADrawer,Reaching,StandingStill
752,OpeningADrawer,Reaching,StandingStill
753,OpeningADrawer,Reaching,StandingStill
754,OpeningADrawer,Reaching,StandingStill
755,OpeningADrawer,Reaching,StandingStill
756,OpeningADrawer,Reaching,StandingStill
757,OpeningADrawer,Reaching,StandingStill
758,OpeningADrawer,Reaching,StandingStill
759,OpeningADrawer,Reaching,StandingStill
760,OpeningADrawer,Reaching,StandingStill
761,OpeningADrawer,Reaching,StandingStill
762,OpeningADrawer,Reaching,StandingStill
763,OpeningADrawer,Reaching,StandingStill
764,OpeningADrawer,Reaching,StandingStill
765,OpeningADrawer,Reaching,StandingStill
766,OpeningADrawer,Reaching,StandingStill
767,OpeningADrawer,TakingSomething,StandingStill
768,OpeningADrawer,TakingSomething,StandingStill
769,OpeningADrawer,TakingSomething,StandingStill
770,ClosingADrawer,TakingSomething,StandingStill
771,ClosingADrawer,TakingSomething,StandingStill
772,ClosingADrawer,TakingSomething,StandingStill
773,ClosingADrawer,TakingSomething,StandingStill
774,ClosingADrawer,TakingSomething,StandingStill
775,ClosingADrawer,TakingSomething,StandingStill
776,ClosingADrawer,TakingSomething,StandingStill
777,ClosingADrawer,TakingSomething,StandingStill
778,ClosingADrawer,TakingSomething,StandingStill
779,ClosingADrawer,TakingSomething,StandingStill
780,ClosingADrawer,TakingSomething,StandingStill
781,ClosingADrawer,TakingSomething,StandingStill
782,ClosingADrawer,TakingSomething,StandingStill
783,ClosingADrawer,TakingSomething,StandingStill
784,ClosingADrawer,TakingSomething,StandingStill
785,ClosingADrawer,TakingSomething,StandingStill
786,ClosingADrawer,TakingSomething,StandingStill
787,ClosingADrawer,TakingSomething,StandingStill
788,ClosingADrawer,CarryingWhileLocomoting,StandingStill
789,ClosingADrawer,CarryingWhileLocomoting,StandingStill
790,ClosingADrawer,CarryingWhileLocomoting,StandingStill
791,ClosingADrawer,CarryingWhileLocomoting,StandingStill
792,ClosingADrawer,CarryingWhileLocomoting,StandingStill
793,ClosingADrawer,CarryingWhileLocomoting,StandingStill
794,ClosingADrawer,CarryingWhileLocomoting,HumanWalkingProcess
795,ClosingADrawer,CarryingWhileLocomoting,HumanWalkingProcess
796,ReleasingGraspOfSomething,CarryingWhileLocomoting,HumanWalkingProcess
797,ReleasingGraspOfSomething,CarryingWhileLocomoting,HumanWalkingProcess
798,ReleasingGraspOfSomething,CarryingWhileLocomoting,HumanWalkingProcess
799,ReleasingGraspOfSomething,CarryingWhileLocomoting,HumanWalkingProcess
800,ReleasingGraspOfSomething,CarryingWhileLocomoting,HumanWalkingProcess
801,ReleasingGraspOfSomething,CarryingWhileLocomoting,HumanWalkingProcess
802,ReleasingGraspOfSomething,CarryingWhileLocomoting,HumanWalkingProcess
803,ReleasingGraspOfSomething,CarryingWhileLocomoting,HumanWalkingProcess
804,ReleasingGraspOfSomething,CarryingWhileLocomoting,HumanWalkingProcess
805,ReleasingGraspOfSomething,CarryingWhileLocomoting,HumanWalkingProcess
806,ReleasingGraspOfSomething,CarryingWhileLocomoting,HumanWalkingProcess
807,ReleasingGraspOfSomething,CarryingWhileLocomoting,HumanWalkingProcess
808,ReleasingGraspOfSomething,CarryingWhileLocomoting,HumanWalkingProcess
809,ReleasingGraspOfSomething,CarryingWhileLocomoting,HumanWalkingProcess
810,ReleasingGraspOfSomething,CarryingWhileLocomoting,HumanWalkingProcess
811,ReleasingGraspOfSomething,CarryingWhileLocomoting,HumanWalkingProcess
812,ReleasingGraspOfSomething,CarryingWhileLocomoting,HumanWalkingProcess
813,CarryingWhileLocomoting,CarryingWhileLocomoting,HumanWalkingProcess
814,CarryingWhileLocomoting,CarryingWhileLocomoting,HumanWalkingProcess
815,CarryingWhileLocomoting,CarryingWhileLocomoting,HumanWalkingProcess
816,CarryingWhileLocomoting,CarryingWhileLocomoting,HumanWalkingProcess
817,CarryingWhileLocomoting,CarryingWhileLocomoting,HumanWalkingProcess
818,CarryingWhileLocomoting,CarryingWhileLocomoting,HumanWalkingProcess
819,CarryingWhileLocomoting,CarryingWhileLocomoting,HumanWalkingProcess
820,CarryingWhileLocomoting,CarryingWhileLocomoting,HumanWalkingProcess
821,CarryingWhileLocomoting,CarryingWhileLocomoting,HumanWalkingProcess
822,CarryingWhileLocomoting,CarryingWhileLocomoting,HumanWalkingProcess
823,CarryingWhileLocomoting,CarryingWhileLocomoting,HumanWalkingProcess
824,CarryingWhileLocomoting,CarryingWhileLocomoting,HumanWalkingProcess
825,CarryingWhileLocomoting,CarryingWhileLocomoting,HumanWalkingProcess
826,CarryingWhileLocomoting,CarryingWhileLocomoting,HumanWalkingProcess
827,CarryingWhileLocomoting,CarryingWhileLocomoting,HumanWalkingProcess
828,CarryingWhileLocomoting,CarryingWhileLocomoting,HumanWalkingProcess
829,CarryingWhileLocomoting,CarryingWhileLocomoting,HumanWalkingProcess
830,CarryingWhileLocomoting,CarryingWhileLocomoting,HumanWalkingProcess
831,CarryingWhileLocomoting,CarryingWhileLocomoting,HumanWalkingProcess
832,CarryingWhileLocomoting,CarryingWhileLocomoting,HumanWalkingProcess
833,CarryingWhileLocomoting,CarryingWhileLocomoting,HumanWalkingProcess
834,CarryingWhileLocomoting,CarryingWhileLocomoting,HumanWalkingProcess
835,CarryingWhileLocomoting,CarryingWhileLocomoting,HumanWalkingProcess
836,CarryingWhileLocomoting,CarryingWhileLocomoting,HumanWalkingProcess
837,CarryingWhileLocomoting,LoweringAnObject,HumanWalkingProcess
838,CarryingWhileLocomoting,LoweringAnObject,HumanWalkingProcess
839,CarryingWhileLocomoting,LoweringAnObject,StandingStill
840,CarryingWhileLocomoting,LoweringAnObject,StandingStill
841,CarryingWhileLocomoting,LoweringAnObject,StandingStill
842,CarryingWhileLocomoting,LoweringAnObject,StandingStill
843,CarryingWhileLocomoting,LoweringAnObject,StandingStill
844,CarryingWhileLocomoting,LoweringAnObject,StandingStill
845,CarryingWhileLocomoting,LoweringAnObject,StandingStill
846,CarryingWhileLocomoting,LoweringAnObject,StandingStill
847,CarryingWhileLocomoting,LoweringAnObject,StandingStill
848,CarryingWhileLocomoting,LoweringAnObject,StandingStill
849,CarryingWhileLocomoting,LoweringAnObject,StandingStill
850,CarryingWhileLocomoting,LoweringAnObject,StandingStill
851,CarryingWhileLocomoting,LoweringAnObject,StandingStill
852,CarryingWhileLocomoting,LoweringAnObject,StandingStill
853,CarryingWhileLocomoting,LoweringAnObject,StandingStill
854,CarryingWhileLocomoting,LoweringAnObject,StandingStill
855,CarryingWhileLocomoting,ReleasingGraspOfSomething,StandingStill
856,CarryingWhileLocomoting,ReleasingGraspOfSomething,StandingStill
857,CarryingWhileLocomoting,ReleasingGraspOfSomething,StandingStill
858,CarryingWhileLocomoting,ReleasingGraspOfSomething,StandingStill
859,CarryingWhileLocomoting,ReleasingGraspOfSomething,StandingStill
860,CarryingWhileLocomoting,ReleasingGraspOfSomething,StandingStill
861,CarryingWhileLocomoting,ReleasingGraspOfSomething,StandingStill
862,CarryingWhileLocomoting,ReleasingGraspOfSomething,StandingStill
863,CarryingWhileLocomoting,ReleasingGraspOfSomething,StandingStill
864,CarryingWhileLocomoting,ReleasingGraspOfSomething,StandingStill
865,CarryingWhileLocomoting,ReleasingGraspOfSomething,StandingStill
866,CarryingWhileLocomoting,ReleasingGraspOfSomething,StandingStill
867,CarryingWhileLocomoting,ReleasingGraspOfSomething,StandingStill
868,CarryingWhileLocomoting,ReleasingGraspOfSomething,StandingStill
869,CarryingWhileLocomoting,ReleasingGraspOfSomething,StandingStill
870,CarryingWhileLocomoting,ReleasingGraspOfSomething,StandingStill
871,CarryingWhileLocomoting,ReleasingGraspOfSomething,StandingStill
872,CarryingWhileLocomoting,ReleasingGraspOfSomething,StandingStill
873,CarryingWhileLocomoting,ReleasingGraspOfSomething,StandingStill
874,CarryingWhileLocomoting,ReleasingGraspOfSomething,StandingStill
875,CarryingWhileLocomoting,ReleasingGraspOfSomething,HumanWalkingProcess
876,CarryingWhileLocomoting,ReleasingGraspOfSomething,HumanWalkingProcess
877,CarryingWhileLocomoting,ReleasingGraspOfSomething,HumanWalkingProcess
878,CarryingWhileLocomoting,ReleasingGraspOfSomething,HumanWalkingProcess
879,CarryingWhileLocomoting,ReleasingGraspOfSomething,HumanWalkingProcess
880,CarryingWhileLocomoting,ReleasingGraspOfSomething,HumanWalkingProcess
881,CarryingWhileLocomoting,ReleasingGraspOfSomething,HumanWalkingProcess
882,CarryingWhileLocomoting,ReleasingGraspOfSomething,HumanWalkingProcess
883,CarryingWhileLocomoting,ReleasingGraspOfSomething,HumanWalkingProcess
884,CarryingWhileLocomoting,CarryingWhileLocomoting,HumanWalkingProcess
885,CarryingWhileLocomoting,CarryingWhileLocomoting,HumanWalkingProcess
886,CarryingWhileLocomoting,CarryingWhileLocomoting,HumanWalkingProcess
887,CarryingWhileLocomoting,CarryingWhileLocomoting,HumanWalkingProcess
888,CarryingWhileLocomoting,CarryingWhileLocomoting,HumanWalkingProcess
889,CarryingWhileLocomoting,CarryingWhileLocomoting,HumanWalkingProcess
890,CarryingWhileLocomoting,CarryingWhileLocomoting,HumanWalkingProcess
891,CarryingWhileLocomoting,CarryingWhileLocomoting,HumanWalkingProcess
892,CarryingWhileLocomoting,CarryingWhileLocomoting,HumanWalkingProcess
893,CarryingWhileLocomoting,CarryingWhileLocomoting,HumanWalkingProcess
894,CarryingWhileLocomoting,CarryingWhileLocomoting,HumanWalkingProcess
895,CarryingWhileLocomoting,CarryingWhileLocomoting,HumanWalkingProcess
896,CarryingWhileLocomoting,CarryingWhileLocomoting,HumanWalkingProcess
897,CarryingWhileLocomoting,CarryingWhileLocomoting,HumanWalkingProcess
898,CarryingWhileLocomoting,CarryingWhileLocomoting,HumanWalkingProcess
899,CarryingWhileLocomoting,CarryingWhileLocomoting,HumanWalkingProcess
900,CarryingWhileLocomoting,CarryingWhileLocomoting,HumanWalkingProcess
901,CarryingWhileLocomoting,CarryingWhileLocomoting,HumanWalkingProcess
902,CarryingWhileLocomoting,CarryingWhileLocomoting,HumanWalkingProcess
903,CarryingWhileLocomoting,Reaching,HumanWalkingProcess
904,CarryingWhileLocomoting,Reaching,HumanWalkingProcess
905,CarryingWhileLocomoting,Reaching,HumanWalkingProcess
906,CarryingWhileLocomoting,Reaching,HumanWalkingProcess
907,CarryingWhileLocomoting,Reaching,HumanWalkingProcess
908,CarryingWhileLocomoting,Reaching,HumanWalkingProcess
909,CarryingWhileLocomoting,Reaching,HumanWalkingProcess
910,CarryingWhileLocomoting,Reaching,HumanWalkingProcess
911,CarryingWhileLocomoting,Reaching,HumanWalkingProcess
912,CarryingWhileLocomoting,Reaching,StandingStill
913,CarryingWhileLocomoting,Reaching,StandingStill
914,CarryingWhileLocomoting,Reaching,StandingStill
915,CarryingWhileLocomoting,Reaching,StandingStill
916,CarryingWhileLocomoting,Reaching,StandingStill
917,CarryingWhileLocomoting,Reaching,StandingStill
918,CarryingWhileLocomoting,Reaching,StandingStill
919,CarryingWhileLocomoting,OpeningADrawer,StandingStill
920,CarryingWhileLocomoting,OpeningADrawer,StandingStill
921,CarryingWhileLocomoting,OpeningADrawer,StandingStill
922,CarryingWhileLocomoting,OpeningADrawer,StandingStill
923,CarryingWhileLocomoting,OpeningADrawer,StandingStill
924,CarryingWhileLocomoting,OpeningADrawer,StandingStill
925,CarryingWhileLocomoting,OpeningADrawer,StandingStill
926,CarryingWhileLocomoting,OpeningADrawer,StandingStill
927,CarryingWhileLocomoting,OpeningADrawer,StandingStill
928,CarryingWhileLocomoting,OpeningADrawer,StandingStill
929,CarryingWhileLocomoting,Reaching,StandingStill
930,CarryingWhileLocomoting,Reaching,StandingStill
931,CarryingWhileLocomoting,Reaching,StandingStill
932,CarryingWhileLocomoting,Reaching,StandingStill
933,CarryingWhileLocomoting,Reaching,StandingStill
934,CarryingWhileLocomoting,Reaching,StandingStill
935,CarryingWhileLocomoting,TakingSomething,StandingStill
936,CarryingWhileLocomoting,TakingSomething,StandingStill
937,CarryingWhileLocomoting,TakingSomething,StandingStill
938,CarryingWhileLocomoting,TakingSomething,StandingStill
939,CarryingWhileLocomoting,TakingSomething,StandingStill
940,CarryingWhileLocomoting,TakingSomething,StandingStill
941,CarryingWhileLocomoting,TakingSomething,StandingStill
942,CarryingWhileLocomoting,TakingSomething,StandingStill
943,CarryingWhileLocomoting,TakingSomething,StandingStill
944,CarryingWhileLocomoting,TakingSomething,StandingStill
945,CarryingWhileLocomoting,TakingSomething,StandingStill
946,CarryingWhileLocomoting,TakingSomething,StandingStill
947,ClosingADrawer,TakingSomething,StandingStill
948,ClosingADrawer,TakingSomething,StandingStill
949,ClosingADrawer,TakingSomething,StandingStill
950,ClosingADrawer,TakingSomething,StandingStill
951,ClosingADrawer,TakingSomething,StandingStill
952,ClosingADrawer,TakingSomething,StandingStill
953,ClosingADrawer,TakingSomething,StandingStill
954,ClosingADrawer,TakingSomething,StandingStill
955,ClosingADrawer,TakingSomething,StandingStill
956,ClosingADrawer,TakingSomething,StandingStill
957,ClosingADrawer,TakingSomething,StandingStill
958,ClosingADrawer,TakingSomething,StandingStill
959,ClosingADrawer,TakingSomething,StandingStill
960,ClosingADrawer,TakingSomething,StandingStill
961,ClosingADrawer,TakingSomething,StandingStill
962,ClosingADrawer,TakingSomething,StandingStill
963,ClosingADrawer,TakingSomething,StandingStill
964,ClosingADrawer,TakingSomething,StandingStill
965,ClosingADrawer,TakingSomething,StandingStill
966,ClosingADrawer,TakingSomething,StandingStill
967,ClosingADrawer,TakingSomething,StandingStill
968,ClosingADrawer,TakingSomething,StandingStill
969,ClosingADrawer,TakingSomething,StandingStill
970,ClosingADrawer,CarryingWhileLocomoting,StandingStill
971,ClosingADrawer,CarryingWhileLocomoting,StandingStill
972,ClosingADrawer,CarryingWhileLocomoting,StandingStill
973,ClosingADrawer,CarryingWhileLocomoting,StandingStill
974,ClosingADrawer,CarryingWhileLocomoting,HumanWalkingProcess
975,ClosingADrawer,CarryingWhileLocomoting,HumanWalkingProcess
976,ClosingADrawer,CarryingWhileLocomoting,HumanWalkingProcess
977,ReleasingGraspOfSomething,CarryingWhileLocomoting,HumanWalkingProcess
978,ReleasingGraspOfSomething,CarryingWhileLocomoting,HumanWalkingProcess
979,ReleasingGraspOfSomething,CarryingWhileLocomoting,HumanWalkingProcess
980,ReleasingGraspOfSomething,CarryingWhileLocomoting,HumanWalkingProcess
981,ReleasingGraspOfSomething,CarryingWhileLocomoting,HumanWalkingProcess
982,ReleasingGraspOfSomething,CarryingWhileLocomoting,HumanWalkingProcess
983,ReleasingGraspOfSomething,CarryingWhileLocomoting,HumanWalkingProcess
984,ReleasingGraspOfSomething,CarryingWhileLocomoting,HumanWalkingProcess
985,ReleasingGraspOfSomething,CarryingWhileLocomoting,HumanWalkingProcess
986,ReleasingGraspOfSomething,CarryingWhileLocomoting,HumanWalkingProcess
987,ReleasingGraspOfSomething,CarryingWhileLocomoting,HumanWalkingProcess
988,CarryingWhileLocomoting,CarryingWhileLocomoting,HumanWalkingProcess
989,CarryingWhileLocomoting,CarryingWhileLocomoting,HumanWalkingProcess
990,CarryingWhileLocomoting,CarryingWhileLocomoting,HumanWalkingProcess
991,CarryingWhileLocomoting,CarryingWhileLocomoting,HumanWalkingProcess
992,CarryingWhileLocomoting,CarryingWhileLocomoting,HumanWalkingProcess
993,CarryingWhileLocomoting,CarryingWhileLocomoting,HumanWalkingProcess
994,CarryingWhileLocomoting,CarryingWhileLocomoting,HumanWalkingProcess
995,CarryingWhileLocomoting,CarryingWhileLocomoting,HumanWalkingProcess
996,CarryingWhileLocomoting,CarryingWhileLocomoting,HumanWalkingProcess
997,CarryingWhileLocomoting,CarryingWhileLocomoting,HumanWalkingProcess
998,CarryingWhileLocomoting,CarryingWhileLocomoting,HumanWalkingProcess
999,CarryingWhileLocomoting,CarryingWhileLocomoting,HumanWalkingProcess
1000,CarryingWhileLocomoting,CarryingWhileLocomoting,HumanWalkingProcess
1001,CarryingWhileLocomoting,CarryingWhileLocomoting,HumanWalkingProcess
1002,CarryingWhileLocomoting,CarryingWhileLocomoting,HumanWalkingProcess
1003,CarryingWhileLocomoting,CarryingWhileLocomoting,HumanWalkingProcess
1004,CarryingWhileLocomoting,CarryingWhileLocomoting,HumanWalkingProcess
1005,CarryingWhileLocomoting,CarryingWhileLocomoting,HumanWalkingProcess
1006,CarryingWhileLocomoting,CarryingWhileLocomoting,HumanWalkingProcess
1007,CarryingWhileLocomoting,CarryingWhileLocomoting,HumanWalkingProcess
1008,CarryingWhileLocomoting,CarryingWhileLocomoting,HumanWalkingProcess
1009,CarryingWhileLocomoting,CarryingWhileLocomoting,HumanWalkingProcess
1010,CarryingWhileLocomoting,CarryingWhileLocomoting,HumanWalkingProcess
1011,CarryingWhileLocomoting,CarryingWhileLocomoting,HumanWalkingProcess
1012,CarryingWhileLocomoting,CarryingWhileLocomoting,HumanWalkingProcess
1013,CarryingWhileLocomoting,CarryingWhileLocomoting,HumanWalkingProcess
1014,CarryingWhileLocomoting,CarryingWhileLocomoting,HumanWalkingProcess
1015,CarryingWhileLocomoting,LoweringAnObject,HumanWalkingProcess
1016,CarryingWhileLocomoting,LoweringAnObject,HumanWalkingProcess
1017,CarryingWhileLocomoting,LoweringAnObject,HumanWalkingProcess
1018,CarryingWhileLocomoting,LoweringAnObject,HumanWalkingProcess
1019,CarryingWhileLocomoting,LoweringAnObject,HumanWalkingProcess
1020,CarryingWhileLocomoting,LoweringAnObject,StandingStill
1021,CarryingWhileLocomoting,LoweringAnObject,StandingStill
1022,CarryingWhileLocomoting,LoweringAnObject,StandingStill
1023,CarryingWhileLocomoting,LoweringAnObject,StandingStill
1024,CarryingWhileLocomoting,LoweringAnObject,StandingStill
1025,CarryingWhileLocomoting,LoweringAnObject,StandingStill
1026,CarryingWhileLocomoting,LoweringAnObject,StandingStill
1027,CarryingWhileLocomoting,LoweringAnObject,StandingStill
1028,CarryingWhileLocomoting,LoweringAnObject,StandingStill
1029,CarryingWhileLocomoting,LoweringAnObject,StandingStill
1030,CarryingWhileLocomoting,LoweringAnObject,StandingStill
1031,CarryingWhileLocomoting,LoweringAnObject,StandingStill
1032,CarryingWhileLocomoting,LoweringAnObject,StandingStill
1033,CarryingWhileLocomoting,LoweringAnObject,StandingStill
1034,CarryingWhileLocomoting,LoweringAnObject,StandingStill
1035,CarryingWhileLocomoting,LoweringAnObject,StandingStill
1036,CarryingWhileLocomoting,LoweringAnObject,StandingStill
1037,CarryingWhileLocomoting,LoweringAnObject,StandingStill
1038,CarryingWhileLocomoting,LoweringAnObject,StandingStill
1039,CarryingWhileLocomoting,LoweringAnObject,StandingStill
1040,CarryingWhileLocomoting,LoweringAnObject,StandingStill
1041,CarryingWhileLocomoting,LoweringAnObject,StandingStill
1042,CarryingWhileLocomoting,LoweringAnObject,StandingStill
1043,CarryingWhileLocomoting,LoweringAnObject,StandingStill
1044,CarryingWhileLocomoting,LoweringAnObject,StandingStill
1045,CarryingWhileLocomoting,LoweringAnObject,StandingStill
1046,CarryingWhileLocomoting,LoweringAnObject,StandingStill
1047,CarryingWhileLocomoting,LoweringAnObject,StandingStill
1048,CarryingWhileLocomoting,LoweringAnObject,StandingStill
1049,CarryingWhileLocomoting,LoweringAnObject,StandingStill
1050,CarryingWhileLocomoting,LoweringAnObject,StandingStill
1051,CarryingWhileLocomoting,LoweringAnObject,StandingStill
1052,CarryingWhileLocomoting,LoweringAnObject,StandingStill
1053,CarryingWhileLocomoting,LoweringAnObject,StandingStill
1054,CarryingWhileLocomoting,LoweringAnObject,StandingStill
1055,CarryingWhileLocomoting,LoweringAnObject,StandingStill
1056,CarryingWhileLocomoting,LoweringAnObject,HumanWalkingProcess
1057,CarryingWhileLocomoting,LoweringAnObject,HumanWalkingProcess
1058,CarryingWhileLocomoting,LoweringAnObject,HumanWalkingProcess
1059,CarryingWhileLocomoting,LoweringAnObject,HumanWalkingProcess
1060,CarryingWhileLocomoting,LoweringAnObject,HumanWalkingProcess
1061,CarryingWhileLocomoting,LoweringAnObject,HumanWalkingProcess
1062,CarryingWhileLocomoting,LoweringAnObject,HumanWalkingProcess
1063,CarryingWhileLocomoting,LoweringAnObject,HumanWalkingProcess
1064,CarryingWhileLocomoting,LoweringAnObject,HumanWalkingProcess
1065,CarryingWhileLocomoting,LoweringAnObject,HumanWalkingProcess
1066,CarryingWhileLocomoting,CarryingWhileLocomoting,HumanWalkingProcess
1067,CarryingWhileLocomoting,CarryingWhileLocomoting,HumanWalkingProcess
1068,CarryingWhileLocomoting,CarryingWhileLocomoting,HumanWalkingProcess
1069,CarryingWhileLocomoting,CarryingWhileLocomoting,HumanWalkingProcess
1070,CarryingWhileLocomoting,CarryingWhileLocomoting,HumanWalkingProcess
1071,CarryingWhileLocomoting,CarryingWhileLocomoting,HumanWalkingProcess
1072,CarryingWhileLocomoting,CarryingWhileLocomoting,HumanWalkingProcess
1073,CarryingWhileLocomoting,CarryingWhileLocomoting,HumanWalkingProcess
1074,CarryingWhileLocomoting,CarryingWhileLocomoting,HumanWalkingProcess
1075,CarryingWhileLocomoting,CarryingWhileLocomoting,HumanWalkingProcess
1076,CarryingWhileLocomoting,CarryingWhileLocomoting,HumanWalkingProcess
1077,CarryingWhileLocomoting,CarryingWhileLocomoting,HumanWalkingProcess
1078,CarryingWhileLocomoting,CarryingWhileLocomoting,HumanWalkingProcess
1079,CarryingWhileLocomoting,CarryingWhileLocomoting,HumanWalkingProcess
1080,CarryingWhileLocomoting,CarryingWhileLocomoting,HumanWalkingProcess
1081,CarryingWhileLocomoting,CarryingWhileLocomoting,HumanWalkingProcess
1082,CarryingWhileLocomoting,CarryingWhileLocomoting,HumanWalkingProcess
1083,CarryingWhileLocomoting,CarryingWhileLocomoting,HumanWalkingProcess
1084,CarryingWhileLocomoting,CarryingWhileLocomoting,HumanWalkingProcess
1085,CarryingWhileLocomoting,CarryingWhileLocomoting,HumanWalkingProcess
1086,CarryingWhileLocomoting,CarryingWhileLocomoting,HumanWalkingProcess
1087,Reaching,CarryingWhileLocomoting,HumanWalkingProcess
1088,Reaching,CarryingWhileLocomoting,HumanWalkingProcess
1089,Reaching,CarryingWhileLocomoting,HumanWalkingProcess
1090,Reaching,CarryingWhileLocomoting,HumanWalkingProcess
1091,Reaching,CarryingWhileLocomoting,HumanWalkingProcess
1092,Reaching,CarryingWhileLocomoting,HumanWalkingProcess
1093,Reaching,CarryingWhileLocomoting,HumanWalkingProcess
1094,Reaching,CarryingWhileLocomoting,HumanWalkingProcess
1095,Reaching,CarryingWhileLocomoting,HumanWalkingProcess
1096,Reaching,CarryingWhileLocomoting,HumanWalkingProcess
1097,Reaching,CarryingWhileLocomoting,HumanWalkingProcess
1098,Reaching,CarryingWhileLocomoting,HumanWalkingProcess
1099,Reaching,CarryingWhileLocomoting,HumanWalkingProcess
1100,Reaching,CarryingWhileLocomoting,HumanWalkingProcess
1101,Reaching,CarryingWhileLocomoting,HumanWalkingProcess
1102,Reaching,CarryingWhileLocomoting,HumanWalkingProcess
1103,Reaching,CarryingWhileLocomoting,HumanWalkingProcess
1104,Reaching,CarryingWhileLocomoting,HumanWalkingProcess
1105,Reaching,CarryingWhileLocomoting,HumanWalkingProcess
1106,Reaching,CarryingWhileLocomoting,HumanWalkingProcess
1107,Reaching,CarryingWhileLocomoting,HumanWalkingProcess
1108,Reaching,CarryingWhileLocomoting,StandingStill
1109,OpeningADoor,CarryingWhileLocomoting,StandingStill
1110,OpeningADoor,CarryingWhileLocomoting,StandingStill
1111,OpeningADoor,CarryingWhileLocomoting,StandingStill
1112,OpeningADoor,CarryingWhileLocomoting,StandingStill
1113,OpeningADoor,CarryingWhileLocomoting,StandingStill
1114,OpeningADoor,Reaching,StandingStill
1115,OpeningADoor,Reaching,StandingStill
1116,OpeningADoor,Reaching,StandingStill
1117,OpeningADoor,Reaching,StandingStill
1118,OpeningADoor,Reaching,StandingStill
1119,OpeningADoor,Reaching,StandingStill
1120,OpeningADoor,Reaching,StandingStill
1121,OpeningADoor,Reaching,StandingStill
1122,OpeningADoor,Reaching,StandingStill
1123,OpeningADoor,Reaching,StandingStill
1124,OpeningADoor,Reaching,StandingStill
1125,OpeningADoor,Reaching,StandingStill
1126,OpeningADoor,Reaching,StandingStill
1127,OpeningADoor,Reaching,StandingStill
1128,OpeningADoor,Reaching,StandingStill
1129,OpeningADoor,Reaching,StandingStill
1130,OpeningADoor,Reaching,StandingStill
1131,OpeningADoor,Reaching,StandingStill
1132,ClosingADoor,Reaching,StandingStill
1133,ClosingADoor,Reaching,StandingStill
1134,ClosingADoor,Reaching,StandingStill
1135,ClosingADoor,Reaching,StandingStill
1136,ClosingADoor,Reaching,StandingStill
1137,ClosingADoor,Reaching,StandingStill
1138,ClosingADoor,Reaching,StandingStill
1139,ClosingADoor,TakingSomething,StandingStill
1140,ClosingADoor,TakingSomething,StandingStill
1141,ClosingADoor,TakingSomething,StandingStill
1142,ClosingADoor,TakingSomething,StandingStill
1143,ClosingADoor,TakingSomething,StandingStill
1144,ClosingADoor,TakingSomething,StandingStill
1145,ClosingADoor,TakingSomething,StandingStill
1146,ClosingADoor,TakingSomething,StandingStill
1147,ClosingADoor,TakingSomething,StandingStill
1148,ClosingADoor,TakingSomething,StandingStill
1149,ClosingADoor,TakingSomething,StandingStill
1150,ClosingADoor,TakingSomething,StandingStill
1151,ClosingADoor,TakingSomething,StandingStill
1152,ClosingADoor,TakingSomething,StandingStill
1153,ClosingADoor,TakingSomething,StandingStill
1154,ClosingADoor,TakingSomething,StandingStill
1155,ClosingADoor,TakingSomething,StandingStill
1156,ClosingADoor,TakingSomething,StandingStill
1157,ClosingADoor,TakingSomething,StandingStill
1158,ClosingADoor,TakingSomething,StandingStill
1159,ClosingADoor,TakingSomething,StandingStill
1160,ClosingADoor,TakingSomething,StandingStill
1161,ClosingADoor,CarryingWhileLocomoting,StandingStill
1162,ClosingADoor,CarryingWhileLocomoting,StandingStill
1163,ClosingADoor,CarryingWhileLocomoting,StandingStill
1164,ClosingADoor,CarryingWhileLocomoting,StandingStill
1165,ReleasingGraspOfSomething,CarryingWhileLocomoting,StandingStill
1166,ReleasingGraspOfSomething,CarryingWhileLocomoting,StandingStill
1167,ReleasingGraspOfSomething,CarryingWhileLocomoting,StandingStill
1168,ReleasingGraspOfSomething,CarryingWhileLocomoting,StandingStill
1169,ReleasingGraspOfSomething,CarryingWhileLocomoting,StandingStill
1170,ReleasingGraspOfSomething,CarryingWhileLocomoting,StandingStill
1171,ReleasingGraspOfSomething,CarryingWhileLocomoting,StandingStill
1172,ReleasingGraspOfSomething,CarryingWhileLocomoting,StandingStill
1173,ReleasingGraspOfSomething,CarryingWhileLocomoting,HumanWalkingProcess
1174,ReleasingGraspOfSomething,CarryingWhileLocomoting,HumanWalkingProcess
1175,ReleasingGraspOfSomething,CarryingWhileLocomoting,HumanWalkingProcess
1176,ReleasingGraspOfSomething,CarryingWhileLocomoting,HumanWalkingProcess
1177,ReleasingGraspOfSomething,CarryingWhileLocomoting,HumanWalkingProcess
1178,ReleasingGraspOfSomething,CarryingWhileLocomoting,HumanWalkingProcess
1179,CarryingWhileLocomoting,CarryingWhileLocomoting,HumanWalkingProcess
1180,CarryingWhileLocomoting,CarryingWhileLocomoting,HumanWalkingProcess
1181,CarryingWhileLocomoting,CarryingWhileLocomoting,HumanWalkingProcess
1182,CarryingWhileLocomoting,CarryingWhileLocomoting,HumanWalkingProcess
1183,CarryingWhileLocomoting,CarryingWhileLocomoting,HumanWalkingProcess
1184,CarryingWhileLocomoting,CarryingWhileLocomoting,HumanWalkingProcess
1185,CarryingWhileLocomoting,CarryingWhileLocomoting,HumanWalkingProcess
1186,CarryingWhileLocomoting,CarryingWhileLocomoting,HumanWalkingProcess
1187,CarryingWhileLocomoting,CarryingWhileLocomoting,HumanWalkingProcess
1188,CarryingWhileLocomoting,CarryingWhileLocomoting,HumanWalkingProcess
1189,CarryingWhileLocomoting,CarryingWhileLocomoting,HumanWalkingProcess
1190,CarryingWhileLocomoting,CarryingWhileLocomoting,HumanWalkingProcess
1191,CarryingWhileLocomoting,CarryingWhileLocomoting,HumanWalkingProcess
1192,CarryingWhileLocomoting,CarryingWhileLocomoting,HumanWalkingProcess
1193,CarryingWhileLocomoting,CarryingWhileLocomoting,HumanWalkingProcess
1194,CarryingWhileLocomoting,CarryingWhileLocomoting,HumanWalkingProcess
1195,CarryingWhileLocomoting,CarryingWhileLocomoting,HumanWalkingProcess
1196,CarryingWhileLocomoting,CarryingWhileLocomoting,HumanWalkingProcess
1197,CarryingWhileLocomoting,CarryingWhileLocomoting,HumanWalkingProcess
1198,CarryingWhileLocomoting,CarryingWhileLocomoting,HumanWalkingProcess
1199,CarryingWhileLocomoting,CarryingWhileLocomoting,HumanWalkingProcess
1200,CarryingWhileLocomoting,CarryingWhileLocomoting,HumanWalkingProcess
1201,CarryingWhileLocomoting,CarryingWhileLocomoting,HumanWalkingProcess
1202,CarryingWhileLocomoting,CarryingWhileLocomoting,HumanWalkingProcess
1203,CarryingWhileLocomoting,CarryingWhileLocomoting,HumanWalkingProcess
1204,CarryingWhileLocomoting,CarryingWhileLocomoting,HumanWalkingProcess
1205,CarryingWhileLocomoting,CarryingWhileLocomoting,HumanWalkingProcess
1206,CarryingWhileLocomoting,CarryingWhileLocomoting,HumanWalkingProcess
1207,CarryingWhileLocomoting,CarryingWhileLocomoting,HumanWalkingProcess
1208,CarryingWhileLocomoting,CarryingWhileLocomoting,HumanWalkingProcess
1209,CarryingWhileLocomoting,CarryingWhileLocomoting,HumanWalkingProcess
1210,CarryingWhileLocomoting,CarryingWhileLocomoting,HumanWalkingProcess
1211,CarryingWhileLocomoting,CarryingWhileLocomoting,HumanWalkingProcess
1212,CarryingWhileLocomoting,CarryingWhileLocomoting,HumanWalkingProcess
1213,CarryingWhileLocomoting,CarryingWhileLocomoting,HumanWalkingProcess
1214,CarryingWhileLocomoting,LoweringAnObject,HumanWalkingProcess
1215,CarryingWhileLocomoting,LoweringAnObject,HumanWalkingProcess
1216,CarryingWhileLocomoting,LoweringAnObject,HumanWalkingProcess
1217,CarryingWhileLocomoting,LoweringAnObject,HumanWalkingProcess
1218,CarryingWhileLocomoting,LoweringAnObject,HumanWalkingProcess
1219,CarryingWhileLocomoting,LoweringAnObject,HumanWalkingProcess
1220,CarryingWhileLocomoting,LoweringAnObject,HumanWalkingProcess
1221,CarryingWhileLocomoting,LoweringAnObject,HumanWalkingProcess
1222,CarryingWhileLocomoting,LoweringAnObject,HumanWalkingProcess
1223,CarryingWhileLocomoting,LoweringAnObject,HumanWalkingProcess
1224,CarryingWhileLocomoting,LoweringAnObject,HumanWalkingProcess
1225,CarryingWhileLocomoting,LoweringAnObject,HumanWalkingProcess
1226,CarryingWhileLocomoting,LoweringAnObject,HumanWalkingProcess
1227,CarryingWhileLocomoting,LoweringAnObject,HumanWalkingProcess
1228,CarryingWhileLocomoting,LoweringAnObject,HumanWalkingProcess
1229,CarryingWhileLocomoting,LoweringAnObject,HumanWalkingProcess
1230,CarryingWhileLocomoting,LoweringAnObject,StandingStill
1231,CarryingWhileLocomoting,LoweringAnObject,StandingStill
1232,CarryingWhileLocomoting,LoweringAnObject,StandingStill
1233,CarryingWhileLocomoting,LoweringAnObject,StandingStill
1234,CarryingWhileLocomoting,LoweringAnObject,StandingStill
1235,CarryingWhileLocomoting,LoweringAnObject,StandingStill
1236,CarryingWhileLocomoting,LoweringAnObject,StandingStill
1237,CarryingWhileLocomoting,LoweringAnObject,StandingStill
1238,CarryingWhileLocomoting,LoweringAnObject,StandingStill
1239,CarryingWhileLocomoting,LoweringAnObject,StandingStill
1240,CarryingWhileLocomoting,LoweringAnObject,StandingStill
1241,CarryingWhileLocomoting,LoweringAnObject,StandingStill
1242,CarryingWhileLocomoting,LoweringAnObject,StandingStill
1243,CarryingWhileLocomoting,LoweringAnObject,StandingStill
1244,CarryingWhileLocomoting,LoweringAnObject,StandingStill
1245,CarryingWhileLocomoting,LoweringAnObject,StandingStill
1246,CarryingWhileLocomoting,LoweringAnObject,StandingStill
1247,CarryingWhileLocomoting,LoweringAnObject,StandingStill
1248,CarryingWhileLocomoting,LoweringAnObject,StandingStill
1249,CarryingWhileLocomoting,ReleasingGraspOfSomething,StandingStill
1250,CarryingWhileLocomoting,ReleasingGraspOfSomething,StandingStill
1251,CarryingWhileLocomoting,ReleasingGraspOfSomething,StandingStill
1252,CarryingWhileLocomoting,ReleasingGraspOfSomething,StandingStill
1253,CarryingWhileLocomoting,ReleasingGraspOfSomething,StandingStill
1254,CarryingWhileLocomoting,ReleasingGraspOfSomething,StandingStill
1255,CarryingWhileLocomoting,ReleasingGraspOfSomething,StandingStill
1256,CarryingWhileLocomoting,ReleasingGraspOfSomething,StandingStill
1257,CarryingWhileLocomoting,ReleasingGraspOfSomething,StandingStill
1258,CarryingWhileLocomoting,ReleasingGraspOfSomething,StandingStill
1259,CarryingWhileLocomoting,ReleasingGraspOfSomething,StandingStill
1260,CarryingWhileLocomoting,ReleasingGraspOfSomething,StandingStill
1261,CarryingWhileLocomoting,ReleasingGraspOfSomething,StandingStill
1262,CarryingWhileLocomoting,ReleasingGraspOfSomething,StandingStill
1263,CarryingWhileLocomoting,ReleasingGraspOfSomething,StandingStill
1264,CarryingWhileLocomoting,ReleasingGraspOfSomething,StandingStill
1265,CarryingWhileLocomoting,CarryingWhileLocomoting,StandingStill
1266,CarryingWhileLocomoting,CarryingWhileLocomoting,StandingStill
1267,CarryingWhileLocomoting,CarryingWhileLocomoting,StandingStill
1268,CarryingWhileLocomoting,CarryingWhileLocomoting,StandingStill
1269,CarryingWhileLocomoting,CarryingWhileLocomoting,StandingStill
1270,CarryingWhileLocomoting,CarryingWhileLocomoting,StandingStill
1271,CarryingWhileLocomoting,CarryingWhileLocomoting,StandingStill
1272,CarryingWhileLocomoting,CarryingWhileLocomoting,StandingStill
1273,CarryingWhileLocomoting,CarryingWhileLocomoting,HumanWalkingProcess
1274,CarryingWhileLocomoting,CarryingWhileLocomoting,HumanWalkingProcess
1275,CarryingWhileLocomoting,CarryingWhileLocomoting,HumanWalkingProcess
