instance,lefthand,righthand,trunk
0,CarryingWhileLocomoting,CarryingWhileLocomoting,StandingStill
1,CarryingWhileLocomoting,CarryingWhileLocomoting,StandingStill
2,CarryingWhileLocomoting,CarryingWhileLocomoting,StandingStill
3,CarryingWhileLocomoting,CarryingWhileLocomoting,StandingStill
4,CarryingWhileLocomoting,CarryingWhileLocomoting,StandingStill
5,CarryingWhileLocomoting,CarryingWhileLocomoting,StandingStill
6,CarryingWhileLocomoting,CarryingWhileLocomoting,StandingStill
7,CarryingWhileLocomoting,CarryingWhileLocomoting,StandingStill
8,CarryingWhileLocomoting,CarryingWhileLocomoting,StandingStill
9,CarryingWhileLocomoting,CarryingWhileLocomoting,HumanWalkingProcess
10,CarryingWhileLocomoting,CarryingWhileLocomoting,HumanWalkingProcess
11,CarryingWhileLocomoting,CarryingWhileLocomoting,HumanWalkingProcess
12,CarryingWhileLocomoting,CarryingWhileLocomoting,HumanWalkingProcess
13,CarryingWhileLocomoting,CarryingWhileLocomoting,HumanWalkingProcess
14,CarryingWhileLocomoting,CarryingWhileLocomoting,HumanWalkingProcess
15,CarryingWhileLocomoting,CarryingWhileLocomoting,HumanWalkingProcess
16,CarryingWhileLocomoting,CarryingWhileLocomoting,HumanWalkingProcess
17,CarryingWhileLocomoting,CarryingWhileLocomoting,HumanWalkingProcess
18,CarryingWhileLocomoting,CarryingWhileLocomoting,HumanWalkingProcess
19,CarryingWhileLocomoting,CarryingWhileLocomoting,HumanWalkingProcess
20,CarryingWhileLocomoting,CarryingWhileLocomoting,HumanWalkingProcess
21,CarryingWhileLocomoting,CarryingWhileLocomoting,HumanWalkingProcess
22,CarryingWhileLocomoting,CarryingWhileLocomoting,HumanWalkingProcess
23,CarryingWhileLocomoting,CarryingWhileLocomoting,HumanWalkingProcess
24,CarryingWhileLocomoting,CarryingWhileLocomoting,HumanWalkingProcess
25,CarryingWhileLocomoting,CarryingWhileLocomoting,HumanWalkingProcess
26,CarryingWhileLocomoting,CarryingWhileLocomoting,HumanWalkingProcess
27,CarryingWhileLocomoting,CarryingWhileLocomoting,HumanWalkingProcess
28,CarryingWhileLocomoting,CarryingWhileLocomoting,HumanWalkingProcess
29,Reaching,Reaching,HumanWalkingProcess
30,Reaching,Reaching,HumanWalkingProcess
31,Reaching,Reaching,HumanWalkingProcess
32,Reaching,Reaching,HumanWalkingProcess
33,Reaching,Reaching,HumanWalkingProcess
34,Reaching,Reaching,HumanWalkingProcess
35,Reaching,Reaching,StandingStill
36,Reaching,Reaching,StandingStill
37,Reaching,Reaching,StandingStill
38,Reaching,Reaching,StandingStill
39,Reaching,Reaching,StandingStill
40,Reaching,Reaching,StandingStill
41,Reaching,Reaching,StandingStill
42,Reaching,Reaching,StandingStill
43,Reaching,Reaching,StandingStill
44,Reaching,Reaching,StandingStill
45,TakingSomething,TakingSomething,StandingStill
46,TakingSomething,TakingSomething,StandingStill
47,TakingSomething,TakingSomething,StandingStill
48,TakingSomething,TakingSomething,StandingStill
49,TakingSomething,TakingSomething,StandingStill
50,TakingSomething,TakingSomething,StandingStill
51,TakingSomething,TakingSomething,StandingStill
52,TakingSomething,TakingSomething,StandingStill
53,TakingSomething,TakingSomething,StandingStill
54,TakingSomething,TakingSomething,StandingStill
55,TakingSomething,TakingSomething,StandingStill
56,TakingSomething,TakingSomething,StandingStill
57,TakingSomething,TakingSomething,StandingStill
58,TakingSomething,TakingSomething,HumanWalkingProcess
59,TakingSomething,TakingSomething,HumanWalkingProcess
60,TakingSomething,TakingSomething,HumanWalkingProcess
61,TakingSomething,TakingSomething,HumanWalkingProcess
62,TakingSomething,TakingSomething,HumanWalkingProcess
63,TakingSomething,TakingSomething,HumanWalkingProcess
64,TakingSomething,TakingSomething,HumanWalkingProcess
65,TakingSomething,TakingSomething,HumanWalkingProcess
66,CarryingWhileLocomoting,CarryingWhileLocomoting,HumanWalkingProcess
67,CarryingWhileLocomoting,CarryingWhileLocomoting,HumanWalkingProcess
68,CarryingWhileLocomoting,CarryingWhileLocomoting,HumanWalkingProcess
69,CarryingWhileLocomoting,CarryingWhileLocomoting,HumanWalkingProcess
70,CarryingWhileLocomoting,CarryingWhileLocomoting,HumanWalkingProcess
71,CarryingWhileLocomoting,CarryingWhileLocomoting,HumanWalkingProcess
72,CarryingWhileLocomoting,CarryingWhileLocomoting,HumanWalkingProcess
73,CarryingWhileLocomoting,CarryingWhileLocomoting,HumanWalkingProcess
74,CarryingWhileLocomoting,CarryingWhileLocomoting,HumanWalkingProcess
75,CarryingWhileLocomoting,CarryingWhileLocomoting,HumanWalkingProcess
76,CarryingWhileLocomoting,CarryingWhileLocomoting,HumanWalkingProcess
77,CarryingWhileLocomoting,CarryingWhileLocomoting,HumanWalkingProcess
78,CarryingWhileLocomoting,CarryingWhileLocomoting,HumanWalkingProcess
79,CarryingWhileLocomoting,CarryingWhileLocomoting,HumanWalkingProcess
80,CarryingWhileLocomoting,CarryingWhileLocomoting,HumanWalkingProcess
81,CarryingWhileLocomoting,CarryingWhileLocomoting,HumanWalkingProcess
82,CarryingWhileLocomoting,CarryingWhileLocomoting,HumanWalkingProcess
83,CarryingWhileLocomoting,CarryingWhileLocomoting,HumanWalkingProcess
84,CarryingWhileLocomoting,CarryingWhileLocomoting,HumanWalkingProcess
85,CarryingWhileLocomoting,CarryingWhileLocomoting,HumanWalkingProcess
86,CarryingWhileLocomoting,CarryingWhileLocomoting,HumanWalkingProcess
87,CarryingWhileLocomoting,CarryingWhileLocomoting,HumanWalkingProcess
88,CarryingWhileLocomoting,CarryingWhileLocomoting,HumanWalkingProcess
89,CarryingWhileLocomoting,CarryingWhileLocomoting,HumanWalkingProcess
90,CarryingWhileLocomoting,CarryingWhileLocomoting,HumanWalkingProcess
91,CarryingWhileLocomoting,CarryingWhileLocomoting,HumanWalkingProcess
92,CarryingWhileLocomoting,CarryingWhileLocomoting,HumanWalkingProcess
93,CarryingWhileLocomoting,CarryingWhileLocomoting,HumanWalkingProcess
94,CarryingWhileLocomoting,CarryingWhileLocomoting,HumanWalkingProcess
95,CarryingWhileLocomoting,CarryingWhileLocomoting,HumanWalkingProcess
96,CarryingWhileLocomoting,CarryingWhileLocomoting,HumanWalkingProcess
97,CarryingWhileLocomoting,CarryingWhileLocomoting,HumanWalkingProcess
98,CarryingWhileLocomoting,CarryingWhileLocomoting,HumanWalkingProcess
99,CarryingWhileLocomoting,CarryingWhileLocomoting,HumanWalkingProcess
100,CarryingWhileLocomoting,CarryingWhileLocomoting,HumanWalkingProcess
101,LoweringAnObject,LoweringAnObject,HumanWalkingProcess
102,LoweringAnObject,LoweringAnObject,HumanWalkingProcess
103,LoweringAnObject,LoweringAnObject,StandingStill
104,LoweringAnObject,LoweringAnObject,StandingStill
105,LoweringAnObject,LoweringAnObject,StandingStill
106,LoweringAnObject,LoweringAnObject,StandingStill
107,LoweringAnObject,LoweringAnObject,StandingStill
108,LoweringAnObject,LoweringAnObject,StandingStill
109,LoweringAnObject,LoweringAnObject,StandingStill
110,LoweringAnObject,LoweringAnObject,StandingStill
111,LoweringAnObject,LoweringAnObject,StandingStill
112,LoweringAnObject,LoweringAnObject,StandingStill
113,LoweringAnObject,LoweringAnObject,StandingStill
114,LoweringAnObject,LoweringAnObject,StandingStill
115,LoweringAnObject,LoweringAnObject,StandingStill
116,LoweringAnObject,LoweringAnObject,StandingStill
117,LoweringAnObject,LoweringAnObject,StandingStill
118,LoweringAnObject,LoweringAnObject,StandingStill
119,LoweringAnObject,LoweringAnObject,StandingStill
120,LoweringAnObject,LoweringAnObject,StandingStill
121,LoweringAnObject,LoweringAnObject,StandingStill
122,LoweringAnObject,LoweringAnObject,StandingStill
123,LoweringAnObject,LoweringAnObject,StandingStill
124,LoweringAnObject,LoweringAnObject,StandingStill
125,LoweringAnObject,LoweringAnObject,StandingStill
126,LoweringAnObject,LoweringAnObject,StandingStill
127,LoweringAnObject,LoweringAnObject,StandingStill
128,ReleasingGraspOfSomething,ReleasingGraspOfSomething,StandingStill
129,ReleasingGraspOfSomething,ReleasingGraspOfSomething,StandingStill
130,ReleasingGraspOfSomething,ReleasingGraspOfSomething,StandingStill
131,ReleasingGraspOfSomething,ReleasingGraspOfSomething,StandingStill
132,ReleasingGraspOfSomething,ReleasingGraspOfSomething,StandingStill
133,ReleasingGraspOfSomething,ReleasingGraspOfSomething,StandingStill
134,ReleasingGraspOfSomething,ReleasingGraspOfSomething,StandingStill
135,ReleasingGraspOfSomething,ReleasingGraspOfSomething,StandingStill
136,ReleasingGraspOfSomething,ReleasingGraspOfSomething,HumanWalkingProcess
137,ReleasingGraspOfSomething,ReleasingGraspOfSomething,HumanWalkingProcess
138,ReleasingGraspOfSomething,ReleasingGraspOfSomething,HumanWalkingProcess
139,ReleasingGraspOfSomething,ReleasingGraspOfSomething,HumanWalkingProcess
140,ReleasingGraspOfSomething,ReleasingGraspOfSomething,HumanWalkingProcess
141,ReleasingGraspOfSomething,ReleasingGraspOfSomething,HumanWalkingProcess
142,ReleasingGraspOfSomething,ReleasingGraspOfSomething,HumanWalkingProcess
143,ReleasingGraspOfSomething,ReleasingGraspOfSomething,HumanWalkingProcess
144,ReleasingGraspOfSomething,ReleasingGraspOfSomething,HumanWalkingProcess
145,ReleasingGraspOfSomething,ReleasingGraspOfSomething,HumanWalkingProcess
146,ReleasingGraspOfSomething,ReleasingGraspOfSomething,HumanWalkingProcess
147,ReleasingGraspOfSomething,ReleasingGraspOfSomething,HumanWalkingProcess
148,ReleasingGraspOfSomething,ReleasingGraspOfSomething,HumanWalkingProcess
149,ReleasingGraspOfSomething,ReleasingGraspOfSomething,HumanWalkingProcess
150,ReleasingGraspOfSomething,ReleasingGraspOfSomething,HumanWalkingProcess
151,ReleasingGraspOfSomething,ReleasingGraspOfSomething,HumanWalkingProcess
152,ReleasingGraspOfSomething,ReleasingGraspOfSomething,HumanWalkingProcess
153,CarryingWhileLocomoting,CarryingWhileLocomoting,HumanWalkingProcess
154,CarryingWhileLocomoting,CarryingWhileLocomoting,HumanWalkingProcess
155,CarryingWhileLocomoting,CarryingWhileLocomoting,HumanWalkingProcess
156,CarryingWhileLocomoting,CarryingWhileLocomoting,HumanWalkingProcess
157,CarryingWhileLocomoting,CarryingWhileLocomoting,HumanWalkingProcess
158,CarryingWhileLocomoting,CarryingWhileLocomoting,HumanWalkingProcess
159,CarryingWhileLocomoting,CarryingWhileLocomoting,HumanWalkingProcess
160,CarryingWhileLocomoting,CarryingWhileLocomoting,HumanWalkingProcess
161,CarryingWhileLocomoting,CarryingWhileLocomoting,HumanWalkingProcess
162,CarryingWhileLocomoting,CarryingWhileLocomoting,HumanWalkingProcess
163,CarryingWhileLocomoting,CarryingWhileLocomoting,HumanWalkingProcess
164,CarryingWhileLocomoting,CarryingWhileLocomoting,HumanWalkingProcess
165,CarryingWhileLocomoting,CarryingWhileLocomoting,HumanWalkingProcess
166,CarryingWhileLocomoting,CarryingWhileLocomoting,HumanWalkingProcess
167,CarryingWhileLocomoting,CarryingWhileLocomoting,HumanWalkingProcess
168,CarryingWhileLocomoting,CarryingWhileLocomoting,HumanWalkingProcess
169,CarryingWhileLocomoting,CarryingWhileLocomoting,HumanWalkingProcess
170,CarryingWhileLocomoting,CarryingWhileLocomoting,HumanWalkingProcess
171,CarryingWhileLocomoting,CarryingWhileLocomoting,HumanWalkingProcess
172,CarryingWhileLocomoting,CarryingWhileLocomoting,HumanWalkingProcess
173,CarryingWhileLocomoting,CarryingWhileLocomoting,HumanWalkingProcess
174,CarryingWhileLocomoting,CarryingWhileLocomoting,HumanWalkingProcess
175,CarryingWhileLocomoting,CarryingWhileLocomoting,HumanWalkingProcess
176,CarryingWhileLocomoting,CarryingWhileLocomoting,HumanWalkingProcess
177,CarryingWhileLocomoting,CarryingWhileLocomoting,HumanWalkingProcess
178,CarryingWhileLocomoting,CarryingWhileLocomoting,HumanWalkingProcess
179,CarryingWhileLocomoting,CarryingWhileLocomoting,HumanWalkingProcess
180,CarryingWhileLocomoting,CarryingWhileLocomoting,HumanWalkingProcess
181,CarryingWhileLocomoting,CarryingWhileLocomoting,HumanWalkingProcess
182,CarryingWhileLocomoting,Reaching,HumanWalkingProcess
183,CarryingWhileLocomoting,Reaching,HumanWalkingProcess
184,CarryingWhileLocomoting,Reaching,HumanWalkingProcess
185,CarryingWhileLocomoting,Reaching,HumanWalkingProcess
186,CarryingWhileLocomoting,Reaching,HumanWalkingProcess
187,CarryingWhileLocomoting,Reaching,HumanWalkingProcess
188,CarryingWhileLocomoting,Reaching,HumanWalkingProcess
189,CarryingWhileLocomoting,Reaching,HumanWalkingProcess
190,CarryingWhileLocomoting,Reaching,HumanWalkingProcess
191,CarryingWhileLocomoting,Reaching,HumanWalkingProcess
192,CarryingWhileLocomoting,Reaching,HumanWalkingProcess
193,CarryingWhileLocomoting,Reaching,HumanWalkingProcess
194,CarryingWhileLocomoting,Reaching,HumanWalkingProcess
195,CarryingWhileLocomoting,TakingSomething,StandingStill
196,CarryingWhileLocomoting,TakingSomething,StandingStill
197,CarryingWhileLocomoting,TakingSomething,StandingStill
198,CarryingWhileLocomoting,TakingSomething,StandingStill
199,CarryingWhileLocomoting,TakingSomething,StandingStill
200,CarryingWhileLocomoting,TakingSomething,StandingStill
201,CarryingWhileLocomoting,TakingSomething,StandingStill
202,CarryingWhileLocomoting,TakingSomething,StandingStill
203,CarryingWhileLocomoting,TakingSomething,StandingStill
204,CarryingWhileLocomoting,TakingSomething,StandingStill
205,CarryingWhileLocomoting,TakingSomething,StandingStill
206,CarryingWhileLocomoting,TakingSomething,StandingStill
207,CarryingWhileLocomoting,TakingSomething,StandingStill
208,CarryingWhileLocomoting,TakingSomething,StandingStill
209,CarryingWhileLocomoting,TakingSomething,StandingStill
210,CarryingWhileLocomoting,TakingSomething,StandingStill
211,CarryingWhileLocomoting,TakingSomething,StandingStill
212,CarryingWhileLocomoting,TakingSomething,StandingStill
213,CarryingWhileLocomoting,TakingSomething,StandingStill
214,CarryingWhileLocomoting,TakingSomething,StandingStill
215,CarryingWhileLocomoting,TakingSomething,StandingStill
216,CarryingWhileLocomoting,TakingSomething,StandingStill
217,CarryingWhileLocomoting,TakingSomething,StandingStill
218,CarryingWhileLocomoting,TakingSomething,HumanWalkingProcess
219,CarryingWhileLocomoting,TakingSomething,HumanWalkingProcess
220,CarryingWhileLocomoting,TakingSomething,HumanWalkingProcess
221,CarryingWhileLocomoting,TakingSomething,HumanWalkingProcess
222,CarryingWhileLocomoting,TakingSomething,HumanWalkingProcess
223,CarryingWhileLocomoting,TakingSomething,HumanWalkingProcess
224,CarryingWhileLocomoting,TakingSomething,HumanWalkingProcess
225,CarryingWhileLocomoting,TakingSomething,HumanWalkingProcess
226,CarryingWhileLocomoting,TakingSomething,HumanWalkingProcess
227,CarryingWhileLocomoting,TakingSomething,HumanWalkingProcess
228,CarryingWhileLocomoting,TakingSomething,HumanWalkingProcess
229,CarryingWhileLocomoting,TakingSomething,HumanWalkingProcess
230,CarryingWhileLocomoting,TakingSomething,HumanWalkingProcess
231,CarryingWhileLocomoting,TakingSomething,HumanWalkingProcess
232,CarryingWhileLocomoting,TakingSomething,HumanWalkingProcess
233,CarryingWhileLocomoting,TakingSomething,HumanWalkingProcess
234,CarryingWhileLocomoting,TakingSomething,HumanWalkingProcess
235,CarryingWhileLocomoting,TakingSomething,HumanWalkingProcess
236,CarryingWhileLocomoting,CarryingWhileLocomoting,HumanWalkingProcess
237,CarryingWhileLocomoting,CarryingWhileLocomoting,HumanWalkingProcess
238,CarryingWhileLocomoting,CarryingWhileLocomoting,HumanWalkingProcess
239,CarryingWhileLocomoting,CarryingWhileLocomoting,HumanWalkingProcess
240,CarryingWhileLocomoting,CarryingWhileLocomoting,HumanWalkingProcess
241,CarryingWhileLocomoting,CarryingWhileLocomoting,HumanWalkingProcess
242,CarryingWhileLocomoting,CarryingWhileLocomoting,HumanWalkingProcess
243,CarryingWhileLocomoting,CarryingWhileLocomoting,HumanWalkingProcess
244,CarryingWhileLocomoting,CarryingWhileLocomoting,HumanWalkingProcess
245,CarryingWhileLocomoting,CarryingWhileLocomoting,HumanWalkingProcess
246,CarryingWhileLocomoting,CarryingWhileLocomoting,HumanWalkingProcess
247,CarryingWhileLocomoting,CarryingWhileLocomoting,HumanWalkingProcess
248,CarryingWhileLocomoting,CarryingWhileLocomoting,HumanWalkingProcess
249,CarryingWhileLocomoting,CarryingWhileLocomoting,HumanWalkingProcess
250,CarryingWhileLocomoting,CarryingWhileLocomoting,HumanWalkingProcess
251,CarryingWhileLocomoting,CarryingWhileLocomoting,HumanWalkingProcess
252,CarryingWhileLocomoting,CarryingWhileLocomoting,HumanWalkingProcess
253,CarryingWhileLocomoting,CarryingWhileLocomoting,HumanWalkingProcess
254,CarryingWhileLocomoting,CarryingWhileLocomoting,HumanWalkingProcess
255,CarryingWhileLocomoting,CarryingWhileLocomoting,HumanWalkingProcess
256,CarryingWhileLocomoting,CarryingWhileLocomoting,HumanWalkingProcess
257,CarryingWhileLocomoting,CarryingWhileLocomoting,HumanWalkingProcess
258,CarryingWhileLocomoting,LoweringAnObject,HumanWalkingProcess
259,CarryingWhileLocomoting,LoweringAnObject,HumanWalkingProcess
260,CarryingWhileLocomoting,LoweringAnObject,HumanWalkingProcess
261,CarryingWhileLocomoting,LoweringAnObject,StandingStill
262,CarryingWhileLocomoting,LoweringAnObject,StandingStill
263,CarryingWhileLocomoting,LoweringAnObject,StandingStill
264,CarryingWhileLocomoting,LoweringAnObject,StandingStill
265,CarryingWhileLocomoting,LoweringAnObject,StandingStill
266,CarryingWhileLocomoting,LoweringAnObject,StandingStill
267,CarryingWhileLocomoting,LoweringAnObject,StandingStill
268,CarryingWhileLocomoting,LoweringAnObject,StandingStill
269,CarryingWhileLocomoting,LoweringAnObject,StandingStill
270,CarryingWhileLocomoting,LoweringAnObject,StandingStill
271,CarryingWhileLocomoting,LoweringAnObject,StandingStill
272,CarryingWhileLocomoting,LoweringAnObject,StandingStill
273,CarryingWhileLocomoting,LoweringAnObject,StandingStill
274,CarryingWhileLocomoting,LoweringAnObject,StandingStill
275,CarryingWhileLocomoting,LoweringAnObject,StandingStill
276,CarryingWhileLocomoting,LoweringAnObject,StandingStill
277,CarryingWhileLocomoting,ReleasingGraspOfSomething,StandingStill
278,CarryingWhileLocomoting,ReleasingGraspOfSomething,StandingStill
279,CarryingWhileLocomoting,ReleasingGraspOfSomething,StandingStill
280,CarryingWhileLocomoting,ReleasingGraspOfSomething,StandingStill
281,CarryingWhileLocomoting,ReleasingGraspOfSomething,StandingStill
282,CarryingWhileLocomoting,ReleasingGraspOfSomething,StandingStill
283,CarryingWhileLocomoting,ReleasingGraspOfSomething,StandingStill
284,CarryingWhileLocomoting,ReleasingGraspOfSomething,StandingStill
285,CarryingWhileLocomoting,ReleasingGraspOfSomething,StandingStill
286,CarryingWhileLocomoting,ReleasingGraspOfSomething,StandingStill
287,CarryingWhileLocomoting,ReleasingGraspOfSomething,StandingStill
288,CarryingWhileLocomoting,ReleasingGraspOfSomething,StandingStill
289,CarryingWhileLocomoting,ReleasingGraspOfSomething,StandingStill
290,CarryingWhileLocomoting,ReleasingGraspOfSomething,StandingStill
291,CarryingWhileLocomoting,ReleasingGraspOfSomething,StandingStill
292,CarryingWhileLocomoting,ReleasingGraspOfSomething,StandingStill
293,CarryingWhileLocomoting,ReleasingGraspOfSomething,StandingStill
294,CarryingWhileLocomoting,ReleasingGraspOfSomething,StandingStill
295,CarryingWhileLocomoting,ReleasingGraspOfSomething,StandingStill
296,CarryingWhileLocomoting,ReleasingGraspOfSomething,StandingStill
297,CarryingWhileLocomoting,ReleasingGraspOfSomething,StandingStill
298,CarryingWhileLocomoting,ReleasingGraspOfSomething,StandingStill
299,CarryingWhileLocomoting,ReleasingGraspOfSomething,StandingStill
300,CarryingWhileLocomoting,ReleasingGraspOfSomething,StandingStill
301,CarryingWhileLocomoting,ReleasingGraspOfSomething,StandingStill
302,CarryingWhileLocomoting,ReleasingGraspOfSomething,StandingStill
303,CarryingWhileLocomoting,ReleasingGraspOfSomething,StandingStill
304,CarryingWhileLocomoting,ReleasingGraspOfSomething,StandingStill
305,CarryingWhileLocomoting,ReleasingGraspOfSomething,StandingStill
306,CarryingWhileLocomoting,ReleasingGraspOfSomething,StandingStill
307,CarryingWhileLocomoting,ReleasingGraspOfSomething,StandingStill
308,CarryingWhileLocomoting,ReleasingGraspOfSomething,StandingStill
309,CarryingWhileLocomoting,ReleasingGraspOfSomething,StandingStill
310,CarryingWhileLocomoting,ReleasingGraspOfSomething,StandingStill
311,CarryingWhileLocomoting,ReleasingGraspOfSomething,HumanWalkingProcess
312,CarryingWhileLocomoting,ReleasingGraspOfSomething,HumanWalkingProcess
313,CarryingWhileLocomoting,ReleasingGraspOfSomething,HumanWalkingProcess
314,CarryingWhileLocomoting,ReleasingGraspOfSomething,HumanWalkingProcess
315,CarryingWhileLocomoting,ReleasingGraspOfSomething,HumanWalkingProcess
316,CarryingWhileLocomoting,CarryingWhileLocomoting,HumanWalkingProcess
317,CarryingWhileLocomoting,CarryingWhileLocomoting,HumanWalkingProcess
318,CarryingWhileLocomoting,CarryingWhileLocomoting,HumanWalkingProcess
319,CarryingWhileLocomoting,CarryingWhileLocomoting,HumanWalkingProcess
320,CarryingWhileLocomoting,CarryingWhileLocomoting,HumanWalkingProcess
321,CarryingWhileLocomoting,CarryingWhileLocomoting,HumanWalkingProcess
322,CarryingWhileLocomoting,CarryingWhileLocomoting,HumanWalkingProcess
323,CarryingWhileLocomoting,CarryingWhileLocomoting,HumanWalkingProcess
324,CarryingWhileLocomoting,CarryingWhileLocomoting,HumanWalkingProcess
325,CarryingWhileLocomoting,CarryingWhileLocomoting,HumanWalkingProcess
326,CarryingWhileLocomoting,CarryingWhileLocomoting,HumanWalkingProcess
327,CarryingWhileLocomoting,CarryingWhileLocomoting,HumanWalkingProcess
328,CarryingWhileLocomoting,CarryingWhileLocomoting,HumanWalkingProcess
329,CarryingWhileLocomoting,CarryingWhileLocomoting,HumanWalkingProcess
330,CarryingWhileLocomoting,CarryingWhileLocomoting,HumanWalkingProcess
331,CarryingWhileLocomoting,CarryingWhileLocomoting,HumanWalkingProcess
332,CarryingWhileLocomoting,CarryingWhileLocomoting,HumanWalkingProcess
333,CarryingWhileLocomoting,CarryingWhileLocomoting,HumanWalkingProcess
334,CarryingWhileLocomoting,CarryingWhileLocomoting,HumanWalkingProcess
335,CarryingWhileLocomoting,CarryingWhileLocomoting,HumanWalkingProcess
336,CarryingWhileLocomoting,CarryingWhileLocomoting,HumanWalkingProcess
337,CarryingWhileLocomoting,CarryingWhileLocomoting,HumanWalkingProcess
338,CarryingWhileLocomoting,CarryingWhileLocomoting,HumanWalkingProcess
339,CarryingWhileLocomoting,CarryingWhileLocomoting,HumanWalkingProcess
340,CarryingWhileLocomoting,CarryingWhileLocomoting,HumanWalkingProcess
341,CarryingWhileLocomoting,CarryingWhileLocomoting,HumanWalkingProcess
342,CarryingWhileLocomoting,CarryingWhileLocomoting,HumanWalkingProcess
343,CarryingWhileLocomoting,CarryingWhileLocomoting,HumanWalkingProcess
344,CarryingWhileLocomoting,CarryingWhileLocomoting,HumanWalkingProcess
345,CarryingWhileLocomoting,CarryingWhileLocomoting,HumanWalkingProcess
346,CarryingWhileLocomoting,CarryingWhileLocomoting,HumanWalkingProcess
347,CarryingWhileLocomoting,CarryingWhileLocomoting,HumanWalkingProcess
348,CarryingWhileLocomoting,CarryingWhileLocomoting,HumanWalkingProcess
349,CarryingWhileLocomoting,CarryingWhileLocomoting,HumanWalkingProcess
350,CarryingWhileLocomoting,CarryingWhileLocomoting,HumanWalkingProcess
351,CarryingWhileLocomoting,CarryingWhileLocomoting,HumanWalkingProcess
352,CarryingWhileLocomoting,CarryingWhileLocomoting,HumanWalkingProcess
353,CarryingWhileLocomoting,CarryingWhileLocomoting,HumanWalkingProcess
354,CarryingWhileLocomoting,CarryingWhileLocomoting,HumanWalkingProcess
355,CarryingWhileLocomoting,CarryingWhileLocomoting,HumanWalkingProcess
356,CarryingWhileLocomoting,CarryingWhileLocomoting,HumanWalkingProcess
357,CarryingWhileLocomoting,CarryingWhileLocomoting,HumanWalkingProcess
358,CarryingWhileLocomoting,CarryingWhileLocomoting,HumanWalkingProcess
359,CarryingWhileLocomoting,CarryingWhileLocomoting,HumanWalkingProcess
360,CarryingWhileLocomoting,CarryingWhileLocomoting,HumanWalkingProcess
361,CarryingWhileLocomoting,CarryingWhileLocomoting,HumanWalkingProcess
362,CarryingWhileLocomoting,CarryingWhileLocomoting,HumanWalkingProcess
363,CarryingWhileLocomoting,CarryingWhileLocomoting,HumanWalkingProcess
364,CarryingWhileLocomoting,CarryingWhileLocomoting,HumanWalkingProcess
365,CarryingWhileLocomoting,CarryingWhileLocomoting,HumanWalkingProcess
366,CarryingWhileLocomoting,CarryingWhileLocomoting,HumanWalkingProcess
367,CarryingWhileLocomoting,CarryingWhileLocomoting,HumanWalkingProcess
368,CarryingWhileLocomoting,CarryingWhileLocomoting,HumanWalkingProcess
369,CarryingWhileLocomoting,CarryingWhileLocomoting,HumanWalkingProcess
370,CarryingWhileLocomoting,CarryingWhileLocomoting,HumanWalkingProcess
371,CarryingWhileLocomoting,CarryingWhileLocomoting,HumanWalkingProcess
372,CarryingWhileLocomoting,CarryingWhileLocomoting,HumanWalkingProcess
373,CarryingWhileLocomoting,CarryingWhileLocomoting,HumanWalkingProcess
374,CarryingWhileLocomoting,CarryingWhileLocomoting,HumanWalkingProcess
375,CarryingWhileLocomoting,CarryingWhileLocomoting,HumanWalkingProcess
376,CarryingWhileLocomoting,CarryingWhileLocomoting,HumanWalkingProcess
377,CarryingWhileLocomoting,CarryingWhileLocomoting,HumanWalkingProcess
378,CarryingWhileLocomoting,CarryingWhileLocomoting,HumanWalkingProcess
379,Reaching,CarryingWhileLocomoting,HumanWalkingProcess
380,Reaching,CarryingWhileLocomoting,HumanWalkingProcess
381,Reaching,CarryingWhileLocomoting,HumanWalkingProcess
382,Reaching,CarryingWhileLocomoting,HumanWalkingProcess
383,Reaching,CarryingWhileLocomoting,HumanWalkingProcess
384,Reaching,CarryingWhileLocomoting,HumanWalkingProcess
385,Reaching,CarryingWhileLocomoting,HumanWalkingProcess
386,Reaching,CarryingWhileLocomoting,HumanWalkingProcess
387,Reaching,CarryingWhileLocomoting,HumanWalkingProcess
388,Reaching,CarryingWhileLocomoting,HumanWalkingProcess
389,Reaching,CarryingWhileLocomoting,HumanWalkingProcess
390,Reaching,CarryingWhileLocomoting,HumanWalkingProcess
391,Reaching,CarryingWhileLocomoting,HumanWalkingProcess
392,Reaching,CarryingWhileLocomoting,HumanWalkingProcess
393,Reaching,CarryingWhileLocomoting,HumanWalkingProcess
394,Reaching,CarryingWhileLocomoting,HumanWalkingProcess
395,Reaching,CarryingWhileLocomoting,HumanWalkingProcess
396,Reaching,CarryingWhileLocomoting,HumanWalkingProcess
397,Reaching,CarryingWhileLocomoting,HumanWalkingProcess
398,Reaching,CarryingWhileLocomoting,StandingStill
399,OpeningADoor,CarryingWhileLocomoting,StandingStill
400,OpeningADoor,CarryingWhileLocomoting,StandingStill
401,OpeningADoor,CarryingWhileLocomoting,StandingStill
402,OpeningADoor,CarryingWhileLocomoting,StandingStill
403,OpeningADoor,CarryingWhileLocomoting,StandingStill
404,OpeningADoor,CarryingWhileLocomoting,StandingStill
405,OpeningADoor,CarryingWhileLocomoting,StandingStill
406,OpeningADoor,Reaching,StandingStill
407,OpeningADoor,Reaching,StandingStill
408,OpeningADoor,Reaching,StandingStill
409,OpeningADoor,Reaching,StandingStill
410,OpeningADoor,Reaching,StandingStill
411,OpeningADoor,Reaching,StandingStill
412,OpeningADoor,Reaching,StandingStill
413,OpeningADoor,Reaching,StandingStill
414,OpeningADoor,Reaching,StandingStill
415,OpeningADoor,Reaching,StandingStill
416,OpeningADoor,Reaching,StandingStill
417,OpeningADoor,Reaching,StandingStill
418,OpeningADoor,Reaching,StandingStill
419,OpeningADoor,Reaching,StandingStill
420,OpeningADoor,Reaching,StandingStill
421,OpeningADoor,Reaching,StandingStill
422,OpeningADoor,Reaching,StandingStill
423,OpeningADoor,Reaching,StandingStill
424,OpeningADoor,Reaching,StandingStill
425,OpeningADoor,Reaching,StandingStill
426,OpeningADoor,Reaching,StandingStill
427,OpeningADoor,Reaching,StandingStill
428,OpeningADoor,TakingSomething,StandingStill
429,OpeningADoor,TakingSomething,StandingStill
430,OpeningADoor,TakingSomething,StandingStill
431,OpeningADoor,TakingSomething,StandingStill
432,OpeningADoor,TakingSomething,StandingStill
433,OpeningADoor,TakingSomething,StandingStill
434,OpeningADoor,TakingSomething,StandingStill
435,OpeningADoor,TakingSomething,StandingStill
436,OpeningADoor,TakingSomething,StandingStill
437,OpeningADoor,TakingSomething,StandingStill
438,OpeningADoor,TakingSomething,StandingStill
439,OpeningADoor,TakingSomething,StandingStill
440,OpeningADoor,TakingSomething,StandingStill
441,OpeningADoor,TakingSomething,StandingStill
442,OpeningADoor,TakingSomething,StandingStill
443,OpeningADoor,TakingSomething,StandingStill
444,OpeningADoor,TakingSomething,StandingStill
445,OpeningADoor,TakingSomething,StandingStill
446,OpeningADoor,TakingSomething,StandingStill
447,OpeningADoor,TakingSomething,StandingStill
448,OpeningADoor,TakingSomething,StandingStill
449,OpeningADoor,TakingSomething,StandingStill
450,OpeningADoor,TakingSomething,StandingStill
451,OpeningADoor,TakingSomething,StandingStill
452,ClosingADoor,TakingSomething,StandingStill
453,ClosingADoor,TakingSomething,StandingStill
454,ClosingADoor,TakingSomething,StandingStill
455,ClosingADoor,TakingSomething,StandingStill
456,ClosingADoor,TakingSomething,StandingStill
457,ClosingADoor,TakingSomething,StandingStill
458,ClosingADoor,TakingSomething,StandingStill
459,ClosingADoor,TakingSomething,StandingStill
460,ClosingADoor,TakingSomething,StandingStill
461,ClosingADoor,TakingSomething,StandingStill
462,ClosingADoor,TakingSomething,StandingStill
463,ClosingADoor,TakingSomething,StandingStill
464,ClosingADoor,TakingSomething,StandingStill
465,ClosingADoor,TakingSomething,StandingStill
466,ClosingADoor,TakingSomething,StandingStill
467,ClosingADoor,TakingSomething,StandingStill
468,ClosingADoor,TakingSomething,StandingStill
469,ClosingADoor,TakingSomething,StandingStill
470,ClosingADoor,TakingSomething,StandingStill
471,ClosingADoor,TakingSomething,StandingStill
472,ClosingADoor,TakingSomething,StandingStill
473,ClosingADoor,TakingSomething,StandingStill
474,ClosingADoor,TakingSomething,StandingStill
475,ClosingADoor,TakingSomething,StandingStill
476,ClosingADoor,TakingSomething,StandingStill
477,ClosingADoor,TakingSomething,StandingStill
478,ClosingADoor,TakingSomething,StandingStill
479,ClosingADoor,TakingSomething,StandingStill
480,ReleasingGraspOfSomething,TakingSomething,StandingStill
481,ReleasingGraspOfSomething,TakingSomething,StandingStill
482,ReleasingGraspOfSomething,TakingSomething,StandingStill
483,ReleasingGraspOfSomething,CarryingWhileLocomoting,StandingStill
484,ReleasingGraspOfSomething,CarryingWhileLocomoting,StandingStill
485,ReleasingGraspOfSomething,CarryingWhileLocomoting,StandingStill
486,ReleasingGraspOfSomething,CarryingWhileLocomoting,StandingStill
487,ReleasingGraspOfSomething,CarryingWhileLocomoting,StandingStill
488,ReleasingGraspOfSomething,CarryingWhileLocomoting,StandingStill
489,ReleasingGraspOfSomething,CarryingWhileLocomoting,StandingStill
490,ReleasingGraspOfSomething,CarryingWhileLocomoting,StandingStill
491,ReleasingGraspOfSomething,CarryingWhileLocomoting,StandingStill
492,ReleasingGraspOfSomething,CarryingWhileLocomoting,StandingStill
493,ReleasingGraspOfSomething,CarryingWhileLocomoting,StandingStill
494,ReleasingGraspOfSomething,CarryingWhileLocomoting,StandingStill
495,CarryingWhileLocomoting,CarryingWhileLocomoting,HumanWalkingProcess
496,CarryingWhileLocomoting,CarryingWhileLocomoting,HumanWalkingProcess
497,CarryingWhileLocomoting,CarryingWhileLocomoting,HumanWalkingProcess
498,CarryingWhileLocomoting,CarryingWhileLocomoting,HumanWalkingProcess
499,CarryingWhileLocomoting,CarryingWhileLocomoting,HumanWalkingProcess
500,CarryingWhileLocomoting,CarryingWhileLocomoting,HumanWalkingProcess
501,CarryingWhileLocomoting,CarryingWhileLocomoting,HumanWalkingProcess
502,CarryingWhileLocomoting,CarryingWhileLocomoting,HumanWalkingProcess
503,CarryingWhileLocomoting,CarryingWhileLocomoting,HumanWalkingProcess
504,CarryingWhileLocomoting,CarryingWhileLocomoting,HumanWalkingProcess
505,CarryingWhileLocomoting,CarryingWhileLocomoting,HumanWalkingProcess
506,CarryingWhileLocomoting,CarryingWhileLocomoting,HumanWalkingProcess
507,CarryingWhileLocomoting,CarryingWhileLocomoting,HumanWalkingProcess
508,CarryingWhileLocomoting,CarryingWhileLocomoting,HumanWalkingProcess
509,CarryingWhileLocomoting,CarryingWhileLocomoting,HumanWalkingProcess
510,CarryingWhileLocomoting,CarryingWhileLocomoting,HumanWalkingProcess
511,CarryingWhileLocomoting,CarryingWhileLocomoting,HumanWalkingProcess
512,CarryingWhileLocomoting,CarryingWhileLocomoting,HumanWalkingProcess
513,CarryingWhileLocomoting,CarryingWhileLocomoting,HumanWalkingProcess
514,CarryingWhileLocomoting,CarryingWhileLocomoting,HumanWalkingProcess
515,CarryingWhileLocomoting,CarryingWhileLocomoting,HumanWalkingProcess
516,CarryingWhileLocomoting,CarryingWhileLocomoting,HumanWalkingProcess
517,CarryingWhileLocomoting,CarryingWhileLocomoting,HumanWalkingProcess
518,CarryingWhileLocomoting,CarryingWhileLocomoting,HumanWalkingProcess
519,CarryingWhileLocomoting,CarryingWhileLocomoting,HumanWalkingProcess
520,CarryingWhileLocomoting,CarryingWhileLocomoting,HumanWalkingProcess
521,CarryingWhileLocomoting,CarryingWhileLocomoting,HumanWalkingProcess
522,CarryingWhileLocomoting,CarryingWhileLocomoting,HumanWalkingProcess
523,CarryingWhileLocomoting,CarryingWhileLocomoting,HumanWalkingProcess
524,CarryingWhileLocomoting,CarryingWhileLocomoting,HumanWalkingProcess
525,CarryingWhileLocomoting,CarryingWhileLocomoting,HumanWalkingProcess
526,CarryingWhileLocomoting,CarryingWhileLocomoting,HumanWalkingProcess
527,CarryingWhileLocomoting,CarryingWhileLocomoting,HumanWalkingProcess
528,CarryingWhileLocomoting,CarryingWhileLocomoting,HumanWalkingProcess
529,CarryingWhileLocomoting,CarryingWhileLocomoting,HumanWalkingProcess
530,CarryingWhileLocomoting,CarryingWhileLocomoting,HumanWalkingProcess
531,CarryingWhileLocomoting,CarryingWhileLocomoting,HumanWalkingProcess
532,CarryingWhileLocomoting,CarryingWhileLocomoting,HumanWalkingProcess
533,CarryingWhileLocomoting,CarryingWhileLocomoting,HumanWalkingProcess
534,CarryingWhileLocomoting,CarryingWhileLocomoting,HumanWalkingProcess
535,CarryingWhileLocomoting,CarryingWhileLocomoting,HumanWalkingProcess
536,CarryingWhileLocomoting,CarryingWhileLocomoting,HumanWalkingProcess
537,LoweringAnObject,LoweringAnObject,HumanWalkingProcess
538,LoweringAnObject,LoweringAnObject,HumanWalkingProcess
539,LoweringAnObject,LoweringAnObject,HumanWalkingProcess
540,LoweringAnObject,LoweringAnObject,HumanWalkingProcess
541,LoweringAnObject,LoweringAnObject,HumanWalkingProcess
542,LoweringAnObject,LoweringAnObject,HumanWalkingProcess
543,LoweringAnObject,LoweringAnObject,HumanWalkingProcess
544,LoweringAnObject,LoweringAnObject,HumanWalkingProcess
545,LoweringAnObject,LoweringAnObject,HumanWalkingProcess
546,LoweringAnObject,LoweringAnObject,StandingStill
547,LoweringAnObject,LoweringAnObject,StandingStill
548,LoweringAnObject,LoweringAnObject,StandingStill
549,LoweringAnObject,LoweringAnObject,StandingStill
550,LoweringAnObject,LoweringAnObject,StandingStill
551,LoweringAnObject,LoweringAnObject,StandingStill
552,LoweringAnObject,LoweringAnObject,StandingStill
553,LoweringAnObject,LoweringAnObject,StandingStill
554,LoweringAnObject,LoweringAnObject,StandingStill
555,ReleasingGraspOfSomething,ReleasingGraspOfSomething,StandingStill
556,ReleasingGraspOfSomething,ReleasingGraspOfSomething,StandingStill
557,ReleasingGraspOfSomething,ReleasingGraspOfSomething,StandingStill
558,ReleasingGraspOfSomething,ReleasingGraspOfSomething,StandingStill
559,ReleasingGraspOfSomething,ReleasingGraspOfSomething,StandingStill
560,ReleasingGraspOfSomething,ReleasingGraspOfSomething,StandingStill
561,ReleasingGraspOfSomething,ReleasingGraspOfSomething,StandingStill
562,ReleasingGraspOfSomething,ReleasingGraspOfSomething,StandingStill
563,ReleasingGraspOfSomething,ReleasingGraspOfSomething,StandingStill
564,ReleasingGraspOfSomething,ReleasingGraspOfSomething,StandingStill
565,ReleasingGraspOfSomething,ReleasingGraspOfSomething,StandingStill
566,ReleasingGraspOfSomething,ReleasingGraspOfSomething,StandingStill
567,ReleasingGraspOfSomething,ReleasingGraspOfSomething,StandingStill
568,ReleasingGraspOfSomething,ReleasingGraspOfSomething,StandingStill
569,ReleasingGraspOfSomething,ReleasingGraspOfSomething,StandingStill
570,ReleasingGraspOfSomething,ReleasingGraspOfSomething,StandingStill
571,ReleasingGraspOfSomething,ReleasingGraspOfSomething,StandingStill
572,ReleasingGraspOfSomething,ReleasingGraspOfSomething,StandingStill
573,ReleasingGraspOfSomething,ReleasingGraspOfSomething,StandingStill
574,ReleasingGraspOfSomething,ReleasingGraspOfSomething,StandingStill
575,ReleasingGraspOfSomething,ReleasingGraspOfSomething,StandingStill
576,ReleasingGraspOfSomething,ReleasingGraspOfSomething,StandingStill
577,ReleasingGraspOfSomething,ReleasingGraspOfSomething,StandingStill
578,ReleasingGraspOfSomething,ReleasingGraspOfSomething,StandingStill
579,ReleasingGraspOfSomething,ReleasingGraspOfSomething,StandingStill
580,ReleasingGraspOfSomething,ReleasingGraspOfSomething,StandingStill
581,ReleasingGraspOfSomething,ReleasingGraspOfSomething,StandingStill
582,ReleasingGraspOfSomething,ReleasingGraspOfSomething,HumanWalkingProcess
583,ReleasingGraspOfSomething,ReleasingGraspOfSomething,HumanWalkingProcess
584,ReleasingGraspOfSomething,ReleasingGraspOfSomething,HumanWalkingProcess
585,CarryingWhileLocomoting,CarryingWhileLocomoting,HumanWalkingProcess
586,CarryingWhileLocomoting,CarryingWhileLocomoting,HumanWalkingProcess
587,CarryingWhileLocomoting,CarryingWhileLocomoting,HumanWalkingProcess
588,CarryingWhileLocomoting,CarryingWhileLocomoting,HumanWalkingProcess
589,CarryingWhileLocomoting,CarryingWhileLocomoting,HumanWalkingProcess
590,CarryingWhileLocomoting,CarryingWhileLocomoting,HumanWalkingProcess
591,CarryingWhileLocomoting,CarryingWhileLocomoting,HumanWalkingProcess
592,CarryingWhileLocomoting,CarryingWhileLocomoting,HumanWalkingProcess
593,CarryingWhileLocomoting,CarryingWhileLocomoting,HumanWalkingProcess
594,CarryingWhileLocomoting,CarryingWhileLocomoting,HumanWalkingProcess
595,CarryingWhileLocomoting,CarryingWhileLocomoting,HumanWalkingProcess
596,CarryingWhileLocomoting,CarryingWhileLocomoting,HumanWalkingProcess
597,CarryingWhileLocomoting,CarryingWhileLocomoting,HumanWalkingProcess
598,CarryingWhileLocomoting,CarryingWhileLocomoting,HumanWalkingProcess
599,CarryingWhileLocomoting,CarryingWhileLocomoting,HumanWalkingProcess
600,CarryingWhileLocomoting,CarryingWhileLocomoting,HumanWalkingProcess
601,CarryingWhileLocomoting,CarryingWhileLocomoting,HumanWalkingProcess
602,CarryingWhileLocomoting,CarryingWhileLocomoting,HumanWalkingProcess
603,CarryingWhileLocomoting,CarryingWhileLocomoting,HumanWalkingProcess
604,CarryingWhileLocomoting,CarryingWhileLocomoting,HumanWalkingProcess
605,CarryingWhileLocomoting,CarryingWhileLocomoting,HumanWalkingProcess
606,CarryingWhileLocomoting,CarryingWhileLocomoting,HumanWalkingProcess
607,CarryingWhileLocomoting,CarryingWhileLocomoting,HumanWalkingProcess
608,CarryingWhileLocomoting,CarryingWhileLocomoting,HumanWalkingProcess
609,CarryingWhileLocomoting,CarryingWhileLocomoting,HumanWalkingProcess
610,CarryingWhileLocomoting,CarryingWhileLocomoting,HumanWalkingProcess
611,CarryingWhileLocomoting,CarryingWhileLocomoting,HumanWalkingProcess
612,CarryingWhileLocomoting,CarryingWhileLocomoting,HumanWalkingProcess
613,CarryingWhileLocomoting,CarryingWhileLocomoting,HumanWalkingProcess
614,CarryingWhileLocomoting,CarryingWhileLocomoting,HumanWalkingProcess
615,CarryingWhileLocomoting,CarryingWhileLocomoting,HumanWalkingProcess
616,CarryingWhileLocomoting,CarryingWhileLocomoting,HumanWalkingProcess
617,CarryingWhileLocomoting,CarryingWhileLocomoting,HumanWalkingProcess
618,Reaching,CarryingWhileLocomoting,HumanWalkingProcess
619,Reaching,CarryingWhileLocomoting,HumanWalkingProcess
620,Reaching,CarryingWhileLocomoting,HumanWalkingProcess
621,Reaching,CarryingWhileLocomoting,HumanWalkingProcess
622,Reaching,CarryingWhileLocomoting,HumanWalkingProcess
623,Reaching,CarryingWhileLocomoting,HumanWalkingProcess
624,Reaching,CarryingWhileLocomoting,HumanWalkingProcess
625,Reaching,CarryingWhileLocomoting,HumanWalkingProcess
626,Reaching,CarryingWhileLocomoting,HumanWalkingProcess
627,Reaching,CarryingWhileLocomoting,HumanWalkingProcess
628,Reaching,CarryingWhileLocomoting,HumanWalkingProcess
629,Reaching,CarryingWhileLocomoting,HumanWalkingProcess
630,Reaching,CarryingWhileLocomoting,HumanWalkingProcess
631,Reaching,CarryingWhileLocomoting,HumanWalkingProcess
632,Reaching,CarryingWhileLocomoting,StandingStill
633,Reaching,CarryingWhileLocomoting,StandingStill
634,Reaching,CarryingWhileLocomoting,StandingStill
635,Reaching,CarryingWhileLocomoting,StandingStill
636,Reaching,CarryingWhileLocomoting,StandingStill
637,OpeningADrawer,Reaching,StandingStill
638,OpeningADrawer,Reaching,StandingStill
639,OpeningADrawer,Reaching,StandingStill
640,OpeningADrawer,Reaching,StandingStill
641,OpeningADrawer,Reaching,StandingStill
642,OpeningADrawer,Reaching,StandingStill
643,OpeningADrawer,Reaching,StandingStill
644,OpeningADrawer,Reaching,StandingStill
645,OpeningADrawer,Reaching,StandingStill
646,OpeningADrawer,Reaching,StandingStill
647,OpeningADrawer,Reaching,StandingStill
648,OpeningADrawer,Reaching,StandingStill
649,OpeningADrawer,Reaching,StandingStill
650,OpeningADrawer,Reaching,StandingStill
651,OpeningADrawer,Reaching,StandingStill
652,OpeningADrawer,Reaching,StandingStill
653,OpeningADrawer,Reaching,StandingStill
654,OpeningADrawer,Reaching,StandingStill
655,OpeningADrawer,Reaching,StandingStill
656,OpeningADrawer,Reaching,StandingStill
657,OpeningADrawer,Reaching,StandingStill
658,OpeningADrawer,Reaching,StandingStill
659,OpeningADrawer,Reaching,StandingStill
660,OpeningADrawer,Reaching,StandingStill
661,OpeningADrawer,TakingSomething,StandingStill
662,OpeningADrawer,TakingSomething,StandingStill
663,OpeningADrawer,TakingSomething,StandingStill
664,OpeningADrawer,TakingSomething,StandingStill
665,OpeningADrawer,TakingSomething,StandingStill
666,OpeningADrawer,TakingSomething,StandingStill
667,OpeningADrawer,TakingSomething,StandingStill
668,OpeningADrawer,TakingSomething,StandingStill
669,OpeningADrawer,TakingSomething,StandingStill
670,OpeningADrawer,TakingSomething,StandingStill
671,OpeningADrawer,TakingSomething,StandingStill
672,OpeningADrawer,TakingSomething,StandingStill
673,OpeningADrawer,TakingSomething,StandingStill
674,OpeningADrawer,TakingSomething,StandingStill
675,OpeningADrawer,TakingSomething,StandingStill
676,OpeningADrawer,TakingSomething,StandingStill
677,ClosingADrawer,TakingSomething,StandingStill
678,ClosingADrawer,TakingSomething,StandingStill
679,ClosingADrawer,TakingSomething,StandingStill
680,ClosingADrawer,TakingSomething,StandingStill
681,ClosingADrawer,TakingSomething,StandingStill
682,ClosingADrawer,TakingSomething,StandingStill
683,ClosingADrawer,TakingSomething,StandingStill
684,ClosingADrawer,TakingSomething,StandingStill
685,ClosingADrawer,TakingSomething,StandingStill
686,ClosingADrawer,TakingSomething,StandingStill
687,ClosingADrawer,TakingSomething,StandingStill
688,ClosingADrawer,TakingSomething,StandingStill
689,ClosingADrawer,TakingSomething,StandingStill
690,ClosingADrawer,TakingSomething,StandingStill
691,ClosingADrawer,TakingSomething,StandingStill
692,ClosingADrawer,TakingSomething,StandingStill
693,ClosingADrawer,CarryingWhileLocomoting,StandingStill
694,ClosingADrawer,CarryingWhileLocomoting,StandingStill
695,ClosingADrawer,CarryingWhileLocomoting,StandingStill
696,ClosingADrawer,CarryingWhileLocomoting,StandingStill
697,ClosingADrawer,CarryingWhileLocomoting,StandingStill
698,ClosingADrawer,CarryingWhileLocomoting,StandingStill
699,ClosingADrawer,CarryingWhileLocomoting,StandingStill
700,ReleasingGraspOfSomething,CarryingWhileLocomoting,StandingStill
701,ReleasingGraspOfSomething,CarryingWhileLocomoting,StandingStill
702,ReleasingGraspOfSomething,CarryingWhileLocomoting,StandingStill
703,ReleasingGraspOfSomething,CarryingWhileLocomoting,StandingStill
704,ReleasingGraspOfSomething,CarryingWhileLocomoting,StandingStill
705,ReleasingGraspOfSomething,CarryingWhileLocomoting,StandingStill
706,ReleasingGraspOfSomething,CarryingWhileLocomoting,StandingStill
707,ReleasingGraspOfSomething,CarryingWhileLocomoting,StandingStill
708,ReleasingGraspOfSomething,CarryingWhileLocomoting,StandingStill
709,ReleasingGraspOfSomething,CarryingWhileLocomoting,HumanWalkingProcess
710,ReleasingGraspOfSomething,CarryingWhileLocomoting,HumanWalkingProcess
711,ReleasingGraspOfSomething,CarryingWhileLocomoting,HumanWalkingProcess
712,ReleasingGraspOfSomething,CarryingWhileLocomoting,HumanWalkingProcess
713,ReleasingGraspOfSomething,CarryingWhileLocomoting,HumanWalkingProcess
714,ReleasingGraspOfSomething,CarryingWhileLocomoting,HumanWalkingProcess
715,ReleasingGraspOfSomething,CarryingWhileLocomoting,HumanWalkingProcess
716,CarryingWhileLocomoting,CarryingWhileLocomoting,HumanWalkingProcess
717,CarryingWhileLocomoting,CarryingWhileLocomoting,HumanWalkingProcess
718,CarryingWhileLocomoting,CarryingWhileLocomoting,HumanWalkingProcess
719,CarryingWhileLocomoting,CarryingWhileLocomoting,HumanWalkingProcess
720,CarryingWhileLocomoting,CarryingWhileLocomoting,HumanWalkingProcess
721,CarryingWhileLocomoting,CarryingWhileLocomoting,HumanWalkingProcess
722,CarryingWhileLocomoting,CarryingWhileLocomoting,HumanWalkingProcess
723,CarryingWhileLocomoting,CarryingWhileLocomoting,HumanWalkingProcess
724,CarryingWhileLocomoting,CarryingWhileLocomoting,HumanWalkingProcess
725,CarryingWhileLocomoting,CarryingWhileLocomoting,HumanWalkingProcess
726,CarryingWhileLocomoting,CarryingWhileLocomoting,HumanWalkingProcess
727,CarryingWhileLocomoting,CarryingWhileLocomoting,HumanWalkingProcess
728,CarryingWhileLocomoting,CarryingWhileLocomoting,HumanWalkingProcess
729,CarryingWhileLocomoting,CarryingWhileLocomoting,HumanWalkingProcess
730,CarryingWhileLocomoting,CarryingWhileLocomoting,HumanWalkingProcess
731,CarryingWhileLocomoting,CarryingWhileLocomoting,HumanWalkingProcess
732,CarryingWhileLocomoting,CarryingWhileLocomoting,HumanWalkingProcess
733,CarryingWhileLocomoting,CarryingWhileLocomoting,HumanWalkingProcess
734,CarryingWhileLocomoting,CarryingWhileLocomoting,HumanWalkingProcess
735,CarryingWhileLocomoting,CarryingWhileLocomoting,HumanWalkingProcess
736,CarryingWhileLocomoting,CarryingWhileLocomoting,HumanWalkingProcess
737,CarryingWhileLocomoting,CarryingWhileLocomoting,HumanWalkingProcess
738,CarryingWhileLocomoting,CarryingWhileLocomoting,HumanWalkingProcess
739,CarryingWhileLocomoting,CarryingWhileLocomoting,HumanWalkingProcess
740,CarryingWhileLocomoting,CarryingWhileLocomoting,HumanWalkingProcess
741,CarryingWhileLocomoting,LoweringAnObject,HumanWalkingProcess
742,CarryingWhileLocomoting,LoweringAnObject,HumanWalkingProcess
743,CarryingWhileLocomoting,LoweringAnObject,HumanWalkingProcess
744,CarryingWhileLocomoting,LoweringAnObject,HumanWalkingProcess
745,CarryingWhileLocomoting,LoweringAnObject,StandingStill
746,CarryingWhileLocomoting,LoweringAnObject,StandingStill
747,CarryingWhileLocomoting,LoweringAnObject,StandingStill
748,CarryingWhileLocomoting,LoweringAnObject,StandingStill
749,CarryingWhileLocomoting,LoweringAnObject,StandingStill
750,CarryingWhileLocomoting,LoweringAnObject,StandingStill
751,CarryingWhileLocomoting,LoweringAnObject,StandingStill
752,CarryingWhileLocomoting,LoweringAnObject,StandingStill
753,CarryingWhileLocomoting,LoweringAnObject,StandingStill
754,CarryingWhileLocomoting,LoweringAnObject,StandingStill
755,CarryingWhileLocomoting,LoweringAnObject,StandingStill
756,CarryingWhileLocomoting,ReleasingGraspOfSomething,StandingStill
757,CarryingWhileLocomoting,ReleasingGraspOfSomething,StandingStill
758,CarryingWhileLocomoting,ReleasingGraspOfSomething,StandingStill
759,CarryingWhileLocomoting,ReleasingGraspOfSomething,StandingStill
760,CarryingWhileLocomoting,ReleasingGraspOfSomething,StandingStill
761,CarryingWhileLocomoting,ReleasingGraspOfSomething,StandingStill
762,CarryingWhileLocomoting,ReleasingGraspOfSomething,StandingStill
763,CarryingWhileLocomoting,ReleasingGraspOfSomething,StandingStill
764,CarryingWhileLocomoting,ReleasingGraspOfSomething,StandingStill
765,CarryingWhileLocomoting,ReleasingGraspOfSomething,StandingStill
766,CarryingWhileLocomoting,ReleasingGraspOfSomething,StandingStill
767,CarryingWhileLocomoting,ReleasingGraspOfSomething,StandingStill
768,CarryingWhileLocomoting,ReleasingGraspOfSomething,StandingStill
769,CarryingWhileLocomoting,ReleasingGraspOfSomething,StandingStill
770,CarryingWhileLocomoting,ReleasingGraspOfSomething,StandingStill
771,CarryingWhileLocomoting,ReleasingGraspOfSomething,StandingStill
772,CarryingWhileLocomoting,ReleasingGraspOfSomething,StandingStill
773,CarryingWhileLocomoting,ReleasingGraspOfSomething,StandingStill
774,CarryingWhileLocomoting,ReleasingGraspOfSomething,StandingStill
775,CarryingWhileLocomoting,ReleasingGraspOfSomething,StandingStill
776,CarryingWhileLocomoting,ReleasingGraspOfSomething,StandingStill
777,CarryingWhileLocomoting,ReleasingGraspOfSomething,StandingStill
778,CarryingWhileLocomoting,ReleasingGraspOfSomething,StandingStill
779,CarryingWhileLocomoting,ReleasingGraspOfSomething,StandingStill
780,CarryingWhileLocomoting,ReleasingGraspOfSomething,StandingStill
781,CarryingWhileLocomoting,ReleasingGraspOfSomething,StandingStill
782,CarryingWhileLocomoting,ReleasingGraspOfSomething,StandingStill
783,CarryingWhileLocomoting,ReleasingGraspOfSomething,StandingStill
784,CarryingWhileLocomoting,ReleasingGraspOfSomething,StandingStill
785,CarryingWhileLocomoting,ReleasingGraspOfSomething,StandingStill
786,CarryingWhileLocomoting,ReleasingGraspOfSomething,StandingStill
787,CarryingWhileLocomoting,ReleasingGraspOfSomething,StandingStill
788,CarryingWhileLocomoting,ReleasingGraspOfSomething,StandingStill
789,CarryingWhileLocomoting,ReleasingGraspOfSomething,StandingStill
790,CarryingWhileLocomoting,ReleasingGraspOfSomething,StandingStill
791,CarryingWhileLocomoting,ReleasingGraspOfSomething,StandingStill
792,CarryingWhileLocomoting,ReleasingGraspOfSomething,StandingStill
793,CarryingWhileLocomoting,ReleasingGraspOfSomething,StandingStill
794,CarryingWhileLocomoting,ReleasingGraspOfSomething,StandingStill
795,CarryingWhileLocomoting,ReleasingGraspOfSomething,StandingStill
796,CarryingWhileLocomoting,ReleasingGraspOfSomething,StandingStill
797,CarryingWhileLocomoting,ReleasingGraspOfSomething,StandingStill
798,CarryingWhileLocomoting,ReleasingGraspOfSomething,StandingStill
799,CarryingWhileLocomoting,ReleasingGraspOfSomething,StandingStill
800,CarryingWhileLocomoting,ReleasingGraspOfSomething,StandingStill
801,CarryingWhileLocomoting,ReleasingGraspOfSomething,StandingStill
802,CarryingWhileLocomoting,ReleasingGraspOfSomething,StandingStill
803,CarryingWhileLocomoting,ReleasingGraspOfSomething,StandingStill
804,CarryingWhileLocomoting,ReleasingGraspOfSomething,StandingStill
805,CarryingWhileLocomoting,ReleasingGraspOfSomething,StandingStill
806,CarryingWhileLocomoting,ReleasingGraspOfSomething,StandingStill
807,CarryingWhileLocomoting,ReleasingGraspOfSomething,StandingStill
808,CarryingWhileLocomoting,ReleasingGraspOfSomething,HumanWalkingProcess
809,CarryingWhileLocomoting,ReleasingGraspOfSomething,HumanWalkingProcess
810,CarryingWhileLocomoting,ReleasingGraspOfSomething,HumanWalkingProcess
811,CarryingWhileLocomoting,CarryingWhileLocomoting,HumanWalkingProcess
812,CarryingWhileLocomoting,CarryingWhileLocomoting,HumanWalkingProcess
813,CarryingWhileLocomoting,CarryingWhileLocomoting,HumanWalkingProcess
814,CarryingWhileLocomoting,CarryingWhileLocomoting,HumanWalkingProcess
815,CarryingWhileLocomoting,CarryingWhileLocomoting,HumanWalkingProcess
816,CarryingWhileLocomoting,CarryingWhileLocomoting,HumanWalkingProcess
817,CarryingWhileLocomoting,CarryingWhileLocomoting,HumanWalkingProcess
818,CarryingWhileLocomoting,CarryingWhileLocomoting,HumanWalkingProcess
819,CarryingWhileLocomoting,CarryingWhileLocomoting,HumanWalkingProcess
820,CarryingWhileLocomoting,CarryingWhileLocomoting,HumanWalkingProcess
821,CarryingWhileLocomoting,CarryingWhileLocomoting,HumanWalkingProcess
822,CarryingWhileLocomoting,CarryingWhileLocomoting,HumanWalkingProcess
823,CarryingWhileLocomoting,CarryingWhileLocomoting,HumanWalkingProcess
824,CarryingWhileLocomoting,CarryingWhileLocomoting,HumanWalkingProcess
825,CarryingWhileLocomoting,CarryingWhileLocomoting,HumanWalkingProcess
826,CarryingWhileLocomoting,CarryingWhileLocomoting,HumanWalkingProcess
827,CarryingWhileLocomoting,CarryingWhileLocomoting,HumanWalkingProcess
828,CarryingWhileLocomoting,CarryingWhileLocomoting,HumanWalkingProcess
829,CarryingWhileLocomoting,CarryingWhileLocomoting,HumanWalkingProcess
830,CarryingWhileLocomoting,Reaching,HumanWalkingProcess
831,CarryingWhileLocomoting,Reaching,HumanWalkingProcess
832,CarryingWhileLocomoting,Reaching,HumanWalkingProcess
833,CarryingWhileLocomoting,Reaching,HumanWalkingProcess
834,CarryingWhileLocomoting,Reaching,HumanWalkingProcess
835,CarryingWhileLocomoting,Reaching,HumanWalkingProcess
836,CarryingWhileLocomoting,Reaching,HumanWalkingProcess
837,CarryingWhileLocomoting,Reaching,HumanWalkingProcess
838,CarryingWhileLocomoting,Reaching,HumanWalkingProcess
839,CarryingWhileLocomoting,Reaching,HumanWalkingProcess
840,CarryingWhileLocomoting,Reaching,HumanWalkingProcess
841,CarryingWhileLocomoting,Reaching,StandingStill
842,CarryingWhileLocomoting,Reaching,StandingStill
843,CarryingWhileLocomoting,Reaching,StandingStill
844,CarryingWhileLocomoting,OpeningADrawer,StandingStill
845,CarryingWhileLocomoting,OpeningADrawer,StandingStill
846,CarryingWhileLocomoting,OpeningADrawer,StandingStill
847,CarryingWhileLocomoting,OpeningADrawer,StandingStill
848,CarryingWhileLocomoting,OpeningADrawer,StandingStill
849,CarryingWhileLocomoting,OpeningADrawer,StandingStill
850,CarryingWhileLocomoting,OpeningADrawer,StandingStill
851,CarryingWhileLocomoting,OpeningADrawer,StandingStill
852,CarryingWhileLocomoting,OpeningADrawer,StandingStill
853,CarryingWhileLocomoting,OpeningADrawer,StandingStill
854,CarryingWhileLocomoting,OpeningADrawer,StandingStill
855,CarryingWhileLocomoting,OpeningADrawer,StandingStill
856,CarryingWhileLocomoting,OpeningADrawer,StandingStill
857,CarryingWhileLocomoting,OpeningADrawer,StandingStill
858,CarryingWhileLocomoting,OpeningADrawer,StandingStill
859,CarryingWhileLocomoting,OpeningADrawer,StandingStill
860,CarryingWhileLocomoting,OpeningADrawer,StandingStill
861,CarryingWhileLocomoting,OpeningADrawer,StandingStill
862,CarryingWhileLocomoting,OpeningADrawer,StandingStill
863,CarryingWhileLocomoting,OpeningADrawer,StandingStill
864,CarryingWhileLocomoting,OpeningADrawer,StandingStill
865,CarryingWhileLocomoting,OpeningADrawer,StandingStill
866,CarryingWhileLocomoting,OpeningADrawer,StandingStill
867,CarryingWhileLocomoting,TakingSomething,StandingStill
868,CarryingWhileLocomoting,TakingSomething,StandingStill
869,CarryingWhileLocomoting,TakingSomething,StandingStill
870,CarryingWhileLocomoting,TakingSomething,StandingStill
871,CarryingWhileLocomoting,TakingSomething,StandingStill
872,ClosingADoor,TakingSomething,StandingStill
873,ClosingADoor,TakingSomething,StandingStill
874,ClosingADoor,TakingSomething,StandingStill
875,ClosingADoor,TakingSomething,StandingStill
876,ClosingADoor,TakingSomething,StandingStill
877,ClosingADoor,TakingSomething,StandingStill
878,ClosingADoor,TakingSomething,StandingStill
879,ClosingADoor,TakingSomething,StandingStill
880,ClosingADoor,TakingSomething,StandingStill
881,ClosingADoor,TakingSomething,StandingStill
882,ClosingADoor,TakingSomething,StandingStill
883,ClosingADoor,TakingSomething,StandingStill
884,ClosingADoor,TakingSomething,StandingStill
885,ClosingADoor,TakingSomething,StandingStill
886,ClosingADoor,TakingSomething,StandingStill
887,ClosingADoor,TakingSomething,StandingStill
888,ClosingADoor,TakingSomething,StandingStill
889,ClosingADoor,TakingSomething,StandingStill
890,ClosingADoor,TakingSomething,StandingStill
891,ClosingADoor,TakingSomething,StandingStill
892,ClosingADoor,TakingSomething,StandingStill
893,ClosingADoor,TakingSomething,StandingStill
894,ClosingADoor,TakingSomething,StandingStill
895,ClosingADoor,TakingSomething,StandingStill
896,ClosingADoor,TakingSomething,StandingStill
897,ClosingADoor,TakingSomething,StandingStill
898,ClosingADoor,TakingSomething,StandingStill
899,ClosingADoor,TakingSomething,StandingStill
900,ClosingADoor,TakingSomething,StandingStill
901,ClosingADoor,TakingSomething,StandingStill
902,ClosingADoor,TakingSomething,StandingStill
903,ClosingADoor,TakingSomething,StandingStill
904,ClosingADoor,CarryingWhileLocomoting,StandingStill
905,ClosingADoor,CarryingWhileLocomoting,StandingStill
906,ClosingADoor,CarryingWhileLocomoting,StandingStill
907,ClosingADoor,CarryingWhileLocomoting,StandingStill
908,ClosingADoor,CarryingWhileLocomoting,StandingStill
909,ClosingADoor,CarryingWhileLocomoting,StandingStill
910,ClosingADoor,CarryingWhileLocomoting,StandingStill
911,ReleasingGraspOfSomething,CarryingWhileLocomoting,StandingStill
912,ReleasingGraspOfSomething,CarryingWhileLocomoting,StandingStill
913,ReleasingGraspOfSomething,CarryingWhileLocomoting,StandingStill
914,ReleasingGraspOfSomething,CarryingWhileLocomoting,StandingStill
915,ReleasingGraspOfSomething,CarryingWhileLocomoting,StandingStill
916,ReleasingGraspOfSomething,CarryingWhileLocomoting,StandingStill
917,ReleasingGraspOfSomething,CarryingWhileLocomoting,StandingStill
918,ReleasingGraspOfSomething,CarryingWhileLocomoting,HumanWalkingProcess
919,ReleasingGraspOfSomething,CarryingWhileLocomoting,HumanWalkingProcess
920,ReleasingGraspOfSomething,CarryingWhileLocomoting,HumanWalkingProcess
921,ReleasingGraspOfSomething,CarryingWhileLocomoting,HumanWalkingProcess
922,ReleasingGraspOfSomething,CarryingWhileLocomoting,HumanWalkingProcess
923,ReleasingGraspOfSomething,CarryingWhileLocomoting,HumanWalkingProcess
924,ReleasingGraspOfSomething,CarryingWhileLocomoting,HumanWalkingProcess
925,ReleasingGraspOfSomething,CarryingWhileLocomoting,HumanWalkingProcess
926,ReleasingGraspOfSomething,CarryingWhileLocomoting,HumanWalkingProcess
927,ReleasingGraspOfSomething,CarryingWhileLocomoting,HumanWalkingProcess
928,ReleasingGraspOfSomething,CarryingWhileLocomoting,HumanWalkingProcess
929,CarryingWhileLocomoting,CarryingWhileLocomoting,HumanWalkingProcess
930,CarryingWhileLocomoting,CarryingWhileLocomoting,HumanWalkingProcess
931,CarryingWhileLocomoting,CarryingWhileLocomoting,HumanWalkingProcess
932,CarryingWhileLocomoting,CarryingWhileLocomoting,HumanWalkingProcess
933,CarryingWhileLocomoting,CarryingWhileLocomoting,HumanWalkingProcess
934,CarryingWhileLocomoting,CarryingWhileLocomoting,HumanWalkingProcess
935,CarryingWhileLocomoting,CarryingWhileLocomoting,HumanWalkingProcess
936,CarryingWhileLocomoting,CarryingWhileLocomoting,HumanWalkingProcess
937,CarryingWhileLocomoting,CarryingWhileLocomoting,HumanWalkingProcess
938,CarryingWhileLocomoting,CarryingWhileLocomoting,HumanWalkingProcess
939,CarryingWhileLocomoting,CarryingWhileLocomoting,HumanWalkingProcess
940,CarryingWhileLocomoting,CarryingWhileLocomoting,HumanWalkingProcess
941,CarryingWhileLocomoting,CarryingWhileLocomoting,HumanWalkingProcess
942,CarryingWhileLocomoting,CarryingWhileLocomoting,HumanWalkingProcess
943,CarryingWhileLocomoting,CarryingWhileLocomoting,HumanWalkingProcess
944,CarryingWhileLocomoting,CarryingWhileLocomoting,HumanWalkingProcess
945,CarryingWhileLocomoting,CarryingWhileLocomoting,HumanWalkingProcess
946,CarryingWhileLocomoting,CarryingWhileLocomoting,HumanWalkingProcess
947,CarryingWhileLocomoting,CarryingWhileLocomoting,HumanWalkingProcess
948,CarryingWhileLocomoting,CarryingWhileLocomoting,HumanWalkingProcess
949,CarryingWhileLocomoting,CarryingWhileLocomoting,HumanWalkingProcess
950,CarryingWhileLocomoting,CarryingWhileLocomoting,HumanWalkingProcess
951,CarryingWhileLocomoting,LoweringAnObject,HumanWalkingProcess
952,CarryingWhileLocomoting,LoweringAnObject,StandingStill
953,CarryingWhileLocomoting,LoweringAnObject,StandingStill
954,CarryingWhileLocomoting,LoweringAnObject,StandingStill
955,CarryingWhileLocomoting,LoweringAnObject,StandingStill
956,CarryingWhileLocomoting,LoweringAnObject,StandingStill
957,CarryingWhileLocomoting,LoweringAnObject,StandingStill
958,CarryingWhileLocomoting,LoweringAnObject,StandingStill
959,CarryingWhileLocomoting,LoweringAnObject,StandingStill
960,CarryingWhileLocomoting,LoweringAnObject,StandingStill
961,CarryingWhileLocomoting,LoweringAnObject,StandingStill
962,CarryingWhileLocomoting,LoweringAnObject,StandingStill
963,CarryingWhileLocomoting,LoweringAnObject,StandingStill
964,CarryingWhileLocomoting,LoweringAnObject,StandingStill
965,CarryingWhileLocomoting,LoweringAnObject,StandingStill
966,CarryingWhileLocomoting,LoweringAnObject,StandingStill
967,CarryingWhileLocomoting,LoweringAnObject,StandingStill
968,CarryingWhileLocomoting,LoweringAnObject,StandingStill
969,CarryingWhileLocomoting,LoweringAnObject,StandingStill
970,CarryingWhileLocomoting,ReleasingGraspOfSomething,StandingStill
971,CarryingWhileLocomoting,ReleasingGraspOfSomething,StandingStill
972,CarryingWhileLocomoting,ReleasingGraspOfSomething,StandingStill
973,CarryingWhileLocomoting,ReleasingGraspOfSomething,StandingStill
974,CarryingWhileLocomoting,ReleasingGraspOfSomething,StandingStill
975,CarryingWhileLocomoting,ReleasingGraspOfSomething,StandingStill
976,CarryingWhileLocomoting,ReleasingGraspOfSomething,StandingStill
977,CarryingWhileLocomoting,ReleasingGraspOfSomething,StandingStill
978,CarryingWhileLocomoting,ReleasingGraspOfSomething,StandingStill
979,CarryingWhileLocomoting,ReleasingGraspOfSomething,StandingStill
980,CarryingWhileLocomoting,ReleasingGraspOfSomething,StandingStill
981,CarryingWhileLocomoting,ReleasingGraspOfSomething,StandingStill
982,CarryingWhileLocomoting,ReleasingGraspOfSomething,StandingStill
983,CarryingWhileLocomoting,ReleasingGraspOfSomething,StandingStill
984,CarryingWhileLocomoting,ReleasingGraspOfSomething,StandingStill
985,CarryingWhileLocomoting,ReleasingGraspOfSomething,StandingStill
986,CarryingWhileLocomoting,ReleasingGraspOfSomething,StandingStill
987,CarryingWhileLocomoting,ReleasingGraspOfSomething,HumanWalkingProcess
988,CarryingWhileLocomoting,ReleasingGraspOfSomething,HumanWalkingProcess
989,CarryingWhileLocomoting,ReleasingGraspOfSomething,HumanWalkingProcess
990,CarryingWhileLocomoting,ReleasingGraspOfSomething,HumanWalkingProcess
991,CarryingWhileLocomoting,ReleasingGraspOfSomething,HumanWalkingProcess
992,CarryingWhileLocomoting,CarryingWhileLocomoting,HumanWalkingProcess
993,CarryingWhileLocomoting,CarryingWhileLocomoting,HumanWalkingProcess
994,CarryingWhileLocomoting,CarryingWhileLocomoting,HumanWalkingProcess
995,CarryingWhileLocomoting,CarryingWhileLocomoting,HumanWalkingProcess
996,CarryingWhileLocomoting,CarryingWhileLocomoting,HumanWalkingProcess
997,CarryingWhileLocomoting,CarryingWhileLocomoting,HumanWalkingProcess
998,CarryingWhileLocomoting,CarryingWhileLocomoting,HumanWalkingProcess
999,CarryingWhileLocomoting,CarryingWhileLocomoting,HumanWalkingProcess
1000,CarryingWhileLocomoting,CarryingWhileLocomoting,HumanWalkingProcess
1001,CarryingWhileLocomoting,CarryingWhileLocomoting,HumanWalkingProcess
1002,CarryingWhileLocomoting,CarryingWhileLocomoting,HumanWalkingProcess
1003,CarryingWhileLocomoting,CarryingWhileLocomoting,HumanWalkingProcess
1004,CarryingWhileLocomoting,CarryingWhileLocomoting,HumanWalkingProcess
1005,CarryingWhileLocomoting,CarryingWhileLocomoting,HumanWalkingProcess
1006,CarryingWhileLocomoting,CarryingWhileLocomoting,HumanWalkingProcess
1007,CarryingWhileLocomoting,CarryingWhileLocomoting,HumanWalkingProcess
1008,CarryingWhileLocomoting,CarryingWhileLocomoting,HumanWalkingProcess
1009,CarryingWhileLocomoting,CarryingWhileLocomoting,HumanWalkingProcess
1010,CarryingWhileLocomoting,CarryingWhileLocomoting,HumanWalkingProcess
1011,CarryingWhileLocomoting,CarryingWhileLocomoting,HumanWalkingProcess
1012,CarryingWhileLocomoting,CarryingWhileLocomoting,HumanWalkingProcess
1013,CarryingWhileLocomoting,CarryingWhileLocomoting,HumanWalkingProcess
1014,CarryingWhileLocomoting,CarryingWhileLocomoting,HumanWalkingProcess
1015,CarryingWhileLocomoting,CarryingWhileLocomoting,HumanWalkingProcess
1016,CarryingWhileLocomoting,CarryingWhileLocomoting,HumanWalkingProcess
1017,CarryingWhileLocomoting,CarryingWhileLocomoting,HumanWalkingProcess
1018,CarryingWhileLocomoting,CarryingWhileLocomoting,HumanWalkingProcess
1019,CarryingWhileLocomoting,CarryingWhileLocomoting,HumanWalkingProcess
1020,CarryingWhileLocomoting,CarryingWhileLocomoting,HumanWalkingProcess
1021,CarryingWhileLocomoting,CarryingWhileLocomoting,HumanWalkingProcess
1022,CarryingWhileLocomoting,CarryingWhileLocomoting,HumanWalkingProcess
1023,CarryingWhileLocomoting,CarryingWhileLocomoting,HumanWalkingProcess
1024,Reaching,CarryingWhileLocomoting,HumanWalkingProcess
1025,Reaching,CarryingWhileLocomoting,HumanWalkingProcess
1026,Reaching,CarryingWhileLocomoting,HumanWalkingProcess
1027,Reaching,CarryingWhileLocomoting,HumanWalkingProcess
1028,Reaching,CarryingWhileLocomoting,HumanWalkingProcess
1029,Reaching,CarryingWhileLocomoting,HumanWalkingProcess
1030,Reaching,CarryingWhileLocomoting,HumanWalkingProcess
1031,Reaching,CarryingWhileLocomoting,HumanWalkingProcess
1032,Reaching,CarryingWhileLocomoting,HumanWalkingProcess
1033,Reaching,CarryingWhileLocomoting,HumanWalkingProcess
1034,Reaching,CarryingWhileLocomoting,HumanWalkingProcess
1035,Reaching,CarryingWhileLocomoting,StandingStill
1036,Reaching,CarryingWhileLocomoting,StandingStill
1037,Reaching,CarryingWhileLocomoting,StandingStill
1038,Reaching,CarryingWhileLocomoting,StandingStill
1039,Reaching,CarryingWhileLocomoting,StandingStill
1040,Reaching,CarryingWhileLocomoting,StandingStill
1041,OpeningADrawer,Reaching,StandingStill
1042,OpeningADrawer,Reaching,StandingStill
1043,OpeningADrawer,Reaching,StandingStill
1044,OpeningADrawer,Reaching,StandingStill
1045,OpeningADrawer,Reaching,StandingStill
1046,OpeningADrawer,Reaching,StandingStill
1047,OpeningADrawer,Reaching,StandingStill
1048,OpeningADrawer,Reaching,StandingStill
1049,OpeningADrawer,Reaching,StandingStill
1050,OpeningADrawer,Reaching,StandingStill
1051,OpeningADrawer,Reaching,StandingStill
1052,OpeningADrawer,Reaching,StandingStill
1053,OpeningADrawer,Reaching,StandingStill
1054,OpeningADrawer,Reaching,StandingStill
1055,OpeningADrawer,Reaching,StandingStill
1056,OpeningADrawer,Reaching,StandingStill
1057,OpeningADrawer,Reaching,StandingStill
1058,OpeningADrawer,Reaching,StandingStill
1059,OpeningADrawer,Reaching,StandingStill
1060,OpeningADrawer,Reaching,StandingStill
1061,OpeningADrawer,Reaching,StandingStill
1062,OpeningADrawer,TakingSomething,StandingStill
1063,OpeningADrawer,TakingSomething,StandingStill
1064,OpeningADrawer,TakingSomething,StandingStill
1065,OpeningADrawer,TakingSomething,StandingStill
1066,OpeningADrawer,TakingSomething,StandingStill
1067,OpeningADrawer,TakingSomething,StandingStill
1068,OpeningADrawer,TakingSomething,StandingStill
1069,ClosingADrawer,TakingSomething,StandingStill
1070,ClosingADrawer,TakingSomething,StandingStill
1071,ClosingADrawer,TakingSomething,StandingStill
1072,ClosingADrawer,TakingSomething,StandingStill
1073,ClosingADrawer,TakingSomething,StandingStill
1074,ClosingADrawer,TakingSomething,StandingStill
1075,ClosingADrawer,TakingSomething,StandingStill
1076,ClosingADrawer,TakingSomething,StandingStill
1077,ClosingADrawer,TakingSomething,StandingStill
1078,ClosingADrawer,TakingSomething,StandingStill
1079,ClosingADrawer,TakingSomething,StandingStill
1080,ClosingADrawer,TakingSomething,StandingStill
1081,ClosingADrawer,TakingSomething,StandingStill
1082,ClosingADrawer,TakingSomething,StandingStill
1083,ClosingADrawer,TakingSomething,StandingStill
1084,ClosingADrawer,TakingSomething,StandingStill
1085,ClosingADrawer,TakingSomething,StandingStill
1086,ClosingADrawer,TakingSomething,StandingStill
1087,ClosingADrawer,TakingSomething,StandingStill
1088,ClosingADrawer,TakingSomething,StandingStill
1089,ClosingADrawer,TakingSomething,StandingStill
1090,ClosingADrawer,TakingSomething,StandingStill
1091,ClosingADrawer,TakingSomething,StandingStill
1092,ClosingADrawer,TakingSomething,StandingStill
1093,ClosingADrawer,TakingSomething,StandingStill
1094,ClosingADrawer,TakingSomething,StandingStill
1095,ClosingADrawer,CarryingWhileLocomoting,StandingStill
1096,ClosingADrawer,CarryingWhileLocomoting,StandingStill
1097,ClosingADrawer,CarryingWhileLocomoting,StandingStill
1098,ClosingADrawer,CarryingWhileLocomoting,StandingStill
1099,ClosingADrawer,CarryingWhileLocomoting,StandingStill
1100,ClosingADrawer,CarryingWhileLocomoting,StandingStill
1101,ClosingADrawer,CarryingWhileLocomoting,StandingStill
1102,ClosingADrawer,CarryingWhileLocomoting,StandingStill
1103,ReleasingGraspOfSomething,CarryingWhileLocomoting,StandingStill
1104,ReleasingGraspOfSomething,CarryingWhileLocomoting,StandingStill
1105,ReleasingGraspOfSomething,CarryingWhileLocomoting,StandingStill
1106,ReleasingGraspOfSomething,CarryingWhileLocomoting,StandingStill
1107,ReleasingGraspOfSomething,CarryingWhileLocomoting,HumanWalkingProcess
1108,ReleasingGraspOfSomething,CarryingWhileLocomoting,HumanWalkingProcess
1109,ReleasingGraspOfSomething,CarryingWhileLocomoting,HumanWalkingProcess
1110,ReleasingGraspOfSomething,CarryingWhileLocomoting,HumanWalkingProcess
1111,CarryingWhileLocomoting,CarryingWhileLocomoting,HumanWalkingProcess
1112,CarryingWhileLocomoting,CarryingWhileLocomoting,HumanWalkingProcess
1113,CarryingWhileLocomoting,CarryingWhileLocomoting,HumanWalkingProcess
1114,CarryingWhileLocomoting,CarryingWhileLocomoting,HumanWalkingProcess
1115,CarryingWhileLocomoting,CarryingWhileLocomoting,HumanWalkingProcess
1116,CarryingWhileLocomoting,CarryingWhileLocomoting,HumanWalkingProcess
1117,CarryingWhileLocomoting,CarryingWhileLocomoting,HumanWalkingProcess
1118,CarryingWhileLocomoting,CarryingWhileLocomoting,HumanWalkingProcess
1119,CarryingWhileLocomoting,CarryingWhileLocomoting,HumanWalkingProcess
1120,CarryingWhileLocomoting,CarryingWhileLocomoting,HumanWalkingProcess
1121,CarryingWhileLocomoting,CarryingWhileLocomoting,HumanWalkingProcess
1122,CarryingWhileLocomoting,CarryingWhileLocomoting,HumanWalkingProcess
1123,CarryingWhileLocomoting,CarryingWhileLocomoting,HumanWalkingProcess
1124,CarryingWhileLocomoting,CarryingWhileLocomoting,HumanWalkingProcess
1125,CarryingWhileLocomoting,CarryingWhileLocomoting,HumanWalkingProcess
1126,CarryingWhileLocomoting,CarryingWhileLocomoting,HumanWalkingProcess
1127,CarryingWhileLocomoting,CarryingWhileLocomoting,HumanWalkingProcess
1128,CarryingWhileLocomoting,CarryingWhileLocomoting,HumanWalkingProcess
1129,CarryingWhileLocomoting,CarryingWhileLocomoting,HumanWalkingProcess
1130,CarryingWhileLocomoting,CarryingWhileLocomoting,HumanWalkingProcess
1131,CarryingWhileLocomoting,CarryingWhileLocomoting,HumanWalkingProcess
1132,CarryingWhileLocomoting,CarryingWhileLocomoting,HumanWalkingProcess
1133,CarryingWhileLocomoting,CarryingWhileLocomoting,HumanWalkingProcess
1134,CarryingWhileLocomoting,CarryingWhileLocomoting,HumanWalkingProcess
1135,CarryingWhileLocomoting,CarryingWhileLocomoting,StandingStill
1136,CarryingWhileLocomoting,CarryingWhileLocomoting,StandingStill
1137,CarryingWhileLocomoting,LoweringAnObject,StandingStill
1138,CarryingWhileLocomoting,LoweringAnObject,StandingStill
1139,CarryingWhileLocomoting,LoweringAnObject,StandingStill
1140,CarryingWhileLocomoting,LoweringAnObject,StandingStill
1141,CarryingWhileLocomoting,LoweringAnObject,StandingStill
1142,CarryingWhileLocomoting,LoweringAnObject,StandingStill
1143,CarryingWhileLocomoting,LoweringAnObject,StandingStill
1144,CarryingWhileLocomoting,LoweringAnObject,StandingStill
1145,CarryingWhileLocomoting,LoweringAnObject,StandingStill
1146,CarryingWhileLocomoting,LoweringAnObject,StandingStill
1147,CarryingWhileLocomoting,LoweringAnObject,StandingStill
1148,CarryingWhileLocomoting,LoweringAnObject,StandingStill
1149,CarryingWhileLocomoting,LoweringAnObject,StandingStill
1150,CarryingWhileLocomoting,LoweringAnObject,StandingStill
1151,CarryingWhileLocomoting,LoweringAnObject,StandingStill
1152,CarryingWhileLocomoting,LoweringAnObject,StandingStill
1153,CarryingWhileLocomoting,LoweringAnObject,StandingStill
1154,CarryingWhileLocomoting,LoweringAnObject,StandingStill
1155,CarryingWhileLocomoting,LoweringAnObject,StandingStill
1156,CarryingWhileLocomoting,LoweringAnObject,StandingStill
1157,CarryingWhileLocomoting,LoweringAnObject,StandingStill
1158,CarryingWhileLocomoting,LoweringAnObject,StandingStill
1159,CarryingWhileLocomoting,LoweringAnObject,StandingStill
1160,CarryingWhileLocomoting,LoweringAnObject,StandingStill
1161,CarryingWhileLocomoting,LoweringAnObject,StandingStill
1162,CarryingWhileLocomoting,LoweringAnObject,StandingStill
1163,CarryingWhileLocomoting,ReleasingGraspOfSomething,StandingStill
1164,CarryingWhileLocomoting,ReleasingGraspOfSomething,StandingStill
1165,CarryingWhileLocomoting,ReleasingGraspOfSomething,StandingStill
1166,CarryingWhileLocomoting,ReleasingGraspOfSomething,StandingStill
1167,CarryingWhileLocomoting,ReleasingGraspOfSomething,StandingStill
1168,CarryingWhileLocomoting,ReleasingGraspOfSomething,StandingStill
1169,CarryingWhileLocomoting,ReleasingGraspOfSomething,StandingStill
1170,CarryingWhileLocomoting,ReleasingGraspOfSomething,StandingStill
1171,CarryingWhileLocomoting,ReleasingGraspOfSomething,StandingStill
1172,CarryingWhileLocomoting,ReleasingGraspOfSomething,StandingStill
1173,CarryingWhileLocomoting,ReleasingGraspOfSomething,StandingStill
1174,CarryingWhileLocomoting,ReleasingGraspOfSomething,StandingStill
1175,CarryingWhileLocomoting,ReleasingGraspOfSomething,StandingStill
1176,CarryingWhileLocomoting,ReleasingGraspOfSomething,StandingStill
1177,CarryingWhileLocomoting,ReleasingGraspOfSomething,StandingStill
1178,CarryingWhileLocomoting,ReleasingGraspOfSomething,StandingStill
1179,CarryingWhileLocomoting,ReleasingGraspOfSomething,StandingStill
1180,CarryingWhileLocomoting,ReleasingGraspOfSomething,StandingStill
1181,CarryingWhileLocomoting,ReleasingGraspOfSomething,StandingStill
1182,CarryingWhileLocomoting,ReleasingGraspOfSomething,StandingStill
1183,CarryingWhileLocomoting,ReleasingGraspOfSomething,StandingStill
1184,CarryingWhileLocomoting,ReleasingGraspOfSomething,StandingStill
1185,CarryingWhileLocomoting,CarryingWhileLocomoting,StandingStill
1186,CarryingWhileLocomoting,CarryingWhileLocomoting,StandingStill
1187,CarryingWhileLocomoting,CarryingWhileLocomoting,HumanWalkingProcess
1188,CarryingWhileLocomoting,CarryingWhileLocomoting,HumanWalkingProcess
1189,CarryingWhileLocomoting,CarryingWhileLocomoting,HumanWalkingProcess
1190,CarryingWhileLocomoting,CarryingWhileLocomoting,HumanWalkingProcess
1191,CarryingWhileLocomoting,CarryingWhileLocomoting,HumanWalkingProcess
1192,CarryingWhileLocomoting,CarryingWhileLocomoting,HumanWalkingProcess
1193,CarryingWhileLocomoting,CarryingWhileLocomoting,HumanWalkingProcess
1194,CarryingWhileLocomoting,CarryingWhileLocomoting,HumanWalkingProcess
1195,CarryingWhileLocomoting,CarryingWhileLocomoting,HumanWalkingProcess
1196,CarryingWhileLocomoting,CarryingWhileLocomoting,HumanWalkingProcess
1197,CarryingWhileLocomoting,CarryingWhileLocomoting,HumanWalkingProcess
1198,CarryingWhileLocomoting,CarryingWhileLocomoting,HumanWalkingProcess
1199,CarryingWhileLocomoting,CarryingWhileLocomoting,HumanWalkingProcess
1200,CarryingWhileLocomoting,CarryingWhileLocomoting,HumanWalkingProcess
1201,CarryingWhileLocomoting,CarryingWhileLocomoting,HumanWalkingProcess
1202,CarryingWhileLocomoting,CarryingWhileLocomoting,HumanWalkingProcess
1203,CarryingWhileLocomoting,CarryingWhileLocomoting,HumanWalkingProcess
1204,CarryingWhileLocomoting,CarryingWhileLocomoting,HumanWalkingProcess
1205,CarryingWhileLocomoting,CarryingWhileLocomoting,HumanWalkingProcess
1206,CarryingWhileLocomoting,CarryingWhileLocomoting,HumanWalkingProcess
1207,CarryingWhileLocomoting,CarryingWhileLocomoting,HumanWalkingProcess
1208,CarryingWhileLocomoting,CarryingWhileLocomoting,HumanWalkingProcess
1209,CarryingWhileLocomoting,CarryingWhileLocomoting,HumanWalkingProcess
1210,CarryingWhileLocomoting,CarryingWhileLocomoting,HumanWalkingProcess
1211,CarryingWhileLocomoting,CarryingWhileLocomoting,HumanWalkingProcess
1212,CarryingWhileLocomoting,CarryingWhileLocomoting,HumanWalkingProcess
1213,CarryingWhileLocomoting,CarryingWhileLocomoting,HumanWalkingProcess
1214,Reaching,CarryingWhileLocomoting,HumanWalkingProcess
1215,Reaching,CarryingWhileLocomoting,HumanWalkingProcess
1216,Reaching,CarryingWhileLocomoting,HumanWalkingProcess
1217,Reaching,CarryingWhileLocomoting,HumanWalkingProcess
1218,Reaching,CarryingWhileLocomoting,HumanWalkingProcess
1219,Reaching,CarryingWhileLocomoting,HumanWalkingProcess
1220,Reaching,CarryingWhileLocomoting,HumanWalkingProcess
1221,Reaching,CarryingWhileLocomoting,HumanWalkingProcess
1222,Reaching,CarryingWhileLocomoting,HumanWalkingProcess
1223,Reaching,CarryingWhileLocomoting,HumanWalkingProcess
1224,Reaching,CarryingWhileLocomoting,HumanWalkingProcess
1225,Reaching,CarryingWhileLocomoting,HumanWalkingProcess
1226,Reaching,CarryingWhileLocomoting,HumanWalkingProcess
1227,Reaching,CarryingWhileLocomoting,HumanWalkingProcess
1228,Reaching,CarryingWhileLocomoting,HumanWalkingProcess
1229,Reaching,CarryingWhileLocomoting,HumanWalkingProcess
1230,Reaching,CarryingWhileLocomoting,HumanWalkingProcess
1231,Reaching,CarryingWhileLocomoting,HumanWalkingProcess
1232,Reaching,CarryingWhileLocomoting,HumanWalkingProcess
1233,Reaching,CarryingWhileLocomoting,HumanWalkingProcess
1234,Reaching,CarryingWhileLocomoting,HumanWalkingProcess
1235,Reaching,CarryingWhileLocomoting,HumanWalkingProcess
1236,Reaching,CarryingWhileLocomoting,HumanWalkingProcess
1237,Reaching,CarryingWhileLocomoting,HumanWalkingProcess
1238,Reaching,CarryingWhileLocomoting,HumanWalkingProcess
1239,OpeningADoor,CarryingWhileLocomoting,HumanWalkingProcess
1240,OpeningADoor,CarryingWhileLocomoting,HumanWalkingProcess
1241,OpeningADoor,CarryingWhileLocomoting,StandingStill
1242,OpeningADoor,Reaching,StandingStill
1243,OpeningADoor,Reaching,StandingStill
1244,OpeningADoor,Reaching,StandingStill
1245,OpeningADoor,Reaching,StandingStill
1246,OpeningADoor,Reaching,StandingStill
1247,OpeningADoor,Reaching,StandingStill
1248,OpeningADoor,Reaching,StandingStill
1249,OpeningADoor,Reaching,StandingStill
1250,OpeningADoor,Reaching,StandingStill
1251,OpeningADoor,Reaching,StandingStill
1252,OpeningADoor,Reaching,StandingStill
1253,OpeningADoor,Reaching,StandingStill
1254,OpeningADoor,Reaching,StandingStill
1255,OpeningADoor,Reaching,StandingStill
1256,ClosingADoor,Reaching,StandingStill
1257,ClosingADoor,Reaching,StandingStill
1258,ClosingADoor,Reaching,StandingStill
1259,ClosingADoor,Reaching,HumanWalkingProcess
1260,ClosingADoor,Reaching,HumanWalkingProcess
1261,ClosingADoor,Reaching,HumanWalkingProcess
1262,ClosingADoor,Reaching,HumanWalkingProcess
1263,ClosingADoor,CarryingWhileLocomoting,HumanWalkingProcess
1264,ClosingADoor,CarryingWhileLocomoting,HumanWalkingProcess
1265,ClosingADoor,CarryingWhileLocomoting,HumanWalkingProcess
1266,ClosingADoor,CarryingWhileLocomoting,HumanWalkingProcess
1267,ClosingADoor,CarryingWhileLocomoting,HumanWalkingProcess
1268,ClosingADoor,CarryingWhileLocomoting,HumanWalkingProcess
1269,ClosingADoor,CarryingWhileLocomoting,HumanWalkingProcess
1270,ClosingADoor,CarryingWhileLocomoting,HumanWalkingProcess
1271,ClosingADoor,CarryingWhileLocomoting,HumanWalkingProcess
1272,ClosingADoor,CarryingWhileLocomoting,HumanWalkingProcess
1273,ReleasingGraspOfSomething,CarryingWhileLocomoting,HumanWalkingProcess
1274,ReleasingGraspOfSomething,CarryingWhileLocomoting,HumanWalkingProcess
1275,ReleasingGraspOfSomething,CarryingWhileLocomoting,HumanWalkingProcess
1276,ReleasingGraspOfSomething,CarryingWhileLocomoting,HumanWalkingProcess
1277,ReleasingGraspOfSomething,CarryingWhileLocomoting,HumanWalkingProcess
1278,ReleasingGraspOfSomething,CarryingWhileLocomoting,HumanWalkingProcess
1279,ReleasingGraspOfSomething,CarryingWhileLocomoting,HumanWalkingProcess
1280,ReleasingGraspOfSomething,CarryingWhileLocomoting,HumanWalkingProcess
1281,ReleasingGraspOfSomething,CarryingWhileLocomoting,HumanWalkingProcess
1282,Reaching,CarryingWhileLocomoting,HumanWalkingProcess
1283,Reaching,CarryingWhileLocomoting,HumanWalkingProcess
1284,Reaching,CarryingWhileLocomoting,HumanWalkingProcess
1285,Reaching,CarryingWhileLocomoting,HumanWalkingProcess
1286,Reaching,CarryingWhileLocomoting,HumanWalkingProcess
1287,OpeningADoor,CarryingWhileLocomoting,HumanWalkingProcess
1288,OpeningADoor,CarryingWhileLocomoting,HumanWalkingProcess
1289,OpeningADoor,CarryingWhileLocomoting,StandingStill
1290,OpeningADoor,CarryingWhileLocomoting,StandingStill
1291,OpeningADoor,CarryingWhileLocomoting,StandingStill
1292,OpeningADoor,CarryingWhileLocomoting,StandingStill
1293,OpeningADoor,Reaching,StandingStill
1294,OpeningADoor,Reaching,StandingStill
1295,OpeningADoor,Reaching,StandingStill
1296,OpeningADoor,Reaching,StandingStill
1297,OpeningADoor,Reaching,StandingStill
1298,OpeningADoor,Reaching,StandingStill
1299,OpeningADoor,Reaching,StandingStill
1300,OpeningADoor,Reaching,StandingStill
1301,OpeningADoor,Reaching,StandingStill
1302,OpeningADoor,Reaching,StandingStill
1303,OpeningADoor,Reaching,StandingStill
1304,OpeningADoor,Reaching,StandingStill
1305,OpeningADoor,Reaching,StandingStill
1306,OpeningADoor,Reaching,StandingStill
1307,OpeningADoor,Reaching,StandingStill
1308,OpeningADoor,Reaching,StandingStill
1309,OpeningADoor,Reaching,StandingStill
1310,OpeningADoor,Reaching,StandingStill
1311,OpeningADoor,Reaching,StandingStill
1312,OpeningADoor,Reaching,StandingStill
1313,OpeningADoor,TakingSomething,StandingStill
1314,OpeningADoor,TakingSomething,StandingStill
1315,OpeningADoor,TakingSomething,StandingStill
1316,OpeningADoor,TakingSomething,StandingStill
1317,OpeningADoor,TakingSomething,StandingStill
1318,OpeningADoor,TakingSomething,StandingStill
1319,OpeningADoor,TakingSomething,StandingStill
1320,OpeningADoor,TakingSomething,StandingStill
1321,OpeningADoor,TakingSomething,StandingStill
1322,OpeningADoor,TakingSomething,StandingStill
1323,OpeningADoor,TakingSomething,StandingStill
1324,OpeningADoor,TakingSomething,StandingStill
1325,OpeningADoor,TakingSomething,StandingStill
1326,OpeningADoor,TakingSomething,StandingStill
1327,OpeningADoor,TakingSomething,StandingStill
1328,OpeningADoor,TakingSomething,StandingStill
1329,OpeningADoor,TakingSomething,StandingStill
1330,OpeningADoor,TakingSomething,StandingStill
1331,OpeningADoor,TakingSomething,StandingStill
1332,OpeningADoor,TakingSomething,StandingStill
1333,OpeningADoor,TakingSomething,StandingStill
1334,OpeningADoor,TakingSomething,StandingStill
1335,ClosingADoor,TakingSomething,StandingStill
1336,ClosingADoor,TakingSomething,StandingStill
1337,ClosingADoor,TakingSomething,StandingStill
1338,ClosingADoor,TakingSomething,StandingStill
1339,ClosingADoor,TakingSomething,StandingStill
1340,ClosingADoor,TakingSomething,StandingStill
1341,ClosingADoor,TakingSomething,StandingStill
1342,ClosingADoor,TakingSomething,StandingStill
1343,ClosingADoor,TakingSomething,StandingStill
1344,ClosingADoor,TakingSomething,StandingStill
1345,ClosingADoor,TakingSomething,StandingStill
1346,ClosingADoor,TakingSomething,StandingStill
1347,ClosingADoor,TakingSomething,StandingStill
1348,ClosingADoor,TakingSomething,StandingStill
1349,ClosingADoor,TakingSomething,StandingStill
1350,ClosingADoor,CarryingWhileLocomoting,StandingStill
1351,ClosingADoor,CarryingWhileLocomoting,StandingStill
1352,ClosingADoor,CarryingWhileLocomoting,StandingStill
1353,ClosingADoor,CarryingWhileLocomoting,StandingStill
1354,ClosingADoor,CarryingWhileLocomoting,StandingStill
1355,ReleasingGraspOfSomething,CarryingWhileLocomoting,StandingStill
1356,ReleasingGraspOfSomething,CarryingWhileLocomoting,StandingStill
1357,ReleasingGraspOfSomething,CarryingWhileLocomoting,StandingStill
1358,ReleasingGraspOfSomething,CarryingWhileLocomoting,StandingStill
1359,ReleasingGraspOfSomething,CarryingWhileLocomoting,StandingStill
1360,ReleasingGraspOfSomething,CarryingWhileLocomoting,StandingStill
1361,ReleasingGraspOfSomething,CarryingWhileLocomoting,StandingStill
1362,ReleasingGraspOfSomething,CarryingWhileLocomoting,StandingStill
1363,ReleasingGraspOfSomething,CarryingWhileLocomoting,StandingStill
1364,ReleasingGraspOfSomething,CarryingWhileLocomoting,StandingStill
1365,CarryingWhileLocomoting,CarryingWhileLocomoting,HumanWalkingProcess
1366,CarryingWhileLocomoting,CarryingWhileLocomoting,HumanWalkingProcess
1367,CarryingWhileLocomoting,CarryingWhileLocomoting,HumanWalkingProcess
1368,CarryingWhileLocomoting,CarryingWhileLocomoting,HumanWalkingProcess
1369,CarryingWhileLocomoting,CarryingWhileLocomoting,HumanWalkingProcess
1370,CarryingWhileLocomoting,CarryingWhileLocomoting,HumanWalkingProcess
1371,CarryingWhileLocomoting,CarryingWhileLocomoting,HumanWalkingProcess
1372,CarryingWhileLocomoting,CarryingWhileLocomoting,HumanWalkingProcess
1373,CarryingWhileLocomoting,CarryingWhileLocomoting,HumanWalkingProcess
1374,CarryingWhileLocomoting,CarryingWhileLocomoting,HumanWalkingProcess
1375,CarryingWhileLocomoting,CarryingWhileLocomoting,HumanWalkingProcess
1376,CarryingWhileLocomoting,CarryingWhileLocomoting,HumanWalkingProcess
1377,CarryingWhileLocomoting,CarryingWhileLocomoting,HumanWalkingProcess
1378,CarryingWhileLocomoting,CarryingWhileLocomoting,HumanWalkingProcess
1379,CarryingWhileLocomoting,CarryingWhileLocomoting,HumanWalkingProcess
1380,CarryingWhileLocomoting,CarryingWhileLocomoting,HumanWalkingProcess
1381,CarryingWhileLocomoting,CarryingWhileLocomoting,HumanWalkingProcess
1382,CarryingWhileLocomoting,CarryingWhileLocomoting,HumanWalkingProcess
1383,CarryingWhileLocomoting,CarryingWhileLocomoting,HumanWalkingProcess
1384,CarryingWhileLocomoting,CarryingWhileLocomoting,HumanWalkingProcess
1385,CarryingWhileLocomoting,CarryingWhileLocomoting,HumanWalkingProcess
1386,CarryingWhileLocomoting,CarryingWhileLocomoting,HumanWalkingProcess
1387,CarryingWhileLocomoting,CarryingWhileLocomoting,HumanWalkingProcess
1388,CarryingWhileLocomoting,CarryingWhileLocomoting,HumanWalkingProcess
1389,CarryingWhileLocomoting,CarryingWhileLocomoting,HumanWalkingProcess
1390,CarryingWhileLocomoting,CarryingWhileLocomoting,HumanWalkingProcess
1391,CarryingWhileLocomoting,CarryingWhileLocomoting,HumanWalkingProcess
1392,CarryingWhileLocomoting,CarryingWhileLocomoting,HumanWalkingProcess
1393,CarryingWhileLocomoting,CarryingWhileLocomoting,HumanWalkingProcess
1394,CarryingWhileLocomoting,CarryingWhileLocomoting,HumanWalkingProcess
1395,CarryingWhileLocomoting,CarryingWhileLocomoting,HumanWalkingProcess
1396,CarryingWhileLocomoting,CarryingWhileLocomoting,HumanWalkingProcess
1397,CarryingWhileLocomoting,CarryingWhileLocomoting,HumanWalkingProcess
1398,CarryingWhileLocomoting,CarryingWhileLocomoting,HumanWalkingProcess
1399,CarryingWhileLocomoting,CarryingWhileLocomoting,HumanWalkingProcess
1400,CarryingWhileLocomoting,CarryingWhileLocomoting,HumanWalkingProcess
1401,CarryingWhileLocomoting,CarryingWhileLocomoting,HumanWalkingProcess
1402,CarryingWhileLocomoting,CarryingWhileLocomoting,HumanWalkingProcess
1403,CarryingWhileLocomoting,CarryingWhileLocomoting,HumanWalkingProcess
1404,CarryingWhileLocomoting,CarryingWhileLocomoting,HumanWalkingProcess
1405,CarryingWhileLocomoting,CarryingWhileLocomoting,HumanWalkingProcess
1406,CarryingWhileLocomoting,CarryingWhileLocomoting,HumanWalkingProcess
1407,CarryingWhileLocomoting,CarryingWhileLocomoting,HumanWalkingProcess
1408,CarryingWhileLocomoting,CarryingWhileLocomoting,HumanWalkingProcess
1409,CarryingWhileLocomoting,CarryingWhileLocomoting,HumanWalkingProcess
1410,CarryingWhileLocomoting,CarryingWhileLocomoting,HumanWalkingProcess
1411,CarryingWhileLocomoting,LoweringAnObject,HumanWalkingProcess
1412,CarryingWhileLocomoting,LoweringAnObject,HumanWalkingProcess
1413,CarryingWhileLocomoting,LoweringAnObject,HumanWalkingProcess
1414,CarryingWhileLocomoting,LoweringAnObject,HumanWalkingProcess
1415,CarryingWhileLocomoting,LoweringAnObject,HumanWalkingProcess
1416,CarryingWhileLocomoting,LoweringAnObject,StandingStill
1417,CarryingWhileLocomoting,LoweringAnObject,StandingStill
1418,CarryingWhileLocomoting,LoweringAnObject,StandingStill
1419,CarryingWhileLocomoting,LoweringAnObject,StandingStill
1420,CarryingWhileLocomoting,LoweringAnObject,StandingStill
1421,CarryingWhileLocomoting,LoweringAnObject,StandingStill
1422,CarryingWhileLocomoting,LoweringAnObject,StandingStill
1423,CarryingWhileLocomoting,LoweringAnObject,StandingStill
1424,CarryingWhileLocomoting,LoweringAnObject,StandingStill
1425,CarryingWhileLocomoting,LoweringAnObject,StandingStill
1426,CarryingWhileLocomoting,LoweringAnObject,StandingStill
1427,CarryingWhileLocomoting,LoweringAnObject,StandingStill
1428,CarryingWhileLocomoting,LoweringAnObject,StandingStill
1429,CarryingWhileLocomoting,LoweringAnObject,StandingStill
1430,CarryingWhileLocomoting,ReleasingGraspOfSomething,StandingStill
1431,CarryingWhileLocomoting,ReleasingGraspOfSomething,StandingStill
1432,CarryingWhileLocomoting,ReleasingGraspOfSomething,StandingStill
1433,CarryingWhileLocomoting,ReleasingGraspOfSomething,StandingStill
1434,CarryingWhileLocomoting,ReleasingGraspOfSomething,StandingStill
1435,CarryingWhileLocomoting,ReleasingGraspOfSomething,StandingStill
1436,CarryingWhileLocomoting,ReleasingGraspOfSomething,StandingStill
1437,CarryingWhileLocomoting,ReleasingGraspOfSomething,StandingStill
1438,CarryingWhileLocomoting,ReleasingGraspOfSomething,StandingStill
1439,CarryingWhileLocomoting,ReleasingGraspOfSomething,StandingStill
1440,CarryingWhileLocomoting,ReleasingGraspOfSomething,StandingStill
1441,CarryingWhileLocomoting,ReleasingGraspOfSomething,StandingStill
1442,CarryingWhileLocomoting,ReleasingGraspOfSomething,StandingStill
1443,CarryingWhileLocomoting,ReleasingGraspOfSomething,StandingStill
1444,CarryingWhileLocomoting,ReleasingGraspOfSomething,StandingStill
1445,CarryingWhileLocomoting,ReleasingGraspOfSomething,StandingStill
1446,CarryingWhileLocomoting,ReleasingGraspOfSomething,StandingStill
1447,CarryingWhileLocomoting,ReleasingGraspOfSomething,StandingStill
1448,CarryingWhileLocomoting,ReleasingGraspOfSomething,StandingStill
1449,CarryingWhileLocomoting,ReleasingGraspOfSomething,StandingStill
1450,CarryingWhileLocomoting,ReleasingGraspOfSomething,StandingStill
1451,CarryingWhileLocomoting,ReleasingGraspOfSomething,StandingStill
1452,CarryingWhileLocomoting,ReleasingGraspOfSomething,StandingStill
1453,CarryingWhileLocomoting,ReleasingGraspOfSomething,StandingStill
1454,CarryingWhileLocomoting,ReleasingGraspOfSomething,StandingStill
1455,CarryingWhileLocomoting,ReleasingGraspOfSomething,HumanWalkingProcess
1456,CarryingWhileLocomoting,ReleasingGraspOfSomething,HumanWalkingProcess
1457,CarryingWhileLocomoting,ReleasingGraspOfSomething,HumanWalkingProcess
1458,CarryingWhileLocomoting,ReleasingGraspOfSomething,HumanWalkingProcess
1459,CarryingWhileLocomoting,CarryingWhileLocomoting,HumanWalkingProcess
1460,CarryingWhileLocomoting,CarryingWhileLocomoting,HumanWalkingProcess
1461,CarryingWhileLocomoting,CarryingWhileLocomoting,HumanWalkingProcess
1462,CarryingWhileLocomoting,CarryingWhileLocomoting,HumanWalkingProcess
1463,CarryingWhileLocomoting,CarryingWhileLocomoting,HumanWalkingProcess
1464,CarryingWhileLocomoting,CarryingWhileLocomoting,HumanWalkingProcess
1465,CarryingWhileLocomoting,CarryingWhileLocomoting,HumanWalkingProcess
1466,CarryingWhileLocomoting,CarryingWhileLocomoting,StandingStill
1467,CarryingWhileLocomoting,CarryingWhileLocomoting,StandingStill
1468,CarryingWhileLocomoting,CarryingWhileLocomoting,StandingStill
1469,CarryingWhileLocomoting,CarryingWhileLocomoting,StandingStill
1470,CarryingWhileLocomoting,CarryingWhileLocomoting,StandingStill
1471,CarryingWhileLocomoting,CarryingWhileLocomoting,StandingStill
1472,CarryingWhileLocomoting,CarryingWhileLocomoting,StandingStill
1473,CarryingWhileLocomoting,CarryingWhileLocomoting,StandingStill
1474,CarryingWhileLocomoting,CarryingWhileLocomoting,StandingStill
1475,CarryingWhileLocomoting,CarryingWhileLocomoting,StandingStill
1476,CarryingWhileLocomoting,CarryingWhileLocomoting,StandingStill
1477,CarryingWhileLocomoting,CarryingWhileLocomoting,StandingStill
1478,CarryingWhileLocomoting,CarryingWhileLocomoting,StandingStill
1479,CarryingWhileLocomoting,CarryingWhileLocomoting,StandingStill
