instance,lefthand,righthand,trunk
0,CarryingWhileLocomoting,CarryingWhileLocomoting,StandingStill
1,CarryingWhileLocomoting,CarryingWhileLocomoting,StandingStill
2,CarryingWhileLocomoting,CarryingWhileLocomoting,StandingStill
3,CarryingWhileLocomoting,CarryingWhileLocomoting,StandingStill
4,CarryingWhileLocomoting,CarryingWhileLocomoting,StandingStill
5,CarryingWhileLocomoting,CarryingWhileLocomoting,StandingStill
6,CarryingWhileLocomoting,CarryingWhileLocomoting,StandingStill
7,CarryingWhileLocomoting,CarryingWhileLocomoting,StandingStill
8,CarryingWhileLocomoting,CarryingWhileLocomoting,StandingStill
9,CarryingWhileLocomoting,CarryingWhileLocomoting,StandingStill
10,CarryingWhileLocomoting,CarryingWhileLocomoting,HumanWalkingProcess
11,CarryingWhileLocomoting,CarryingWhileLocomoting,HumanWalkingProcess
12,CarryingWhileLocomoting,CarryingWhileLocomoting,HumanWalkingProcess
13,CarryingWhileLocomoting,CarryingWhileLocomoting,HumanWalkingProcess
14,CarryingWhileLocomoting,CarryingWhileLocomoting,HumanWalkingProcess
15,CarryingWhileLocomoting,CarryingWhileLocomoting,HumanWalkingProcess
16,CarryingWhileLocomoting,CarryingWhileLocomoting,HumanWalkingProcess
17,CarryingWhileLocomoting,CarryingWhileLocomoting,HumanWalkingProcess
18,CarryingWhileLocomoting,CarryingWhileLocomoting,HumanWalkingProcess
19,CarryingWhileLocomoting,CarryingWhileLocomoting,HumanWalkingProcess
20,CarryingWhileLocomoting,CarryingWhileLocomoting,HumanWalkingProcess
21,CarryingWhileLocomoting,CarryingWhileLocomoting,HumanWalkingProcess
22,CarryingWhileLocomoting,CarryingWhileLocomoting,HumanWalkingProcess
23,CarryingWhileLocomoting,CarryingWhileLocomoting,HumanWalkingProcess
24,CarryingWhileLocomoting,CarryingWhileLocomoting,HumanWalkingProcess
25,CarryingWhileLocomoting,CarryingWhileLocomoting,HumanWalkingProcess
26,CarryingWhileLocomoting,CarryingWhileLocomoting,HumanWalkingProcess
27,CarryingWhileLocomoting,CarryingWhileLocomoting,HumanWalkingProcess
28,Reaching,Reaching,HumanWalkingProcess
29,Reaching,Reaching,HumanWalkingProcess
30,Reaching,Reaching,HumanWalkingProcess
31,Reaching,Reaching,HumanWalkingProcess
32,Reaching,Reaching,HumanWalkingProcess
33,Reaching,Reaching,HumanWalkingProcess
34,Reaching,Reaching,HumanWalkingProcess
35,Reaching,Reaching,HumanWalkingProcess
36,Reaching,Reaching,HumanWalkingProcess
37,Reaching,Reaching,HumanWalkingProcess
38,Reaching,Reaching,HumanWalkingProcess
39,Reaching,Reaching,HumanWalkingProcess
40,Reaching,Reaching,HumanWalkingProcess
41,Reaching,Reaching,HumanWalkingProcess
42,Reaching,TakingSomething,HumanWalkingProcess
43,Reaching,TakingSomething,StandingStill
44,Reaching,TakingSomething,StandingStill
45,Reaching,TakingSomething,StandingStill
46,Reaching,TakingSomething,StandingStill
47,Reaching,TakingSomething,StandingStill
48,Reaching,TakingSomething,StandingStill
49,Reaching,TakingSomething,StandingStill
50,Reaching,TakingSomething,StandingStill
51,Reaching,TakingSomething,StandingStill
52,Reaching,TakingSomething,StandingStill
53,Reaching,TakingSomething,StandingStill
54,Reaching,TakingSomething,StandingStill
55,Reaching,TakingSomething,StandingStill
56,Reaching,TakingSomething,StandingStill
57,Reaching,TakingSomething,StandingStill
58,Reaching,TakingSomething,StandingStill
59,Reaching,TakingSomething,StandingStill
60,Reaching,TakingSomething,StandingStill
61,Reaching,TakingSomething,StandingStill
62,Reaching,TakingSomething,StandingStill
63,Reaching,TakingSomething,StandingStill
64,Reaching,TakingSomething,StandingStill
65,Reaching,TakingSomething,StandingStill
66,Reaching,TakingSomething,StandingStill
67,Reaching,TakingSomething,StandingStill
68,Reaching,TakingSomething,StandingStill
69,Reaching,TakingSomething,StandingStill
70,Reaching,TakingSomething,StandingStill
71,TakingSomething,TakingSomething,StandingStill
72,TakingSomething,TakingSomething,StandingStill
73,TakingSomething,TakingSomething,StandingStill
74,TakingSomething,TakingSomething,StandingStill
75,TakingSomething,TakingSomething,StandingStill
76,TakingSomething,TakingSomething,StandingStill
77,TakingSomething,TakingSomething,StandingStill
78,TakingSomething,TakingSomething,StandingStill
79,TakingSomething,TakingSomething,StandingStill
80,TakingSomething,TakingSomething,StandingStill
81,TakingSomething,TakingSomething,StandingStill
82,TakingSomething,TakingSomething,StandingStill
83,CarryingWhileLocomoting,CarryingWhileLocomoting,StandingStill
84,CarryingWhileLocomoting,CarryingWhileLocomoting,HumanWalkingProcess
85,CarryingWhileLocomoting,CarryingWhileLocomoting,HumanWalkingProcess
86,CarryingWhileLocomoting,CarryingWhileLocomoting,HumanWalkingProcess
87,CarryingWhileLocomoting,CarryingWhileLocomoting,HumanWalkingProcess
88,CarryingWhileLocomoting,CarryingWhileLocomoting,HumanWalkingProcess
89,CarryingWhileLocomoting,CarryingWhileLocomoting,HumanWalkingProcess
90,CarryingWhileLocomoting,CarryingWhileLocomoting,HumanWalkingProcess
91,CarryingWhileLocomoting,CarryingWhileLocomoting,HumanWalkingProcess
92,CarryingWhileLocomoting,CarryingWhileLocomoting,HumanWalkingProcess
93,CarryingWhileLocomoting,CarryingWhileLocomoting,HumanWalkingProcess
94,CarryingWhileLocomoting,CarryingWhileLocomoting,HumanWalkingProcess
95,CarryingWhileLocomoting,CarryingWhileLocomoting,HumanWalkingProcess
96,CarryingWhileLocomoting,CarryingWhileLocomoting,HumanWalkingProcess
97,CarryingWhileLocomoting,CarryingWhileLocomoting,HumanWalkingProcess
98,CarryingWhileLocomoting,CarryingWhileLocomoting,HumanWalkingProcess
99,CarryingWhileLocomoting,CarryingWhileLocomoting,HumanWalkingProcess
100,CarryingWhileLocomoting,CarryingWhileLocomoting,HumanWalkingProcess
101,CarryingWhileLocomoting,CarryingWhileLocomoting,HumanWalkingProcess
102,CarryingWhileLocomoting,CarryingWhileLocomoting,HumanWalkingProcess
103,CarryingWhileLocomoting,CarryingWhileLocomoting,HumanWalkingProcess
104,CarryingWhileLocomoting,CarryingWhileLocomoting,HumanWalkingProcess
105,CarryingWhileLocomoting,CarryingWhileLocomoting,HumanWalkingProcess
106,CarryingWhileLocomoting,CarryingWhileLocomoting,HumanWalkingProcess
107,CarryingWhileLocomoting,CarryingWhileLocomoting,HumanWalkingProcess
108,CarryingWhileLocomoting,CarryingWhileLocomoting,HumanWalkingProcess
109,CarryingWhileLocomoting,CarryingWhileLocomoting,HumanWalkingProcess
110,CarryingWhileLocomoting,CarryingWhileLocomoting,HumanWalkingProcess
111,CarryingWhileLocomoting,CarryingWhileLocomoting,HumanWalkingProcess
112,CarryingWhileLocomoting,CarryingWhileLocomoting,HumanWalkingProcess
113,CarryingWhileLocomoting,CarryingWhileLocomoting,HumanWalkingProcess
114,CarryingWhileLocomoting,CarryingWhileLocomoting,HumanWalkingProcess
115,CarryingWhileLocomoting,CarryingWhileLocomoting,HumanWalkingProcess
116,CarryingWhileLocomoting,CarryingWhileLocomoting,HumanWalkingProcess
117,CarryingWhileLocomoting,CarryingWhileLocomoting,HumanWalkingProcess
118,CarryingWhileLocomoting,CarryingWhileLocomoting,HumanWalkingProcess
119,CarryingWhileLocomoting,CarryingWhileLocomoting,HumanWalkingProcess
120,CarryingWhileLocomoting,CarryingWhileLocomoting,HumanWalkingProcess
121,CarryingWhileLocomoting,CarryingWhileLocomoting,HumanWalkingProcess
122,CarryingWhileLocomoting,CarryingWhileLocomoting,HumanWalkingProcess
123,CarryingWhileLocomoting,CarryingWhileLocomoting,HumanWalkingProcess
124,CarryingWhileLocomoting,CarryingWhileLocomoting,HumanWalkingProcess
125,CarryingWhileLocomoting,LoweringAnObject,HumanWalkingProcess
126,CarryingWhileLocomoting,LoweringAnObject,HumanWalkingProcess
127,CarryingWhileLocomoting,LoweringAnObject,HumanWalkingProcess
128,CarryingWhileLocomoting,LoweringAnObject,HumanWalkingProcess
129,CarryingWhileLocomoting,LoweringAnObject,HumanWalkingProcess
130,CarryingWhileLocomoting,LoweringAnObject,HumanWalkingProcess
131,CarryingWhileLocomoting,LoweringAnObject,HumanWalkingProcess
132,CarryingWhileLocomoting,LoweringAnObject,HumanWalkingProcess
133,CarryingWhileLocomoting,LoweringAnObject,HumanWalkingProcess
134,CarryingWhileLocomoting,LoweringAnObject,HumanWalkingProcess
135,CarryingWhileLocomoting,LoweringAnObject,HumanWalkingProcess
136,CarryingWhileLocomoting,LoweringAnObject,StandingStill
137,CarryingWhileLocomoting,LoweringAnObject,StandingStill
138,CarryingWhileLocomoting,LoweringAnObject,StandingStill
139,CarryingWhileLocomoting,LoweringAnObject,StandingStill
140,CarryingWhileLocomoting,LoweringAnObject,StandingStill
141,CarryingWhileLocomoting,LoweringAnObject,StandingStill
142,CarryingWhileLocomoting,LoweringAnObject,StandingStill
143,CarryingWhileLocomoting,LoweringAnObject,StandingStill
144,CarryingWhileLocomoting,LoweringAnObject,StandingStill
145,CarryingWhileLocomoting,LoweringAnObject,StandingStill
146,CarryingWhileLocomoting,LoweringAnObject,StandingStill
147,CarryingWhileLocomoting,LoweringAnObject,StandingStill
148,CarryingWhileLocomoting,LoweringAnObject,StandingStill
149,CarryingWhileLocomoting,LoweringAnObject,StandingStill
150,CarryingWhileLocomoting,LoweringAnObject,StandingStill
151,CarryingWhileLocomoting,LoweringAnObject,StandingStill
152,CarryingWhileLocomoting,LoweringAnObject,StandingStill
153,CarryingWhileLocomoting,LoweringAnObject,StandingStill
154,CarryingWhileLocomoting,LoweringAnObject,StandingStill
155,CarryingWhileLocomoting,LoweringAnObject,StandingStill
156,CarryingWhileLocomoting,LoweringAnObject,StandingStill
157,CarryingWhileLocomoting,LoweringAnObject,StandingStill
158,CarryingWhileLocomoting,LoweringAnObject,StandingStill
159,CarryingWhileLocomoting,LoweringAnObject,StandingStill
160,CarryingWhileLocomoting,LoweringAnObject,StandingStill
161,CarryingWhileLocomoting,LoweringAnObject,StandingStill
162,CarryingWhileLocomoting,LoweringAnObject,StandingStill
163,CarryingWhileLocomoting,LoweringAnObject,StandingStill
164,CarryingWhileLocomoting,LoweringAnObject,StandingStill
165,CarryingWhileLocomoting,LoweringAnObject,StandingStill
166,CarryingWhileLocomoting,LoweringAnObject,StandingStill
167,CarryingWhileLocomoting,ReleasingGraspOfSomething,StandingStill
168,CarryingWhileLocomoting,ReleasingGraspOfSomething,StandingStill
169,CarryingWhileLocomoting,ReleasingGraspOfSomething,StandingStill
170,CarryingWhileLocomoting,ReleasingGraspOfSomething,StandingStill
171,CarryingWhileLocomoting,ReleasingGraspOfSomething,StandingStill
172,CarryingWhileLocomoting,ReleasingGraspOfSomething,StandingStill
173,CarryingWhileLocomoting,ReleasingGraspOfSomething,StandingStill
174,CarryingWhileLocomoting,ReleasingGraspOfSomething,StandingStill
175,CarryingWhileLocomoting,LoweringAnObject,StandingStill
176,CarryingWhileLocomoting,LoweringAnObject,StandingStill
177,CarryingWhileLocomoting,LoweringAnObject,StandingStill
178,CarryingWhileLocomoting,LoweringAnObject,StandingStill
179,CarryingWhileLocomoting,LoweringAnObject,StandingStill
180,CarryingWhileLocomoting,LoweringAnObject,StandingStill
181,CarryingWhileLocomoting,LoweringAnObject,StandingStill
182,CarryingWhileLocomoting,LoweringAnObject,StandingStill
183,CarryingWhileLocomoting,LoweringAnObject,StandingStill
184,CarryingWhileLocomoting,LoweringAnObject,StandingStill
185,CarryingWhileLocomoting,LoweringAnObject,StandingStill
186,CarryingWhileLocomoting,LoweringAnObject,StandingStill
187,CarryingWhileLocomoting,LoweringAnObject,StandingStill
188,CarryingWhileLocomoting,LoweringAnObject,StandingStill
189,CarryingWhileLocomoting,LoweringAnObject,StandingStill
190,CarryingWhileLocomoting,LoweringAnObject,StandingStill
191,CarryingWhileLocomoting,LoweringAnObject,StandingStill
192,CarryingWhileLocomoting,LoweringAnObject,StandingStill
193,CarryingWhileLocomoting,LoweringAnObject,StandingStill
194,CarryingWhileLocomoting,LoweringAnObject,StandingStill
195,CarryingWhileLocomoting,LoweringAnObject,StandingStill
196,CarryingWhileLocomoting,LoweringAnObject,StandingStill
197,CarryingWhileLocomoting,LoweringAnObject,StandingStill
198,CarryingWhileLocomoting,LoweringAnObject,StandingStill
199,CarryingWhileLocomoting,LoweringAnObject,StandingStill
200,CarryingWhileLocomoting,LoweringAnObject,StandingStill
201,CarryingWhileLocomoting,LoweringAnObject,StandingStill
202,CarryingWhileLocomoting,LoweringAnObject,StandingStill
203,CarryingWhileLocomoting,ReleasingGraspOfSomething,StandingStill
204,CarryingWhileLocomoting,ReleasingGraspOfSomething,StandingStill
205,CarryingWhileLocomoting,ReleasingGraspOfSomething,StandingStill
206,CarryingWhileLocomoting,ReleasingGraspOfSomething,StandingStill
207,CarryingWhileLocomoting,ReleasingGraspOfSomething,StandingStill
208,CarryingWhileLocomoting,ReleasingGraspOfSomething,StandingStill
209,CarryingWhileLocomoting,ReleasingGraspOfSomething,StandingStill
210,CarryingWhileLocomoting,ReleasingGraspOfSomething,StandingStill
211,CarryingWhileLocomoting,ReleasingGraspOfSomething,StandingStill
212,CarryingWhileLocomoting,ReleasingGraspOfSomething,StandingStill
213,CarryingWhileLocomoting,ReleasingGraspOfSomething,StandingStill
214,CarryingWhileLocomoting,ReleasingGraspOfSomething,StandingStill
215,CarryingWhileLocomoting,ReleasingGraspOfSomething,StandingStill
216,CarryingWhileLocomoting,ReleasingGraspOfSomething,StandingStill
217,CarryingWhileLocomoting,ReleasingGraspOfSomething,StandingStill
218,CarryingWhileLocomoting,ReleasingGraspOfSomething,StandingStill
219,CarryingWhileLocomoting,ReleasingGraspOfSomething,HumanWalkingProcess
220,CarryingWhileLocomoting,CarryingWhileLocomoting,HumanWalkingProcess
221,CarryingWhileLocomoting,CarryingWhileLocomoting,HumanWalkingProcess
222,CarryingWhileLocomoting,CarryingWhileLocomoting,HumanWalkingProcess
223,CarryingWhileLocomoting,CarryingWhileLocomoting,HumanWalkingProcess
224,CarryingWhileLocomoting,CarryingWhileLocomoting,HumanWalkingProcess
225,CarryingWhileLocomoting,CarryingWhileLocomoting,HumanWalkingProcess
226,CarryingWhileLocomoting,CarryingWhileLocomoting,HumanWalkingProcess
227,CarryingWhileLocomoting,CarryingWhileLocomoting,HumanWalkingProcess
228,CarryingWhileLocomoting,CarryingWhileLocomoting,HumanWalkingProcess
229,CarryingWhileLocomoting,CarryingWhileLocomoting,HumanWalkingProcess
230,CarryingWhileLocomoting,CarryingWhileLocomoting,HumanWalkingProcess
231,CarryingWhileLocomoting,CarryingWhileLocomoting,HumanWalkingProcess
232,CarryingWhileLocomoting,CarryingWhileLocomoting,HumanWalkingProcess
233,CarryingWhileLocomoting,CarryingWhileLocomoting,HumanWalkingProcess
234,CarryingWhileLocomoting,CarryingWhileLocomoting,HumanWalkingProcess
235,CarryingWhileLocomoting,CarryingWhileLocomoting,HumanWalkingProcess
236,CarryingWhileLocomoting,CarryingWhileLocomoting,HumanWalkingProcess
237,CarryingWhileLocomoting,CarryingWhileLocomoting,HumanWalkingProcess
238,CarryingWhileLocomoting,CarryingWhileLocomoting,HumanWalkingProcess
239,CarryingWhileLocomoting,CarryingWhileLocomoting,HumanWalkingProcess
240,CarryingWhileLocomoting,CarryingWhileLocomoting,HumanWalkingProcess
241,CarryingWhileLocomoting,CarryingWhileLocomoting,HumanWalkingProcess
242,CarryingWhileLocomoting,CarryingWhileLocomoting,HumanWalkingProcess
243,CarryingWhileLocomoting,CarryingWhileLocomoting,HumanWalkingProcess
244,CarryingWhileLocomoting,CarryingWhileLocomoting,HumanWalkingProcess
245,CarryingWhileLocomoting,CarryingWhileLocomoting,HumanWalkingProcess
246,CarryingWhileLocomoting,CarryingWhileLocomoting,HumanWalkingProcess
247,CarryingWhileLocomoting,CarryingWhileLocomoting,HumanWalkingProcess
248,CarryingWhileLocomoting,CarryingWhileLocomoting,HumanWalkingProcess
249,CarryingWhileLocomoting,CarryingWhileLocomoting,HumanWalkingProcess
250,CarryingWhileLocomoting,CarryingWhileLocomoting,HumanWalkingProcess
251,CarryingWhileLocomoting,CarryingWhileLocomoting,HumanWalkingProcess
252,CarryingWhileLocomoting,CarryingWhileLocomoting,HumanWalkingProcess
253,CarryingWhileLocomoting,CarryingWhileLocomoting,HumanWalkingProcess
254,CarryingWhileLocomoting,CarryingWhileLocomoting,HumanWalkingProcess
255,CarryingWhileLocomoting,CarryingWhileLocomoting,HumanWalkingProcess
256,CarryingWhileLocomoting,CarryingWhileLocomoting,HumanWalkingProcess
257,CarryingWhileLocomoting,CarryingWhileLocomoting,HumanWalkingProcess
258,CarryingWhileLocomoting,CarryingWhileLocomoting,HumanWalkingProcess
259,CarryingWhileLocomoting,CarryingWhileLocomoting,HumanWalkingProcess
260,CarryingWhileLocomoting,CarryingWhileLocomoting,HumanWalkingProcess
261,CarryingWhileLocomoting,CarryingWhileLocomoting,HumanWalkingProcess
262,CarryingWhileLocomoting,CarryingWhileLocomoting,HumanWalkingProcess
263,CarryingWhileLocomoting,CarryingWhileLocomoting,HumanWalkingProcess
264,CarryingWhileLocomoting,CarryingWhileLocomoting,HumanWalkingProcess
265,CarryingWhileLocomoting,CarryingWhileLocomoting,HumanWalkingProcess
266,CarryingWhileLocomoting,CarryingWhileLocomoting,HumanWalkingProcess
267,CarryingWhileLocomoting,CarryingWhileLocomoting,HumanWalkingProcess
268,CarryingWhileLocomoting,CarryingWhileLocomoting,HumanWalkingProcess
269,CarryingWhileLocomoting,CarryingWhileLocomoting,HumanWalkingProcess
270,CarryingWhileLocomoting,CarryingWhileLocomoting,HumanWalkingProcess
271,CarryingWhileLocomoting,CarryingWhileLocomoting,HumanWalkingProcess
272,CarryingWhileLocomoting,CarryingWhileLocomoting,HumanWalkingProcess
273,CarryingWhileLocomoting,CarryingWhileLocomoting,HumanWalkingProcess
274,CarryingWhileLocomoting,CarryingWhileLocomoting,HumanWalkingProcess
275,CarryingWhileLocomoting,CarryingWhileLocomoting,HumanWalkingProcess
276,CarryingWhileLocomoting,CarryingWhileLocomoting,HumanWalkingProcess
277,CarryingWhileLocomoting,CarryingWhileLocomoting,HumanWalkingProcess
278,CarryingWhileLocomoting,CarryingWhileLocomoting,HumanWalkingProcess
279,CarryingWhileLocomoting,CarryingWhileLocomoting,HumanWalkingProcess
280,CarryingWhileLocomoting,CarryingWhileLocomoting,HumanWalkingProcess
281,CarryingWhileLocomoting,CarryingWhileLocomoting,HumanWalkingProcess
282,CarryingWhileLocomoting,CarryingWhileLocomoting,HumanWalkingProcess
283,CarryingWhileLocomoting,CarryingWhileLocomoting,HumanWalkingProcess
284,CarryingWhileLocomoting,CarryingWhileLocomoting,HumanWalkingProcess
285,CarryingWhileLocomoting,CarryingWhileLocomoting,HumanWalkingProcess
286,Reaching,CarryingWhileLocomoting,HumanWalkingProcess
287,Reaching,CarryingWhileLocomoting,HumanWalkingProcess
288,Reaching,CarryingWhileLocomoting,HumanWalkingProcess
289,Reaching,CarryingWhileLocomoting,HumanWalkingProcess
290,Reaching,CarryingWhileLocomoting,HumanWalkingProcess
291,Reaching,CarryingWhileLocomoting,HumanWalkingProcess
292,Reaching,CarryingWhileLocomoting,HumanWalkingProcess
293,Reaching,CarryingWhileLocomoting,HumanWalkingProcess
294,Reaching,CarryingWhileLocomoting,HumanWalkingProcess
295,Reaching,CarryingWhileLocomoting,HumanWalkingProcess
296,Reaching,CarryingWhileLocomoting,HumanWalkingProcess
297,Reaching,CarryingWhileLocomoting,HumanWalkingProcess
298,Reaching,CarryingWhileLocomoting,HumanWalkingProcess
299,Reaching,CarryingWhileLocomoting,HumanWalkingProcess
300,Reaching,CarryingWhileLocomoting,HumanWalkingProcess
301,Reaching,CarryingWhileLocomoting,HumanWalkingProcess
302,Reaching,CarryingWhileLocomoting,HumanWalkingProcess
303,Reaching,Reaching,HumanWalkingProcess
304,Reaching,Reaching,HumanWalkingProcess
305,Reaching,Reaching,HumanWalkingProcess
306,OpeningADoor,Reaching,HumanWalkingProcess
307,OpeningADoor,Reaching,HumanWalkingProcess
308,OpeningADoor,Reaching,StandingStill
309,OpeningADoor,Reaching,StandingStill
310,OpeningADoor,Reaching,StandingStill
311,OpeningADoor,Reaching,StandingStill
312,OpeningADoor,Reaching,StandingStill
313,OpeningADoor,Reaching,StandingStill
314,OpeningADoor,Reaching,StandingStill
315,OpeningADoor,Reaching,StandingStill
316,OpeningADoor,Reaching,StandingStill
317,OpeningADoor,Reaching,StandingStill
318,OpeningADoor,Reaching,StandingStill
319,OpeningADoor,Reaching,StandingStill
320,OpeningADoor,Reaching,StandingStill
321,OpeningADoor,Reaching,StandingStill
322,OpeningADoor,Reaching,StandingStill
323,OpeningADoor,Reaching,StandingStill
324,OpeningADoor,Reaching,StandingStill
325,OpeningADoor,Reaching,StandingStill
326,OpeningADoor,Reaching,StandingStill
327,OpeningADoor,Reaching,StandingStill
328,OpeningADoor,Reaching,StandingStill
329,OpeningADoor,Reaching,StandingStill
330,OpeningADoor,Reaching,StandingStill
331,OpeningADoor,Reaching,StandingStill
332,OpeningADoor,Reaching,StandingStill
333,OpeningADoor,Reaching,StandingStill
334,OpeningADoor,Reaching,StandingStill
335,OpeningADoor,Reaching,StandingStill
336,OpeningADoor,TakingSomething,StandingStill
337,OpeningADoor,TakingSomething,StandingStill
338,OpeningADoor,TakingSomething,StandingStill
339,OpeningADoor,TakingSomething,StandingStill
340,OpeningADoor,TakingSomething,StandingStill
341,OpeningADoor,TakingSomething,StandingStill
342,OpeningADoor,TakingSomething,StandingStill
343,OpeningADoor,TakingSomething,StandingStill
344,Reaching,TakingSomething,StandingStill
345,Reaching,TakingSomething,StandingStill
346,Reaching,TakingSomething,StandingStill
347,Reaching,TakingSomething,StandingStill
348,Reaching,TakingSomething,StandingStill
349,Reaching,TakingSomething,StandingStill
350,Reaching,TakingSomething,StandingStill
351,Reaching,TakingSomething,StandingStill
352,Reaching,TakingSomething,StandingStill
353,Reaching,TakingSomething,StandingStill
354,Reaching,TakingSomething,StandingStill
355,Reaching,TakingSomething,StandingStill
356,Reaching,TakingSomething,StandingStill
357,Reaching,TakingSomething,StandingStill
358,Reaching,TakingSomething,StandingStill
359,Reaching,TakingSomething,StandingStill
360,Reaching,CarryingWhileLocomoting,StandingStill
361,Reaching,CarryingWhileLocomoting,StandingStill
362,Reaching,CarryingWhileLocomoting,StandingStill
363,Reaching,CarryingWhileLocomoting,StandingStill
364,Reaching,CarryingWhileLocomoting,StandingStill
365,Reaching,CarryingWhileLocomoting,StandingStill
366,Reaching,CarryingWhileLocomoting,StandingStill
367,Reaching,CarryingWhileLocomoting,StandingStill
368,TakingSomething,CarryingWhileLocomoting,StandingStill
369,TakingSomething,CarryingWhileLocomoting,StandingStill
370,TakingSomething,CarryingWhileLocomoting,StandingStill
371,TakingSomething,CarryingWhileLocomoting,StandingStill
372,TakingSomething,CarryingWhileLocomoting,StandingStill
373,TakingSomething,CarryingWhileLocomoting,StandingStill
374,TakingSomething,CarryingWhileLocomoting,StandingStill
375,TakingSomething,CarryingWhileLocomoting,StandingStill
376,TakingSomething,CarryingWhileLocomoting,StandingStill
377,TakingSomething,CarryingWhileLocomoting,StandingStill
378,TakingSomething,CarryingWhileLocomoting,StandingStill
379,TakingSomething,CarryingWhileLocomoting,StandingStill
380,TakingSomething,CarryingWhileLocomoting,StandingStill
381,TakingSomething,CarryingWhileLocomoting,StandingStill
382,TakingSomething,CarryingWhileLocomoting,StandingStill
383,TakingSomething,CarryingWhileLocomoting,StandingStill
384,TakingSomething,CarryingWhileLocomoting,StandingStill
385,TakingSomething,CarryingWhileLocomoting,StandingStill
386,TakingSomething,CarryingWhileLocomoting,StandingStill
387,TakingSomething,CarryingWhileLocomoting,StandingStill
388,TakingSomething,CarryingWhileLocomoting,StandingStill
389,TakingSomething,CarryingWhileLocomoting,StandingStill
390,LoweringAnObject,CarryingWhileLocomoting,StandingStill
391,LoweringAnObject,CarryingWhileLocomoting,StandingStill
392,LoweringAnObject,CarryingWhileLocomoting,StandingStill
393,LoweringAnObject,CarryingWhileLocomoting,StandingStill
394,LoweringAnObject,CarryingWhileLocomoting,StandingStill
395,LoweringAnObject,CarryingWhileLocomoting,StandingStill
396,LoweringAnObject,CarryingWhileLocomoting,StandingStill
397,LoweringAnObject,CarryingWhileLocomoting,StandingStill
398,LoweringAnObject,CarryingWhileLocomoting,StandingStill
399,LoweringAnObject,CarryingWhileLocomoting,StandingStill
400,LoweringAnObject,CarryingWhileLocomoting,StandingStill
401,LoweringAnObject,CarryingWhileLocomoting,StandingStill
402,LoweringAnObject,CarryingWhileLocomoting,StandingStill
403,LoweringAnObject,CarryingWhileLocomoting,StandingStill
404,LoweringAnObject,CarryingWhileLocomoting,StandingStill
405,LoweringAnObject,CarryingWhileLocomoting,StandingStill
406,LoweringAnObject,CarryingWhileLocomoting,StandingStill
407,LoweringAnObject,CarryingWhileLocomoting,StandingStill
408,LoweringAnObject,CarryingWhileLocomoting,StandingStill
409,LoweringAnObject,CarryingWhileLocomoting,StandingStill
410,LoweringAnObject,CarryingWhileLocomoting,StandingStill
411,LoweringAnObject,CarryingWhileLocomoting,StandingStill
412,LoweringAnObject,CarryingWhileLocomoting,StandingStill
413,LoweringAnObject,CarryingWhileLocomoting,StandingStill
414,Reaching,CarryingWhileLocomoting,StandingStill
415,Reaching,CarryingWhileLocomoting,StandingStill
416,Reaching,CarryingWhileLocomoting,StandingStill
417,Reaching,CarryingWhileLocomoting,StandingStill
418,Reaching,CarryingWhileLocomoting,StandingStill
419,Reaching,CarryingWhileLocomoting,StandingStill
420,Reaching,CarryingWhileLocomoting,StandingStill
421,Reaching,CarryingWhileLocomoting,StandingStill
422,Reaching,CarryingWhileLocomoting,StandingStill
423,ClosingADoor,CarryingWhileLocomoting,StandingStill
424,ClosingADoor,CarryingWhileLocomoting,StandingStill
425,ClosingADoor,CarryingWhileLocomoting,StandingStill
426,ClosingADoor,CarryingWhileLocomoting,StandingStill
427,ClosingADoor,CarryingWhileLocomoting,StandingStill
428,ClosingADoor,CarryingWhileLocomoting,StandingStill
429,ClosingADoor,CarryingWhileLocomoting,StandingStill
430,ClosingADoor,CarryingWhileLocomoting,StandingStill
431,ClosingADoor,CarryingWhileLocomoting,StandingStill
432,ClosingADoor,CarryingWhileLocomoting,StandingStill
433,ClosingADoor,CarryingWhileLocomoting,StandingStill
434,ClosingADoor,CarryingWhileLocomoting,StandingStill
435,ClosingADoor,CarryingWhileLocomoting,StandingStill
436,ClosingADoor,CarryingWhileLocomoting,StandingStill
437,ClosingADoor,CarryingWhileLocomoting,StandingStill
438,ClosingADoor,CarryingWhileLocomoting,StandingStill
439,ClosingADoor,CarryingWhileLocomoting,StandingStill
440,ClosingADoor,CarryingWhileLocomoting,StandingStill
441,ClosingADoor,CarryingWhileLocomoting,StandingStill
442,ClosingADoor,CarryingWhileLocomoting,StandingStill
443,ClosingADoor,CarryingWhileLocomoting,StandingStill
444,ClosingADoor,CarryingWhileLocomoting,StandingStill
445,ClosingADoor,CarryingWhileLocomoting,StandingStill
446,ClosingADoor,CarryingWhileLocomoting,StandingStill
447,ClosingADoor,CarryingWhileLocomoting,StandingStill
448,ClosingADoor,CarryingWhileLocomoting,StandingStill
449,ClosingADoor,CarryingWhileLocomoting,StandingStill
450,ClosingADoor,CarryingWhileLocomoting,StandingStill
451,ClosingADoor,CarryingWhileLocomoting,StandingStill
452,ReleasingGraspOfSomething,CarryingWhileLocomoting,StandingStill
453,ReleasingGraspOfSomething,CarryingWhileLocomoting,StandingStill
454,ReleasingGraspOfSomething,CarryingWhileLocomoting,StandingStill
455,ReleasingGraspOfSomething,CarryingWhileLocomoting,StandingStill
456,ReleasingGraspOfSomething,CarryingWhileLocomoting,StandingStill
457,ReleasingGraspOfSomething,CarryingWhileLocomoting,StandingStill
458,ReleasingGraspOfSomething,CarryingWhileLocomoting,StandingStill
459,Reaching,CarryingWhileLocomoting,StandingStill
460,Reaching,CarryingWhileLocomoting,StandingStill
461,Reaching,CarryingWhileLocomoting,StandingStill
462,Reaching,CarryingWhileLocomoting,StandingStill
463,Reaching,CarryingWhileLocomoting,StandingStill
464,Reaching,CarryingWhileLocomoting,StandingStill
465,Reaching,CarryingWhileLocomoting,StandingStill
466,Reaching,CarryingWhileLocomoting,StandingStill
467,Reaching,CarryingWhileLocomoting,StandingStill
468,Reaching,CarryingWhileLocomoting,StandingStill
469,Reaching,CarryingWhileLocomoting,StandingStill
470,Reaching,CarryingWhileLocomoting,StandingStill
471,Reaching,CarryingWhileLocomoting,StandingStill
472,Reaching,CarryingWhileLocomoting,StandingStill
473,Reaching,CarryingWhileLocomoting,StandingStill
474,Reaching,CarryingWhileLocomoting,StandingStill
475,Reaching,CarryingWhileLocomoting,StandingStill
476,Reaching,CarryingWhileLocomoting,StandingStill
477,TakingSomething,CarryingWhileLocomoting,StandingStill
478,TakingSomething,CarryingWhileLocomoting,StandingStill
479,TakingSomething,CarryingWhileLocomoting,StandingStill
480,TakingSomething,CarryingWhileLocomoting,StandingStill
481,TakingSomething,CarryingWhileLocomoting,StandingStill
482,TakingSomething,CarryingWhileLocomoting,StandingStill
483,TakingSomething,CarryingWhileLocomoting,StandingStill
484,TakingSomething,CarryingWhileLocomoting,StandingStill
485,TakingSomething,CarryingWhileLocomoting,StandingStill
486,TakingSomething,CarryingWhileLocomoting,StandingStill
487,TakingSomething,CarryingWhileLocomoting,StandingStill
488,TakingSomething,CarryingWhileLocomoting,StandingStill
489,TakingSomething,CarryingWhileLocomoting,HumanWalkingProcess
490,TakingSomething,CarryingWhileLocomoting,HumanWalkingProcess
491,CarryingWhileLocomoting,CarryingWhileLocomoting,HumanWalkingProcess
492,CarryingWhileLocomoting,CarryingWhileLocomoting,HumanWalkingProcess
493,CarryingWhileLocomoting,CarryingWhileLocomoting,HumanWalkingProcess
494,CarryingWhileLocomoting,CarryingWhileLocomoting,HumanWalkingProcess
495,CarryingWhileLocomoting,CarryingWhileLocomoting,HumanWalkingProcess
496,CarryingWhileLocomoting,CarryingWhileLocomoting,HumanWalkingProcess
497,CarryingWhileLocomoting,CarryingWhileLocomoting,HumanWalkingProcess
498,CarryingWhileLocomoting,CarryingWhileLocomoting,HumanWalkingProcess
499,CarryingWhileLocomoting,CarryingWhileLocomoting,HumanWalkingProcess
500,CarryingWhileLocomoting,CarryingWhileLocomoting,HumanWalkingProcess
501,CarryingWhileLocomoting,CarryingWhileLocomoting,HumanWalkingProcess
502,CarryingWhileLocomoting,CarryingWhileLocomoting,HumanWalkingProcess
503,CarryingWhileLocomoting,CarryingWhileLocomoting,HumanWalkingProcess
504,CarryingWhileLocomoting,CarryingWhileLocomoting,HumanWalkingProcess
505,CarryingWhileLocomoting,CarryingWhileLocomoting,HumanWalkingProcess
506,CarryingWhileLocomoting,CarryingWhileLocomoting,HumanWalkingProcess
507,CarryingWhileLocomoting,CarryingWhileLocomoting,HumanWalkingProcess
508,CarryingWhileLocomoting,CarryingWhileLocomoting,HumanWalkingProcess
509,CarryingWhileLocomoting,CarryingWhileLocomoting,HumanWalkingProcess
510,CarryingWhileLocomoting,CarryingWhileLocomoting,HumanWalkingProcess
511,CarryingWhileLocomoting,CarryingWhileLocomoting,HumanWalkingProcess
512,CarryingWhileLocomoting,CarryingWhileLocomoting,HumanWalkingProcess
513,CarryingWhileLocomoting,CarryingWhileLocomoting,HumanWalkingProcess
514,CarryingWhileLocomoting,CarryingWhileLocomoting,HumanWalkingProcess
515,CarryingWhileLocomoting,CarryingWhileLocomoting,HumanWalkingProcess
516,CarryingWhileLocomoting,CarryingWhileLocomoting,HumanWalkingProcess
517,CarryingWhileLocomoting,CarryingWhileLocomoting,HumanWalkingProcess
518,LoweringAnObject,CarryingWhileLocomoting,HumanWalkingProcess
519,LoweringAnObject,CarryingWhileLocomoting,HumanWalkingProcess
520,LoweringAnObject,CarryingWhileLocomoting,HumanWalkingProcess
521,LoweringAnObject,CarryingWhileLocomoting,HumanWalkingProcess
522,LoweringAnObject,CarryingWhileLocomoting,HumanWalkingProcess
523,LoweringAnObject,CarryingWhileLocomoting,HumanWalkingProcess
524,LoweringAnObject,CarryingWhileLocomoting,HumanWalkingProcess
525,LoweringAnObject,CarryingWhileLocomoting,HumanWalkingProcess
526,LoweringAnObject,CarryingWhileLocomoting,HumanWalkingProcess
527,LoweringAnObject,CarryingWhileLocomoting,HumanWalkingProcess
528,LoweringAnObject,CarryingWhileLocomoting,HumanWalkingProcess
529,LoweringAnObject,CarryingWhileLocomoting,HumanWalkingProcess
530,LoweringAnObject,CarryingWhileLocomoting,HumanWalkingProcess
531,LoweringAnObject,CarryingWhileLocomoting,HumanWalkingProcess
532,LoweringAnObject,CarryingWhileLocomoting,HumanWalkingProcess
533,LoweringAnObject,CarryingWhileLocomoting,HumanWalkingProcess
534,LoweringAnObject,CarryingWhileLocomoting,HumanWalkingProcess
535,LoweringAnObject,CarryingWhileLocomoting,HumanWalkingProcess
536,LoweringAnObject,CarryingWhileLocomoting,HumanWalkingProcess
537,LoweringAnObject,CarryingWhileLocomoting,HumanWalkingProcess
538,LoweringAnObject,CarryingWhileLocomoting,HumanWalkingProcess
539,LoweringAnObject,CarryingWhileLocomoting,HumanWalkingProcess
540,LoweringAnObject,CarryingWhileLocomoting,HumanWalkingProcess
541,LoweringAnObject,CarryingWhileLocomoting,HumanWalkingProcess
542,LoweringAnObject,CarryingWhileLocomoting,HumanWalkingProcess
543,LoweringAnObject,CarryingWhileLocomoting,HumanWalkingProcess
544,LoweringAnObject,CarryingWhileLocomoting,HumanWalkingProcess
545,LoweringAnObject,CarryingWhileLocomoting,HumanWalkingProcess
546,LoweringAnObject,CarryingWhileLocomoting,HumanWalkingProcess
547,LoweringAnObject,CarryingWhileLocomoting,HumanWalkingProcess
548,LoweringAnObject,CarryingWhileLocomoting,HumanWalkingProcess
549,LoweringAnObject,CarryingWhileLocomoting,HumanWalkingProcess
550,LoweringAnObject,CarryingWhileLocomoting,HumanWalkingProcess
551,LoweringAnObject,CarryingWhileLocomoting,HumanWalkingProcess
552,LoweringAnObject,CarryingWhileLocomoting,HumanWalkingProcess
553,LoweringAnObject,CarryingWhileLocomoting,HumanWalkingProcess
554,LoweringAnObject,CarryingWhileLocomoting,HumanWalkingProcess
555,ReleasingGraspOfSomething,CarryingWhileLocomoting,StandingStill
556,ReleasingGraspOfSomething,CarryingWhileLocomoting,StandingStill
557,ReleasingGraspOfSomething,CarryingWhileLocomoting,StandingStill
558,ReleasingGraspOfSomething,CarryingWhileLocomoting,StandingStill
559,ReleasingGraspOfSomething,LoweringAnObject,StandingStill
560,ReleasingGraspOfSomething,LoweringAnObject,StandingStill
561,ReleasingGraspOfSomething,LoweringAnObject,StandingStill
562,ReleasingGraspOfSomething,LoweringAnObject,StandingStill
563,ReleasingGraspOfSomething,LoweringAnObject,StandingStill
564,ReleasingGraspOfSomething,LoweringAnObject,StandingStill
565,ReleasingGraspOfSomething,LoweringAnObject,StandingStill
566,ReleasingGraspOfSomething,LoweringAnObject,StandingStill
567,ReleasingGraspOfSomething,LoweringAnObject,StandingStill
568,CarryingWhileLocomoting,LoweringAnObject,StandingStill
569,CarryingWhileLocomoting,LoweringAnObject,StandingStill
570,CarryingWhileLocomoting,LoweringAnObject,StandingStill
571,CarryingWhileLocomoting,LoweringAnObject,StandingStill
572,CarryingWhileLocomoting,LoweringAnObject,StandingStill
573,CarryingWhileLocomoting,LoweringAnObject,StandingStill
574,CarryingWhileLocomoting,LoweringAnObject,StandingStill
575,CarryingWhileLocomoting,LoweringAnObject,StandingStill
576,CarryingWhileLocomoting,LoweringAnObject,StandingStill
577,CarryingWhileLocomoting,LoweringAnObject,StandingStill
578,CarryingWhileLocomoting,LoweringAnObject,StandingStill
579,CarryingWhileLocomoting,LoweringAnObject,StandingStill
580,CarryingWhileLocomoting,LoweringAnObject,StandingStill
581,CarryingWhileLocomoting,LoweringAnObject,StandingStill
582,CarryingWhileLocomoting,LoweringAnObject,StandingStill
583,CarryingWhileLocomoting,LoweringAnObject,StandingStill
584,CarryingWhileLocomoting,LoweringAnObject,StandingStill
585,CarryingWhileLocomoting,LoweringAnObject,StandingStill
586,CarryingWhileLocomoting,LoweringAnObject,StandingStill
587,CarryingWhileLocomoting,LoweringAnObject,StandingStill
588,CarryingWhileLocomoting,LoweringAnObject,StandingStill
589,CarryingWhileLocomoting,LoweringAnObject,StandingStill
590,CarryingWhileLocomoting,LoweringAnObject,StandingStill
591,CarryingWhileLocomoting,LoweringAnObject,StandingStill
592,CarryingWhileLocomoting,LoweringAnObject,StandingStill
593,CarryingWhileLocomoting,LoweringAnObject,StandingStill
594,CarryingWhileLocomoting,LoweringAnObject,StandingStill
595,CarryingWhileLocomoting,LoweringAnObject,StandingStill
596,CarryingWhileLocomoting,ReleasingGraspOfSomething,StandingStill
597,CarryingWhileLocomoting,ReleasingGraspOfSomething,StandingStill
598,CarryingWhileLocomoting,ReleasingGraspOfSomething,StandingStill
599,CarryingWhileLocomoting,ReleasingGraspOfSomething,StandingStill
600,CarryingWhileLocomoting,ReleasingGraspOfSomething,StandingStill
601,CarryingWhileLocomoting,ReleasingGraspOfSomething,StandingStill
602,CarryingWhileLocomoting,ReleasingGraspOfSomething,StandingStill
603,CarryingWhileLocomoting,ReleasingGraspOfSomething,StandingStill
604,CarryingWhileLocomoting,ReleasingGraspOfSomething,StandingStill
605,CarryingWhileLocomoting,ReleasingGraspOfSomething,StandingStill
606,CarryingWhileLocomoting,ReleasingGraspOfSomething,StandingStill
607,CarryingWhileLocomoting,ReleasingGraspOfSomething,StandingStill
608,CarryingWhileLocomoting,ReleasingGraspOfSomething,HumanWalkingProcess
609,CarryingWhileLocomoting,ReleasingGraspOfSomething,HumanWalkingProcess
610,CarryingWhileLocomoting,ReleasingGraspOfSomething,HumanWalkingProcess
611,CarryingWhileLocomoting,ReleasingGraspOfSomething,HumanWalkingProcess
612,CarryingWhileLocomoting,CarryingWhileLocomoting,HumanWalkingProcess
613,CarryingWhileLocomoting,CarryingWhileLocomoting,HumanWalkingProcess
614,CarryingWhileLocomoting,CarryingWhileLocomoting,HumanWalkingProcess
615,CarryingWhileLocomoting,CarryingWhileLocomoting,HumanWalkingProcess
616,CarryingWhileLocomoting,CarryingWhileLocomoting,HumanWalkingProcess
617,CarryingWhileLocomoting,CarryingWhileLocomoting,HumanWalkingProcess
618,CarryingWhileLocomoting,CarryingWhileLocomoting,HumanWalkingProcess
619,CarryingWhileLocomoting,CarryingWhileLocomoting,HumanWalkingProcess
620,CarryingWhileLocomoting,CarryingWhileLocomoting,HumanWalkingProcess
621,CarryingWhileLocomoting,CarryingWhileLocomoting,HumanWalkingProcess
622,CarryingWhileLocomoting,CarryingWhileLocomoting,HumanWalkingProcess
623,CarryingWhileLocomoting,CarryingWhileLocomoting,HumanWalkingProcess
624,CarryingWhileLocomoting,CarryingWhileLocomoting,HumanWalkingProcess
625,CarryingWhileLocomoting,CarryingWhileLocomoting,HumanWalkingProcess
626,CarryingWhileLocomoting,CarryingWhileLocomoting,HumanWalkingProcess
627,CarryingWhileLocomoting,CarryingWhileLocomoting,HumanWalkingProcess
628,CarryingWhileLocomoting,CarryingWhileLocomoting,HumanWalkingProcess
629,CarryingWhileLocomoting,CarryingWhileLocomoting,HumanWalkingProcess
630,CarryingWhileLocomoting,CarryingWhileLocomoting,HumanWalkingProcess
631,CarryingWhileLocomoting,CarryingWhileLocomoting,HumanWalkingProcess
632,CarryingWhileLocomoting,CarryingWhileLocomoting,HumanWalkingProcess
633,CarryingWhileLocomoting,CarryingWhileLocomoting,HumanWalkingProcess
634,CarryingWhileLocomoting,CarryingWhileLocomoting,HumanWalkingProcess
635,CarryingWhileLocomoting,CarryingWhileLocomoting,HumanWalkingProcess
636,CarryingWhileLocomoting,CarryingWhileLocomoting,HumanWalkingProcess
637,CarryingWhileLocomoting,CarryingWhileLocomoting,HumanWalkingProcess
638,CarryingWhileLocomoting,CarryingWhileLocomoting,HumanWalkingProcess
639,CarryingWhileLocomoting,CarryingWhileLocomoting,HumanWalkingProcess
640,CarryingWhileLocomoting,CarryingWhileLocomoting,HumanWalkingProcess
641,CarryingWhileLocomoting,CarryingWhileLocomoting,HumanWalkingProcess
642,CarryingWhileLocomoting,CarryingWhileLocomoting,HumanWalkingProcess
643,CarryingWhileLocomoting,CarryingWhileLocomoting,HumanWalkingProcess
644,CarryingWhileLocomoting,CarryingWhileLocomoting,HumanWalkingProcess
645,CarryingWhileLocomoting,CarryingWhileLocomoting,HumanWalkingProcess
646,CarryingWhileLocomoting,CarryingWhileLocomoting,HumanWalkingProcess
647,CarryingWhileLocomoting,CarryingWhileLocomoting,HumanWalkingProcess
648,CarryingWhileLocomoting,CarryingWhileLocomoting,HumanWalkingProcess
649,CarryingWhileLocomoting,CarryingWhileLocomoting,HumanWalkingProcess
650,CarryingWhileLocomoting,CarryingWhileLocomoting,HumanWalkingProcess
651,CarryingWhileLocomoting,CarryingWhileLocomoting,StandingStill
652,CarryingWhileLocomoting,Reaching,StandingStill
653,CarryingWhileLocomoting,Reaching,StandingStill
654,CarryingWhileLocomoting,Reaching,StandingStill
655,CarryingWhileLocomoting,Reaching,StandingStill
656,CarryingWhileLocomoting,Reaching,StandingStill
657,CarryingWhileLocomoting,Reaching,StandingStill
658,CarryingWhileLocomoting,Reaching,StandingStill
659,CarryingWhileLocomoting,Reaching,StandingStill
660,CarryingWhileLocomoting,Reaching,StandingStill
661,CarryingWhileLocomoting,Reaching,StandingStill
662,CarryingWhileLocomoting,Reaching,StandingStill
663,CarryingWhileLocomoting,Reaching,StandingStill
664,CarryingWhileLocomoting,Reaching,StandingStill
665,CarryingWhileLocomoting,Reaching,StandingStill
666,CarryingWhileLocomoting,Reaching,StandingStill
667,CarryingWhileLocomoting,Reaching,StandingStill
668,CarryingWhileLocomoting,Reaching,StandingStill
669,CarryingWhileLocomoting,OpeningADrawer,StandingStill
670,Reaching,OpeningADrawer,StandingStill
671,Reaching,OpeningADrawer,StandingStill
672,Reaching,OpeningADrawer,StandingStill
673,Reaching,OpeningADrawer,StandingStill
674,Reaching,OpeningADrawer,StandingStill
675,Reaching,OpeningADrawer,StandingStill
676,Reaching,OpeningADrawer,StandingStill
677,Reaching,OpeningADrawer,StandingStill
678,Reaching,OpeningADrawer,StandingStill
679,Reaching,OpeningADrawer,StandingStill
680,Reaching,OpeningADrawer,StandingStill
681,Reaching,OpeningADrawer,StandingStill
682,Reaching,OpeningADrawer,StandingStill
683,Reaching,OpeningADrawer,StandingStill
684,Reaching,OpeningADrawer,StandingStill
685,Reaching,OpeningADrawer,StandingStill
686,Reaching,OpeningADrawer,StandingStill
687,Reaching,OpeningADrawer,StandingStill
688,Reaching,OpeningADrawer,StandingStill
689,Reaching,OpeningADrawer,StandingStill
690,Reaching,OpeningADrawer,StandingStill
691,Reaching,OpeningADrawer,StandingStill
692,Reaching,OpeningADrawer,StandingStill
693,Reaching,OpeningADrawer,StandingStill
694,Reaching,OpeningADrawer,StandingStill
695,TakingSomething,OpeningADrawer,StandingStill
696,TakingSomething,OpeningADrawer,StandingStill
697,TakingSomething,OpeningADrawer,StandingStill
698,TakingSomething,OpeningADrawer,StandingStill
699,TakingSomething,OpeningADrawer,StandingStill
700,TakingSomething,OpeningADrawer,StandingStill
701,TakingSomething,OpeningADrawer,StandingStill
702,TakingSomething,OpeningADrawer,StandingStill
703,TakingSomething,OpeningADrawer,StandingStill
704,TakingSomething,OpeningADrawer,StandingStill
705,TakingSomething,OpeningADrawer,StandingStill
706,TakingSomething,OpeningADrawer,StandingStill
707,TakingSomething,OpeningADrawer,StandingStill
708,TakingSomething,OpeningADrawer,StandingStill
709,TakingSomething,OpeningADrawer,StandingStill
710,TakingSomething,OpeningADrawer,StandingStill
711,TakingSomething,OpeningADrawer,StandingStill
712,TakingSomething,OpeningADrawer,StandingStill
713,TakingSomething,OpeningADrawer,StandingStill
714,TakingSomething,OpeningADrawer,StandingStill
715,TakingSomething,OpeningADrawer,StandingStill
716,TakingSomething,OpeningADrawer,StandingStill
717,TakingSomething,OpeningADrawer,StandingStill
718,TakingSomething,OpeningADrawer,StandingStill
719,TakingSomething,OpeningADrawer,StandingStill
720,TakingSomething,OpeningADrawer,StandingStill
721,TakingSomething,OpeningADrawer,StandingStill
722,TakingSomething,OpeningADrawer,StandingStill
723,TakingSomething,OpeningADrawer,StandingStill
724,TakingSomething,OpeningADrawer,StandingStill
725,TakingSomething,OpeningADrawer,StandingStill
726,TakingSomething,OpeningADrawer,StandingStill
727,TakingSomething,OpeningADrawer,StandingStill
728,TakingSomething,OpeningADrawer,StandingStill
729,TakingSomething,OpeningADrawer,StandingStill
730,TakingSomething,OpeningADrawer,StandingStill
731,TakingSomething,OpeningADrawer,StandingStill
732,TakingSomething,OpeningADrawer,StandingStill
733,TakingSomething,OpeningADrawer,StandingStill
734,TakingSomething,OpeningADrawer,StandingStill
735,TakingSomething,OpeningADrawer,StandingStill
736,TakingSomething,OpeningADrawer,StandingStill
737,TakingSomething,OpeningADrawer,StandingStill
738,TakingSomething,ClosingADrawer,StandingStill
739,TakingSomething,ClosingADrawer,StandingStill
740,TakingSomething,ClosingADrawer,StandingStill
741,TakingSomething,ClosingADrawer,StandingStill
742,TakingSomething,ClosingADrawer,StandingStill
743,TakingSomething,ClosingADrawer,StandingStill
744,TakingSomething,ClosingADrawer,StandingStill
745,TakingSomething,ClosingADrawer,StandingStill
746,TakingSomething,ClosingADrawer,StandingStill
747,TakingSomething,ClosingADrawer,StandingStill
748,TakingSomething,ClosingADrawer,StandingStill
749,TakingSomething,ClosingADrawer,StandingStill
750,TakingSomething,ClosingADrawer,StandingStill
751,TakingSomething,ClosingADrawer,StandingStill
752,CarryingWhileLocomoting,ClosingADrawer,StandingStill
753,CarryingWhileLocomoting,ClosingADrawer,StandingStill
754,CarryingWhileLocomoting,ClosingADrawer,StandingStill
755,CarryingWhileLocomoting,ClosingADrawer,StandingStill
756,CarryingWhileLocomoting,ClosingADrawer,StandingStill
757,CarryingWhileLocomoting,ClosingADrawer,StandingStill
758,CarryingWhileLocomoting,ClosingADrawer,StandingStill
759,CarryingWhileLocomoting,ClosingADrawer,StandingStill
760,CarryingWhileLocomoting,ClosingADrawer,StandingStill
761,CarryingWhileLocomoting,ClosingADrawer,StandingStill
762,CarryingWhileLocomoting,ClosingADrawer,StandingStill
763,CarryingWhileLocomoting,ReleasingGraspOfSomething,StandingStill
764,CarryingWhileLocomoting,ReleasingGraspOfSomething,StandingStill
765,CarryingWhileLocomoting,ReleasingGraspOfSomething,StandingStill
766,CarryingWhileLocomoting,ReleasingGraspOfSomething,StandingStill
767,CarryingWhileLocomoting,ReleasingGraspOfSomething,StandingStill
768,CarryingWhileLocomoting,ReleasingGraspOfSomething,StandingStill
769,CarryingWhileLocomoting,ReleasingGraspOfSomething,StandingStill
770,CarryingWhileLocomoting,ReleasingGraspOfSomething,StandingStill
771,CarryingWhileLocomoting,ReleasingGraspOfSomething,HumanWalkingProcess
772,CarryingWhileLocomoting,ReleasingGraspOfSomething,HumanWalkingProcess
773,CarryingWhileLocomoting,ReleasingGraspOfSomething,HumanWalkingProcess
774,CarryingWhileLocomoting,ReleasingGraspOfSomething,HumanWalkingProcess
775,CarryingWhileLocomoting,CarryingWhileLocomoting,HumanWalkingProcess
776,CarryingWhileLocomoting,CarryingWhileLocomoting,HumanWalkingProcess
777,CarryingWhileLocomoting,CarryingWhileLocomoting,HumanWalkingProcess
778,CarryingWhileLocomoting,CarryingWhileLocomoting,HumanWalkingProcess
779,CarryingWhileLocomoting,CarryingWhileLocomoting,HumanWalkingProcess
780,CarryingWhileLocomoting,CarryingWhileLocomoting,HumanWalkingProcess
781,CarryingWhileLocomoting,CarryingWhileLocomoting,HumanWalkingProcess
782,CarryingWhileLocomoting,CarryingWhileLocomoting,HumanWalkingProcess
783,CarryingWhileLocomoting,CarryingWhileLocomoting,HumanWalkingProcess
784,CarryingWhileLocomoting,CarryingWhileLocomoting,HumanWalkingProcess
785,CarryingWhileLocomoting,CarryingWhileLocomoting,HumanWalkingProcess
786,CarryingWhileLocomoting,CarryingWhileLocomoting,HumanWalkingProcess
787,CarryingWhileLocomoting,CarryingWhileLocomoting,HumanWalkingProcess
788,CarryingWhileLocomoting,CarryingWhileLocomoting,HumanWalkingProcess
789,CarryingWhileLocomoting,CarryingWhileLocomoting,HumanWalkingProcess
790,CarryingWhileLocomoting,CarryingWhileLocomoting,HumanWalkingProcess
791,CarryingWhileLocomoting,CarryingWhileLocomoting,HumanWalkingProcess
792,CarryingWhileLocomoting,CarryingWhileLocomoting,HumanWalkingProcess
793,CarryingWhileLocomoting,CarryingWhileLocomoting,HumanWalkingProcess
794,CarryingWhileLocomoting,CarryingWhileLocomoting,HumanWalkingProcess
795,CarryingWhileLocomoting,CarryingWhileLocomoting,HumanWalkingProcess
796,CarryingWhileLocomoting,CarryingWhileLocomoting,HumanWalkingProcess
797,CarryingWhileLocomoting,CarryingWhileLocomoting,HumanWalkingProcess
798,CarryingWhileLocomoting,CarryingWhileLocomoting,HumanWalkingProcess
799,CarryingWhileLocomoting,CarryingWhileLocomoting,HumanWalkingProcess
800,CarryingWhileLocomoting,CarryingWhileLocomoting,HumanWalkingProcess
801,CarryingWhileLocomoting,CarryingWhileLocomoting,HumanWalkingProcess
802,CarryingWhileLocomoting,CarryingWhileLocomoting,HumanWalkingProcess
803,CarryingWhileLocomoting,CarryingWhileLocomoting,HumanWalkingProcess
804,CarryingWhileLocomoting,CarryingWhileLocomoting,HumanWalkingProcess
805,CarryingWhileLocomoting,CarryingWhileLocomoting,HumanWalkingProcess
806,CarryingWhileLocomoting,CarryingWhileLocomoting,HumanWalkingProcess
807,LoweringAnObject,CarryingWhileLocomoting,HumanWalkingProcess
808,LoweringAnObject,CarryingWhileLocomoting,HumanWalkingProcess
809,LoweringAnObject,CarryingWhileLocomoting,HumanWalkingProcess
810,LoweringAnObject,CarryingWhileLocomoting,HumanWalkingProcess
811,LoweringAnObject,CarryingWhileLocomoting,HumanWalkingProcess
812,LoweringAnObject,CarryingWhileLocomoting,HumanWalkingProcess
813,LoweringAnObject,CarryingWhileLocomoting,HumanWalkingProcess
814,LoweringAnObject,CarryingWhileLocomoting,HumanWalkingProcess
815,LoweringAnObject,CarryingWhileLocomoting,HumanWalkingProcess
816,LoweringAnObject,CarryingWhileLocomoting,HumanWalkingProcess
817,LoweringAnObject,CarryingWhileLocomoting,HumanWalkingProcess
818,LoweringAnObject,CarryingWhileLocomoting,HumanWalkingProcess
819,LoweringAnObject,CarryingWhileLocomoting,HumanWalkingProcess
820,LoweringAnObject,CarryingWhileLocomoting,HumanWalkingProcess
821,LoweringAnObject,CarryingWhileLocomoting,HumanWalkingProcess
822,LoweringAnObject,CarryingWhileLocomoting,HumanWalkingProcess
823,LoweringAnObject,CarryingWhileLocomoting,HumanWalkingProcess
824,LoweringAnObject,CarryingWhileLocomoting,HumanWalkingProcess
825,LoweringAnObject,CarryingWhileLocomoting,StandingStill
826,LoweringAnObject,CarryingWhileLocomoting,StandingStill
827,LoweringAnObject,CarryingWhileLocomoting,StandingStill
828,LoweringAnObject,LoweringAnObject,StandingStill
829,LoweringAnObject,LoweringAnObject,StandingStill
830,LoweringAnObject,LoweringAnObject,StandingStill
831,LoweringAnObject,LoweringAnObject,StandingStill
832,LoweringAnObject,LoweringAnObject,StandingStill
833,ReleasingGraspOfSomething,LoweringAnObject,StandingStill
834,ReleasingGraspOfSomething,LoweringAnObject,StandingStill
835,ReleasingGraspOfSomething,LoweringAnObject,StandingStill
836,ReleasingGraspOfSomething,LoweringAnObject,StandingStill
837,ReleasingGraspOfSomething,LoweringAnObject,StandingStill
838,ReleasingGraspOfSomething,LoweringAnObject,StandingStill
839,ReleasingGraspOfSomething,LoweringAnObject,StandingStill
840,ReleasingGraspOfSomething,LoweringAnObject,StandingStill
841,ReleasingGraspOfSomething,LoweringAnObject,StandingStill
842,ReleasingGraspOfSomething,LoweringAnObject,StandingStill
843,ReleasingGraspOfSomething,LoweringAnObject,StandingStill
844,ReleasingGraspOfSomething,LoweringAnObject,StandingStill
845,ReleasingGraspOfSomething,LoweringAnObject,StandingStill
846,ReleasingGraspOfSomething,LoweringAnObject,StandingStill
847,ReleasingGraspOfSomething,LoweringAnObject,StandingStill
848,ReleasingGraspOfSomething,LoweringAnObject,StandingStill
849,ReleasingGraspOfSomething,LoweringAnObject,StandingStill
850,ReleasingGraspOfSomething,LoweringAnObject,StandingStill
851,ReleasingGraspOfSomething,LoweringAnObject,StandingStill
852,ReleasingGraspOfSomething,LoweringAnObject,StandingStill
853,ReleasingGraspOfSomething,LoweringAnObject,StandingStill
854,ReleasingGraspOfSomething,LoweringAnObject,StandingStill
855,ReleasingGraspOfSomething,LoweringAnObject,StandingStill
856,ReleasingGraspOfSomething,LoweringAnObject,StandingStill
857,ReleasingGraspOfSomething,LoweringAnObject,StandingStill
858,ReleasingGraspOfSomething,LoweringAnObject,StandingStill
859,ReleasingGraspOfSomething,LoweringAnObject,StandingStill
860,ReleasingGraspOfSomething,LoweringAnObject,StandingStill
861,ReleasingGraspOfSomething,LoweringAnObject,StandingStill
862,ReleasingGraspOfSomething,LoweringAnObject,StandingStill
863,ReleasingGraspOfSomething,LoweringAnObject,StandingStill
864,ReleasingGraspOfSomething,LoweringAnObject,StandingStill
865,ReleasingGraspOfSomething,LoweringAnObject,StandingStill
866,ReleasingGraspOfSomething,LoweringAnObject,StandingStill
867,ReleasingGraspOfSomething,LoweringAnObject,StandingStill
868,ReleasingGraspOfSomething,LoweringAnObject,StandingStill
869,ReleasingGraspOfSomething,LoweringAnObject,StandingStill
870,ReleasingGraspOfSomething,LoweringAnObject,StandingStill
871,ReleasingGraspOfSomething,LoweringAnObject,StandingStill
872,ReleasingGraspOfSomething,LoweringAnObject,StandingStill
873,ReleasingGraspOfSomething,LoweringAnObject,StandingStill
874,ReleasingGraspOfSomething,LoweringAnObject,StandingStill
875,ReleasingGraspOfSomething,LoweringAnObject,StandingStill
876,ReleasingGraspOfSomething,LoweringAnObject,StandingStill
877,ReleasingGraspOfSomething,LoweringAnObject,StandingStill
878,ReleasingGraspOfSomething,LoweringAnObject,StandingStill
879,ReleasingGraspOfSomething,LoweringAnObject,StandingStill
880,ReleasingGraspOfSomething,LoweringAnObject,StandingStill
881,ReleasingGraspOfSomething,LoweringAnObject,StandingStill
882,ReleasingGraspOfSomething,LoweringAnObject,StandingStill
883,ReleasingGraspOfSomething,LoweringAnObject,StandingStill
884,ReleasingGraspOfSomething,LoweringAnObject,StandingStill
885,ReleasingGraspOfSomething,LoweringAnObject,StandingStill
886,ReleasingGraspOfSomething,LoweringAnObject,StandingStill
887,ReleasingGraspOfSomething,LoweringAnObject,StandingStill
888,ReleasingGraspOfSomething,LoweringAnObject,StandingStill
889,CarryingWhileLocomoting,LoweringAnObject,StandingStill
890,CarryingWhileLocomoting,LoweringAnObject,StandingStill
891,CarryingWhileLocomoting,LoweringAnObject,StandingStill
892,CarryingWhileLocomoting,LoweringAnObject,StandingStill
893,CarryingWhileLocomoting,LoweringAnObject,StandingStill
894,CarryingWhileLocomoting,LoweringAnObject,StandingStill
895,CarryingWhileLocomoting,LoweringAnObject,StandingStill
896,CarryingWhileLocomoting,LoweringAnObject,StandingStill
897,CarryingWhileLocomoting,LoweringAnObject,StandingStill
898,CarryingWhileLocomoting,LoweringAnObject,StandingStill
899,CarryingWhileLocomoting,ReleasingGraspOfSomething,StandingStill
900,CarryingWhileLocomoting,ReleasingGraspOfSomething,StandingStill
901,CarryingWhileLocomoting,ReleasingGraspOfSomething,StandingStill
902,CarryingWhileLocomoting,ReleasingGraspOfSomething,StandingStill
903,CarryingWhileLocomoting,ReleasingGraspOfSomething,StandingStill
904,CarryingWhileLocomoting,ReleasingGraspOfSomething,StandingStill
905,CarryingWhileLocomoting,ReleasingGraspOfSomething,StandingStill
906,CarryingWhileLocomoting,ReleasingGraspOfSomething,StandingStill
907,CarryingWhileLocomoting,ReleasingGraspOfSomething,StandingStill
908,CarryingWhileLocomoting,ReleasingGraspOfSomething,StandingStill
909,CarryingWhileLocomoting,ReleasingGraspOfSomething,StandingStill
910,CarryingWhileLocomoting,ReleasingGraspOfSomething,StandingStill
911,CarryingWhileLocomoting,ReleasingGraspOfSomething,StandingStill
912,CarryingWhileLocomoting,ReleasingGraspOfSomething,StandingStill
913,CarryingWhileLocomoting,ReleasingGraspOfSomething,StandingStill
914,CarryingWhileLocomoting,ReleasingGraspOfSomething,StandingStill
915,CarryingWhileLocomoting,ReleasingGraspOfSomething,StandingStill
916,CarryingWhileLocomoting,ReleasingGraspOfSomething,StandingStill
917,CarryingWhileLocomoting,ReleasingGraspOfSomething,StandingStill
918,CarryingWhileLocomoting,ReleasingGraspOfSomething,StandingStill
919,CarryingWhileLocomoting,ReleasingGraspOfSomething,HumanWalkingProcess
920,CarryingWhileLocomoting,ReleasingGraspOfSomething,HumanWalkingProcess
921,CarryingWhileLocomoting,ReleasingGraspOfSomething,HumanWalkingProcess
922,CarryingWhileLocomoting,ReleasingGraspOfSomething,HumanWalkingProcess
923,CarryingWhileLocomoting,ReleasingGraspOfSomething,HumanWalkingProcess
924,CarryingWhileLocomoting,ReleasingGraspOfSomething,HumanWalkingProcess
925,CarryingWhileLocomoting,ReleasingGraspOfSomething,HumanWalkingProcess
926,CarryingWhileLocomoting,ReleasingGraspOfSomething,HumanWalkingProcess
927,CarryingWhileLocomoting,ReleasingGraspOfSomething,HumanWalkingProcess
928,CarryingWhileLocomoting,ReleasingGraspOfSomething,HumanWalkingProcess
929,CarryingWhileLocomoting,ReleasingGraspOfSomething,HumanWalkingProcess
930,CarryingWhileLocomoting,ReleasingGraspOfSomething,HumanWalkingProcess
931,CarryingWhileLocomoting,CarryingWhileLocomoting,HumanWalkingProcess
932,CarryingWhileLocomoting,CarryingWhileLocomoting,HumanWalkingProcess
933,CarryingWhileLocomoting,CarryingWhileLocomoting,HumanWalkingProcess
934,CarryingWhileLocomoting,CarryingWhileLocomoting,HumanWalkingProcess
935,CarryingWhileLocomoting,CarryingWhileLocomoting,HumanWalkingProcess
936,CarryingWhileLocomoting,CarryingWhileLocomoting,HumanWalkingProcess
937,CarryingWhileLocomoting,CarryingWhileLocomoting,HumanWalkingProcess
938,CarryingWhileLocomoting,CarryingWhileLocomoting,HumanWalkingProcess
939,CarryingWhileLocomoting,CarryingWhileLocomoting,HumanWalkingProcess
940,CarryingWhileLocomoting,CarryingWhileLocomoting,HumanWalkingProcess
941,CarryingWhileLocomoting,CarryingWhileLocomoting,HumanWalkingProcess
942,CarryingWhileLocomoting,CarryingWhileLocomoting,HumanWalkingProcess
943,CarryingWhileLocomoting,CarryingWhileLocomoting,HumanWalkingProcess
944,CarryingWhileLocomoting,CarryingWhileLocomoting,HumanWalkingProcess
945,CarryingWhileLocomoting,CarryingWhileLocomoting,HumanWalkingProcess
946,CarryingWhileLocomoting,CarryingWhileLocomoting,HumanWalkingProcess
947,CarryingWhileLocomoting,CarryingWhileLocomoting,HumanWalkingProcess
948,CarryingWhileLocomoting,CarryingWhileLocomoting,HumanWalkingProcess
949,CarryingWhileLocomoting,CarryingWhileLocomoting,HumanWalkingProcess
950,CarryingWhileLocomoting,CarryingWhileLocomoting,HumanWalkingProcess
951,CarryingWhileLocomoting,CarryingWhileLocomoting,HumanWalkingProcess
952,CarryingWhileLocomoting,CarryingWhileLocomoting,HumanWalkingProcess
953,CarryingWhileLocomoting,CarryingWhileLocomoting,HumanWalkingProcess
954,CarryingWhileLocomoting,CarryingWhileLocomoting,HumanWalkingProcess
955,CarryingWhileLocomoting,CarryingWhileLocomoting,HumanWalkingProcess
956,CarryingWhileLocomoting,CarryingWhileLocomoting,HumanWalkingProcess
