instance,lefthand,righthand,trunk
0,CarryingWhileLocomoting,CarryingWhileLocomoting,StandingStill
1,CarryingWhileLocomoting,CarryingWhileLocomoting,StandingStill
2,CarryingWhileLocomoting,CarryingWhileLocomoting,StandingStill
3,CarryingWhileLocomoting,CarryingWhileLocomoting,StandingStill
4,CarryingWhileLocomoting,CarryingWhileLocomoting,StandingStill
5,CarryingWhileLocomoting,CarryingWhileLocomoting,HumanWalkingProcess
6,CarryingWhileLocomoting,CarryingWhileLocomoting,HumanWalkingProcess
7,CarryingWhileLocomoting,CarryingWhileLocomoting,HumanWalkingProcess
8,CarryingWhileLocomoting,CarryingWhileLocomoting,HumanWalkingProcess
9,CarryingWhileLocomoting,CarryingWhileLocomoting,HumanWalkingProcess
10,CarryingWhileLocomoting,CarryingWhileLocomoting,HumanWalkingProcess
11,CarryingWhileLocomoting,CarryingWhileLocomoting,HumanWalkingProcess
12,CarryingWhileLocomoting,CarryingWhileLocomoting,HumanWalkingProcess
13,CarryingWhileLocomoting,CarryingWhileLocomoting,HumanWalkingProcess
14,CarryingWhileLocomoting,CarryingWhileLocomoting,HumanWalkingProcess
15,CarryingWhileLocomoting,CarryingWhileLocomoting,HumanWalkingProcess
16,CarryingWhileLocomoting,CarryingWhileLocomoting,HumanWalkingProcess
17,CarryingWhileLocomoting,CarryingWhileLocomoting,HumanWalkingProcess
18,CarryingWhileLocomoting,CarryingWhileLocomoting,HumanWalkingProcess
19,CarryingWhileLocomoting,CarryingWhileLocomoting,HumanWalkingProcess
20,CarryingWhileLocomoting,CarryingWhileLocomoting,HumanWalkingProcess
21,CarryingWhileLocomoting,CarryingWhileLocomoting,HumanWalkingProcess
22,CarryingWhileLocomoting,CarryingWhileLocomoting,HumanWalkingProcess
23,CarryingWhileLocomoting,CarryingWhileLocomoting,HumanWalkingProcess
24,CarryingWhileLocomoting,CarryingWhileLocomoting,HumanWalkingProcess
25,CarryingWhileLocomoting,CarryingWhileLocomoting,HumanWalkingProcess
26,CarryingWhileLocomoting,CarryingWhileLocomoting,HumanWalkingProcess
27,CarryingWhileLocomoting,CarryingWhileLocomoting,HumanWalkingProcess
28,CarryingWhileLocomoting,CarryingWhileLocomoting,HumanWalkingProcess
29,CarryingWhileLocomoting,CarryingWhileLocomoting,HumanWalkingProcess
30,Reaching,Reaching,HumanWalkingProcess
31,Reaching,Reaching,HumanWalkingProcess
32,Reaching,Reaching,HumanWalkingProcess
33,Reaching,Reaching,HumanWalkingProcess
34,Reaching,Reaching,HumanWalkingProcess
35,Reaching,Reaching,HumanWalkingProcess
36,Reaching,Reaching,HumanWalkingProcess
37,Reaching,Reaching,HumanWalkingProcess
38,Reaching,Reaching,HumanWalkingProcess
39,Reaching,Reaching,HumanWalkingProcess
40,Reaching,Reaching,HumanWalkingProcess
41,Reaching,Reaching,HumanWalkingProcess
42,Reaching,Reaching,HumanWalkingProcess
43,Reaching,Reaching,HumanWalkingProcess
44,Reaching,Reaching,HumanWalkingProcess
45,Reaching,Reaching,HumanWalkingProcess
46,Reaching,Reaching,HumanWalkingProcess
47,Reaching,Reaching,HumanWalkingProcess
48,Reaching,Reaching,HumanWalkingProcess
49,Reaching,Reaching,HumanWalkingProcess
50,Reaching,Reaching,HumanWalkingProcess
51,Reaching,Reaching,StandingStill
52,Reaching,Reaching,StandingStill
53,Reaching,Reaching,StandingStill
54,Reaching,Reaching,StandingStill
55,Reaching,Reaching,StandingStill
56,TakingSomething,TakingSomething,StandingStill
57,TakingSomething,TakingSomething,StandingStill
58,TakingSomething,TakingSomething,StandingStill
59,TakingSomething,TakingSomething,StandingStill
60,TakingSomething,TakingSomething,StandingStill
61,TakingSomething,TakingSomething,StandingStill
62,TakingSomething,TakingSomething,StandingStill
63,TakingSomething,TakingSomething,StandingStill
64,TakingSomething,TakingSomething,StandingStill
65,TakingSomething,TakingSomething,StandingStill
66,TakingSomething,TakingSomething,StandingStill
67,TakingSomething,TakingSomething,StandingStill
68,TakingSomething,TakingSomething,StandingStill
69,TakingSomething,TakingSomething,StandingStill
70,TakingSomething,TakingSomething,StandingStill
71,TakingSomething,TakingSomething,StandingStill
72,TakingSomething,TakingSomething,StandingStill
73,TakingSomething,TakingSomething,StandingStill
74,TakingSomething,TakingSomething,StandingStill
75,TakingSomething,TakingSomething,StandingStill
76,TakingSomething,TakingSomething,StandingStill
77,TakingSomething,TakingSomething,StandingStill
78,TakingSomething,TakingSomething,StandingStill
79,TakingSomething,TakingSomething,StandingStill
80,TakingSomething,TakingSomething,StandingStill
81,TakingSomething,TakingSomething,StandingStill
82,TakingSomething,TakingSomething,StandingStill
83,TakingSomething,TakingSomething,StandingStill
84,TakingSomething,TakingSomething,StandingStill
85,TakingSomething,TakingSomething,StandingStill
86,TakingSomething,TakingSomething,StandingStill
87,TakingSomething,TakingSomething,StandingStill
88,TakingSomething,TakingSomething,StandingStill
89,TakingSomething,TakingSomething,StandingStill
90,TakingSomething,TakingSomething,StandingStill
91,TakingSomething,TakingSomething,StandingStill
92,TakingSomething,TakingSomething,StandingStill
93,TakingSomething,TakingSomething,StandingStill
94,TakingSomething,TakingSomething,StandingStill
95,TakingSomething,TakingSomething,StandingStill
96,TakingSomething,TakingSomething,StandingStill
97,TakingSomething,TakingSomething,StandingStill
98,TakingSomething,TakingSomething,StandingStill
99,TakingSomething,TakingSomething,StandingStill
100,TakingSomething,TakingSomething,HumanWalkingProcess
101,TakingSomething,TakingSomething,HumanWalkingProcess
102,TakingSomething,TakingSomething,HumanWalkingProcess
103,TakingSomething,TakingSomething,HumanWalkingProcess
104,TakingSomething,TakingSomething,HumanWalkingProcess
105,TakingSomething,TakingSomething,HumanWalkingProcess
106,TakingSomething,TakingSomething,HumanWalkingProcess
107,TakingSomething,TakingSomething,HumanWalkingProcess
108,TakingSomething,TakingSomething,HumanWalkingProcess
109,TakingSomething,TakingSomething,HumanWalkingProcess
110,TakingSomething,TakingSomething,HumanWalkingProcess
111,TakingSomething,TakingSomething,HumanWalkingProcess
112,TakingSomething,TakingSomething,HumanWalkingProcess
113,TakingSomething,TakingSomething,HumanWalkingProcess
114,TakingSomething,TakingSomething,HumanWalkingProcess
115,TakingSomething,TakingSomething,HumanWalkingProcess
116,TakingSomething,TakingSomething,HumanWalkingProcess
117,TakingSomething,TakingSomething,HumanWalkingProcess
118,TakingSomething,TakingSomething,HumanWalkingProcess
119,TakingSomething,TakingSomething,HumanWalkingProcess
120,TakingSomething,TakingSomething,HumanWalkingProcess
121,TakingSomething,TakingSomething,HumanWalkingProcess
122,TakingSomething,TakingSomething,HumanWalkingProcess
123,TakingSomething,TakingSomething,HumanWalkingProcess
124,TakingSomething,TakingSomething,HumanWalkingProcess
125,TakingSomething,TakingSomething,HumanWalkingProcess
126,TakingSomething,TakingSomething,HumanWalkingProcess
127,TakingSomething,TakingSomething,HumanWalkingProcess
128,CarryingWhileLocomoting,CarryingWhileLocomoting,HumanWalkingProcess
129,CarryingWhileLocomoting,CarryingWhileLocomoting,HumanWalkingProcess
130,CarryingWhileLocomoting,CarryingWhileLocomoting,HumanWalkingProcess
131,CarryingWhileLocomoting,CarryingWhileLocomoting,HumanWalkingProcess
132,CarryingWhileLocomoting,CarryingWhileLocomoting,HumanWalkingProcess
133,CarryingWhileLocomoting,CarryingWhileLocomoting,HumanWalkingProcess
134,CarryingWhileLocomoting,CarryingWhileLocomoting,HumanWalkingProcess
135,CarryingWhileLocomoting,CarryingWhileLocomoting,HumanWalkingProcess
136,CarryingWhileLocomoting,CarryingWhileLocomoting,HumanWalkingProcess
137,CarryingWhileLocomoting,CarryingWhileLocomoting,HumanWalkingProcess
138,CarryingWhileLocomoting,CarryingWhileLocomoting,HumanWalkingProcess
139,CarryingWhileLocomoting,CarryingWhileLocomoting,HumanWalkingProcess
140,CarryingWhileLocomoting,CarryingWhileLocomoting,HumanWalkingProcess
141,CarryingWhileLocomoting,CarryingWhileLocomoting,HumanWalkingProcess
142,CarryingWhileLocomoting,CarryingWhileLocomoting,HumanWalkingProcess
143,CarryingWhileLocomoting,CarryingWhileLocomoting,HumanWalkingProcess
144,CarryingWhileLocomoting,CarryingWhileLocomoting,HumanWalkingProcess
145,CarryingWhileLocomoting,CarryingWhileLocomoting,HumanWalkingProcess
146,CarryingWhileLocomoting,CarryingWhileLocomoting,HumanWalkingProcess
147,CarryingWhileLocomoting,CarryingWhileLocomoting,HumanWalkingProcess
148,CarryingWhileLocomoting,CarryingWhileLocomoting,HumanWalkingProcess
149,CarryingWhileLocomoting,CarryingWhileLocomoting,HumanWalkingProcess
150,CarryingWhileLocomoting,CarryingWhileLocomoting,HumanWalkingProcess
151,CarryingWhileLocomoting,CarryingWhileLocomoting,HumanWalkingProcess
152,CarryingWhileLocomoting,CarryingWhileLocomoting,HumanWalkingProcess
153,CarryingWhileLocomoting,CarryingWhileLocomoting,HumanWalkingProcess
154,CarryingWhileLocomoting,CarryingWhileLocomoting,HumanWalkingProcess
155,CarryingWhileLocomoting,CarryingWhileLocomoting,HumanWalkingProcess
156,CarryingWhileLocomoting,CarryingWhileLocomoting,HumanWalkingProcess
157,CarryingWhileLocomoting,CarryingWhileLocomoting,HumanWalkingProcess
158,CarryingWhileLocomoting,CarryingWhileLocomoting,HumanWalkingProcess
159,CarryingWhileLocomoting,CarryingWhileLocomoting,HumanWalkingProcess
160,CarryingWhileLocomoting,CarryingWhileLocomoting,HumanWalkingProcess
161,CarryingWhileLocomoting,CarryingWhileLocomoting,HumanWalkingProcess
162,CarryingWhileLocomoting,CarryingWhileLocomoting,HumanWalkingProcess
163,CarryingWhileLocomoting,CarryingWhileLocomoting,HumanWalkingProcess
164,CarryingWhileLocomoting,CarryingWhileLocomoting,HumanWalkingProcess
165,CarryingWhileLocomoting,CarryingWhileLocomoting,HumanWalkingProcess
166,CarryingWhileLocomoting,CarryingWhileLocomoting,HumanWalkingProcess
167,CarryingWhileLocomoting,CarryingWhileLocomoting,HumanWalkingProcess
168,CarryingWhileLocomoting,CarryingWhileLocomoting,HumanWalkingProcess
169,CarryingWhileLocomoting,CarryingWhileLocomoting,HumanWalkingProcess
170,CarryingWhileLocomoting,CarryingWhileLocomoting,HumanWalkingProcess
171,CarryingWhileLocomoting,CarryingWhileLocomoting,HumanWalkingProcess
172,CarryingWhileLocomoting,CarryingWhileLocomoting,HumanWalkingProcess
173,CarryingWhileLocomoting,CarryingWhileLocomoting,HumanWalkingProcess
174,CarryingWhileLocomoting,CarryingWhileLocomoting,HumanWalkingProcess
175,CarryingWhileLocomoting,CarryingWhileLocomoting,HumanWalkingProcess
176,CarryingWhileLocomoting,CarryingWhileLocomoting,HumanWalkingProcess
177,CarryingWhileLocomoting,CarryingWhileLocomoting,HumanWalkingProcess
178,CarryingWhileLocomoting,CarryingWhileLocomoting,HumanWalkingProcess
179,CarryingWhileLocomoting,CarryingWhileLocomoting,HumanWalkingProcess
180,CarryingWhileLocomoting,CarryingWhileLocomoting,HumanWalkingProcess
181,CarryingWhileLocomoting,CarryingWhileLocomoting,StandingStill
182,CarryingWhileLocomoting,CarryingWhileLocomoting,StandingStill
183,CarryingWhileLocomoting,CarryingWhileLocomoting,StandingStill
184,CarryingWhileLocomoting,CarryingWhileLocomoting,StandingStill
185,LoweringAnObject,LoweringAnObject,StandingStill
186,LoweringAnObject,LoweringAnObject,StandingStill
187,LoweringAnObject,LoweringAnObject,StandingStill
188,LoweringAnObject,LoweringAnObject,StandingStill
189,LoweringAnObject,LoweringAnObject,StandingStill
190,LoweringAnObject,LoweringAnObject,StandingStill
191,LoweringAnObject,LoweringAnObject,StandingStill
192,LoweringAnObject,LoweringAnObject,StandingStill
193,LoweringAnObject,LoweringAnObject,StandingStill
194,LoweringAnObject,LoweringAnObject,StandingStill
195,LoweringAnObject,LoweringAnObject,StandingStill
196,LoweringAnObject,LoweringAnObject,StandingStill
197,LoweringAnObject,LoweringAnObject,StandingStill
198,LoweringAnObject,LoweringAnObject,StandingStill
199,LoweringAnObject,LoweringAnObject,StandingStill
200,LoweringAnObject,LoweringAnObject,StandingStill
201,LoweringAnObject,LoweringAnObject,StandingStill
202,LoweringAnObject,LoweringAnObject,StandingStill
203,LoweringAnObject,LoweringAnObject,StandingStill
204,LoweringAnObject,LoweringAnObject,StandingStill
205,LoweringAnObject,LoweringAnObject,StandingStill
206,LoweringAnObject,LoweringAnObject,StandingStill
207,LoweringAnObject,LoweringAnObject,StandingStill
208,LoweringAnObject,LoweringAnObject,StandingStill
209,LoweringAnObject,LoweringAnObject,StandingStill
210,LoweringAnObject,LoweringAnObject,StandingStill
211,LoweringAnObject,LoweringAnObject,StandingStill
212,LoweringAnObject,LoweringAnObject,StandingStill
213,LoweringAnObject,LoweringAnObject,StandingStill
214,LoweringAnObject,LoweringAnObject,StandingStill
215,LoweringAnObject,LoweringAnObject,StandingStill
216,LoweringAnObject,LoweringAnObject,StandingStill
217,LoweringAnObject,LoweringAnObject,StandingStill
218,LoweringAnObject,LoweringAnObject,StandingStill
219,LoweringAnObject,LoweringAnObject,StandingStill
220,LoweringAnObject,LoweringAnObject,StandingStill
221,ReleasingGraspOfSomething,ReleasingGraspOfSomething,StandingStill
222,ReleasingGraspOfSomething,ReleasingGraspOfSomething,StandingStill
223,ReleasingGraspOfSomething,ReleasingGraspOfSomething,StandingStill
224,ReleasingGraspOfSomething,ReleasingGraspOfSomething,StandingStill
225,ReleasingGraspOfSomething,ReleasingGraspOfSomething,StandingStill
226,ReleasingGraspOfSomething,ReleasingGraspOfSomething,StandingStill
227,ReleasingGraspOfSomething,ReleasingGraspOfSomething,StandingStill
228,ReleasingGraspOfSomething,ReleasingGraspOfSomething,StandingStill
229,ReleasingGraspOfSomething,ReleasingGraspOfSomething,StandingStill
230,ReleasingGraspOfSomething,ReleasingGraspOfSomething,StandingStill
231,ReleasingGraspOfSomething,ReleasingGraspOfSomething,StandingStill
232,ReleasingGraspOfSomething,ReleasingGraspOfSomething,StandingStill
233,ReleasingGraspOfSomething,ReleasingGraspOfSomething,StandingStill
234,ReleasingGraspOfSomething,ReleasingGraspOfSomething,StandingStill
235,ReleasingGraspOfSomething,ReleasingGraspOfSomething,StandingStill
236,ReleasingGraspOfSomething,ReleasingGraspOfSomething,StandingStill
237,LoweringAnObject,LoweringAnObject,StandingStill
238,LoweringAnObject,LoweringAnObject,StandingStill
239,LoweringAnObject,LoweringAnObject,StandingStill
240,LoweringAnObject,LoweringAnObject,StandingStill
241,LoweringAnObject,LoweringAnObject,StandingStill
242,LoweringAnObject,LoweringAnObject,StandingStill
243,LoweringAnObject,LoweringAnObject,StandingStill
244,LoweringAnObject,LoweringAnObject,StandingStill
245,LoweringAnObject,LoweringAnObject,StandingStill
246,LoweringAnObject,LoweringAnObject,StandingStill
247,LoweringAnObject,LoweringAnObject,StandingStill
248,LoweringAnObject,LoweringAnObject,StandingStill
249,LoweringAnObject,LoweringAnObject,StandingStill
250,LoweringAnObject,LoweringAnObject,StandingStill
251,LoweringAnObject,LoweringAnObject,StandingStill
252,LoweringAnObject,LoweringAnObject,StandingStill
253,LoweringAnObject,LoweringAnObject,StandingStill
254,LoweringAnObject,LoweringAnObject,StandingStill
255,LoweringAnObject,LoweringAnObject,StandingStill
256,ReleasingGraspOfSomething,ReleasingGraspOfSomething,StandingStill
257,ReleasingGraspOfSomething,ReleasingGraspOfSomething,StandingStill
258,ReleasingGraspOfSomething,ReleasingGraspOfSomething,StandingStill
259,ReleasingGraspOfSomething,ReleasingGraspOfSomething,StandingStill
260,ReleasingGraspOfSomething,ReleasingGraspOfSomething,StandingStill
261,ReleasingGraspOfSomething,ReleasingGraspOfSomething,StandingStill
262,ReleasingGraspOfSomething,ReleasingGraspOfSomething,StandingStill
263,ReleasingGraspOfSomething,ReleasingGraspOfSomething,StandingStill
264,ReleasingGraspOfSomething,ReleasingGraspOfSomething,StandingStill
265,ReleasingGraspOfSomething,ReleasingGraspOfSomething,StandingStill
266,ReleasingGraspOfSomething,ReleasingGraspOfSomething,StandingStill
267,ReleasingGraspOfSomething,ReleasingGraspOfSomething,StandingStill
268,ReleasingGraspOfSomething,ReleasingGraspOfSomething,StandingStill
269,ReleasingGraspOfSomething,ReleasingGraspOfSomething,StandingStill
270,ReleasingGraspOfSomething,ReleasingGraspOfSomething,StandingStill
271,ReleasingGraspOfSomething,ReleasingGraspOfSomething,StandingStill
272,ReleasingGraspOfSomething,ReleasingGraspOfSomething,StandingStill
273,ReleasingGraspOfSomething,ReleasingGraspOfSomething,StandingStill
274,ReleasingGraspOfSomething,ReleasingGraspOfSomething,StandingStill
275,ReleasingGraspOfSomething,ReleasingGraspOfSomething,StandingStill
276,ReleasingGraspOfSomething,ReleasingGraspOfSomething,StandingStill
277,ReleasingGraspOfSomething,ReleasingGraspOfSomething,StandingStill
278,ReleasingGraspOfSomething,ReleasingGraspOfSomething,StandingStill
279,ReleasingGraspOfSomething,ReleasingGraspOfSomething,StandingStill
280,ReleasingGraspOfSomething,ReleasingGraspOfSomething,StandingStill
281,ReleasingGraspOfSomething,ReleasingGraspOfSomething,StandingStill
282,ReleasingGraspOfSomething,ReleasingGraspOfSomething,StandingStill
283,ReleasingGraspOfSomething,ReleasingGraspOfSomething,StandingStill
284,ReleasingGraspOfSomething,ReleasingGraspOfSomething,StandingStill
285,ReleasingGraspOfSomething,ReleasingGraspOfSomething,StandingStill
286,ReleasingGraspOfSomething,ReleasingGraspOfSomething,StandingStill
287,ReleasingGraspOfSomething,ReleasingGraspOfSomething,StandingStill
288,ReleasingGraspOfSomething,ReleasingGraspOfSomething,StandingStill
289,ReleasingGraspOfSomething,ReleasingGraspOfSomething,StandingStill
290,ReleasingGraspOfSomething,ReleasingGraspOfSomething,StandingStill
291,ReleasingGraspOfSomething,ReleasingGraspOfSomething,StandingStill
292,ReleasingGraspOfSomething,ReleasingGraspOfSomething,StandingStill
293,ReleasingGraspOfSomething,ReleasingGraspOfSomething,StandingStill
294,ReleasingGraspOfSomething,ReleasingGraspOfSomething,StandingStill
295,CarryingWhileLocomoting,CarryingWhileLocomoting,HumanWalkingProcess
296,CarryingWhileLocomoting,CarryingWhileLocomoting,HumanWalkingProcess
297,CarryingWhileLocomoting,CarryingWhileLocomoting,HumanWalkingProcess
298,CarryingWhileLocomoting,CarryingWhileLocomoting,HumanWalkingProcess
299,CarryingWhileLocomoting,CarryingWhileLocomoting,HumanWalkingProcess
300,CarryingWhileLocomoting,CarryingWhileLocomoting,HumanWalkingProcess
301,CarryingWhileLocomoting,CarryingWhileLocomoting,HumanWalkingProcess
302,CarryingWhileLocomoting,CarryingWhileLocomoting,HumanWalkingProcess
303,CarryingWhileLocomoting,CarryingWhileLocomoting,HumanWalkingProcess
304,CarryingWhileLocomoting,CarryingWhileLocomoting,HumanWalkingProcess
305,CarryingWhileLocomoting,CarryingWhileLocomoting,HumanWalkingProcess
306,CarryingWhileLocomoting,CarryingWhileLocomoting,HumanWalkingProcess
307,CarryingWhileLocomoting,CarryingWhileLocomoting,HumanWalkingProcess
308,CarryingWhileLocomoting,CarryingWhileLocomoting,HumanWalkingProcess
309,CarryingWhileLocomoting,CarryingWhileLocomoting,HumanWalkingProcess
310,CarryingWhileLocomoting,CarryingWhileLocomoting,HumanWalkingProcess
311,CarryingWhileLocomoting,CarryingWhileLocomoting,HumanWalkingProcess
312,CarryingWhileLocomoting,CarryingWhileLocomoting,HumanWalkingProcess
313,CarryingWhileLocomoting,CarryingWhileLocomoting,HumanWalkingProcess
314,CarryingWhileLocomoting,CarryingWhileLocomoting,HumanWalkingProcess
315,CarryingWhileLocomoting,CarryingWhileLocomoting,HumanWalkingProcess
316,CarryingWhileLocomoting,CarryingWhileLocomoting,HumanWalkingProcess
317,CarryingWhileLocomoting,CarryingWhileLocomoting,HumanWalkingProcess
318,CarryingWhileLocomoting,CarryingWhileLocomoting,HumanWalkingProcess
319,CarryingWhileLocomoting,CarryingWhileLocomoting,HumanWalkingProcess
320,CarryingWhileLocomoting,CarryingWhileLocomoting,HumanWalkingProcess
321,CarryingWhileLocomoting,CarryingWhileLocomoting,HumanWalkingProcess
322,CarryingWhileLocomoting,CarryingWhileLocomoting,HumanWalkingProcess
323,CarryingWhileLocomoting,CarryingWhileLocomoting,HumanWalkingProcess
324,CarryingWhileLocomoting,CarryingWhileLocomoting,HumanWalkingProcess
325,CarryingWhileLocomoting,CarryingWhileLocomoting,HumanWalkingProcess
326,CarryingWhileLocomoting,CarryingWhileLocomoting,HumanWalkingProcess
327,CarryingWhileLocomoting,CarryingWhileLocomoting,HumanWalkingProcess
328,CarryingWhileLocomoting,CarryingWhileLocomoting,HumanWalkingProcess
329,CarryingWhileLocomoting,CarryingWhileLocomoting,HumanWalkingProcess
330,CarryingWhileLocomoting,CarryingWhileLocomoting,HumanWalkingProcess
331,CarryingWhileLocomoting,CarryingWhileLocomoting,HumanWalkingProcess
332,CarryingWhileLocomoting,CarryingWhileLocomoting,HumanWalkingProcess
333,CarryingWhileLocomoting,CarryingWhileLocomoting,HumanWalkingProcess
334,CarryingWhileLocomoting,CarryingWhileLocomoting,HumanWalkingProcess
335,CarryingWhileLocomoting,CarryingWhileLocomoting,HumanWalkingProcess
336,CarryingWhileLocomoting,CarryingWhileLocomoting,HumanWalkingProcess
337,CarryingWhileLocomoting,CarryingWhileLocomoting,HumanWalkingProcess
338,CarryingWhileLocomoting,CarryingWhileLocomoting,HumanWalkingProcess
339,CarryingWhileLocomoting,CarryingWhileLocomoting,HumanWalkingProcess
340,CarryingWhileLocomoting,CarryingWhileLocomoting,HumanWalkingProcess
341,CarryingWhileLocomoting,CarryingWhileLocomoting,HumanWalkingProcess
342,CarryingWhileLocomoting,CarryingWhileLocomoting,HumanWalkingProcess
343,CarryingWhileLocomoting,CarryingWhileLocomoting,HumanWalkingProcess
344,CarryingWhileLocomoting,CarryingWhileLocomoting,HumanWalkingProcess
345,CarryingWhileLocomoting,CarryingWhileLocomoting,HumanWalkingProcess
346,CarryingWhileLocomoting,CarryingWhileLocomoting,HumanWalkingProcess
347,CarryingWhileLocomoting,CarryingWhileLocomoting,HumanWalkingProcess
348,Reaching,CarryingWhileLocomoting,HumanWalkingProcess
349,Reaching,CarryingWhileLocomoting,HumanWalkingProcess
350,Reaching,CarryingWhileLocomoting,HumanWalkingProcess
351,Reaching,CarryingWhileLocomoting,HumanWalkingProcess
352,Reaching,CarryingWhileLocomoting,HumanWalkingProcess
353,Reaching,CarryingWhileLocomoting,HumanWalkingProcess
354,Reaching,CarryingWhileLocomoting,HumanWalkingProcess
355,Reaching,CarryingWhileLocomoting,HumanWalkingProcess
356,Reaching,CarryingWhileLocomoting,HumanWalkingProcess
357,Reaching,CarryingWhileLocomoting,HumanWalkingProcess
358,Reaching,CarryingWhileLocomoting,HumanWalkingProcess
359,Reaching,CarryingWhileLocomoting,HumanWalkingProcess
360,Reaching,CarryingWhileLocomoting,HumanWalkingProcess
361,Reaching,CarryingWhileLocomoting,HumanWalkingProcess
362,Reaching,CarryingWhileLocomoting,HumanWalkingProcess
363,Reaching,CarryingWhileLocomoting,HumanWalkingProcess
364,Reaching,CarryingWhileLocomoting,HumanWalkingProcess
365,Reaching,CarryingWhileLocomoting,HumanWalkingProcess
366,OpeningADoor,CarryingWhileLocomoting,HumanWalkingProcess
367,OpeningADoor,CarryingWhileLocomoting,HumanWalkingProcess
368,OpeningADoor,CarryingWhileLocomoting,HumanWalkingProcess
369,OpeningADoor,CarryingWhileLocomoting,HumanWalkingProcess
370,OpeningADoor,CarryingWhileLocomoting,HumanWalkingProcess
371,OpeningADoor,CarryingWhileLocomoting,HumanWalkingProcess
372,OpeningADoor,CarryingWhileLocomoting,HumanWalkingProcess
373,OpeningADoor,CarryingWhileLocomoting,HumanWalkingProcess
374,OpeningADoor,CarryingWhileLocomoting,HumanWalkingProcess
375,OpeningADoor,CarryingWhileLocomoting,HumanWalkingProcess
376,OpeningADoor,CarryingWhileLocomoting,HumanWalkingProcess
377,OpeningADoor,CarryingWhileLocomoting,HumanWalkingProcess
378,OpeningADoor,CarryingWhileLocomoting,HumanWalkingProcess
379,OpeningADoor,CarryingWhileLocomoting,HumanWalkingProcess
380,OpeningADoor,CarryingWhileLocomoting,HumanWalkingProcess
381,OpeningADoor,CarryingWhileLocomoting,HumanWalkingProcess
382,OpeningADoor,CarryingWhileLocomoting,HumanWalkingProcess
383,OpeningADoor,CarryingWhileLocomoting,StandingStill
384,OpeningADoor,Reaching,StandingStill
385,OpeningADoor,Reaching,StandingStill
386,OpeningADoor,Reaching,StandingStill
387,OpeningADoor,Reaching,StandingStill
388,OpeningADoor,Reaching,StandingStill
389,OpeningADoor,Reaching,StandingStill
390,OpeningADoor,Reaching,StandingStill
391,OpeningADoor,Reaching,StandingStill
392,OpeningADoor,Reaching,StandingStill
393,OpeningADoor,Reaching,StandingStill
394,OpeningADoor,Reaching,StandingStill
395,OpeningADoor,Reaching,StandingStill
396,OpeningADoor,Reaching,StandingStill
397,OpeningADoor,Reaching,StandingStill
398,OpeningADoor,Reaching,StandingStill
399,OpeningADoor,Reaching,StandingStill
400,OpeningADoor,Reaching,StandingStill
401,OpeningADoor,Reaching,StandingStill
402,Reaching,Reaching,StandingStill
403,Reaching,Reaching,StandingStill
404,Reaching,Reaching,StandingStill
405,Reaching,Reaching,StandingStill
406,Reaching,Reaching,StandingStill
407,Reaching,Reaching,StandingStill
408,Reaching,Reaching,StandingStill
409,Reaching,Reaching,StandingStill
410,Reaching,Reaching,StandingStill
411,Reaching,Reaching,StandingStill
412,Reaching,Reaching,StandingStill
413,Reaching,Reaching,StandingStill
414,Reaching,Reaching,StandingStill
415,Reaching,Reaching,StandingStill
416,Reaching,Reaching,StandingStill
417,Reaching,Reaching,StandingStill
418,Reaching,Reaching,StandingStill
419,Reaching,TakingSomething,StandingStill
420,Reaching,TakingSomething,StandingStill
421,Reaching,TakingSomething,StandingStill
422,Reaching,TakingSomething,StandingStill
423,Reaching,TakingSomething,StandingStill
424,Reaching,TakingSomething,StandingStill
425,Reaching,TakingSomething,StandingStill
426,Reaching,TakingSomething,StandingStill
427,Reaching,TakingSomething,StandingStill
428,Reaching,TakingSomething,StandingStill
429,Reaching,TakingSomething,StandingStill
430,Reaching,TakingSomething,StandingStill
431,Reaching,TakingSomething,StandingStill
432,Reaching,TakingSomething,StandingStill
433,TakingSomething,TakingSomething,StandingStill
434,TakingSomething,TakingSomething,StandingStill
435,TakingSomething,TakingSomething,StandingStill
436,TakingSomething,TakingSomething,StandingStill
437,TakingSomething,TakingSomething,StandingStill
438,TakingSomething,TakingSomething,StandingStill
439,TakingSomething,TakingSomething,StandingStill
440,TakingSomething,TakingSomething,StandingStill
441,TakingSomething,TakingSomething,StandingStill
442,TakingSomething,TakingSomething,StandingStill
443,TakingSomething,TakingSomething,StandingStill
444,TakingSomething,TakingSomething,StandingStill
445,TakingSomething,TakingSomething,StandingStill
446,TakingSomething,TakingSomething,StandingStill
447,TakingSomething,TakingSomething,StandingStill
448,TakingSomething,TakingSomething,StandingStill
449,TakingSomething,TakingSomething,StandingStill
450,TakingSomething,TakingSomething,StandingStill
451,TakingSomething,TakingSomething,StandingStill
452,TakingSomething,TakingSomething,StandingStill
453,TakingSomething,TakingSomething,StandingStill
454,TakingSomething,TakingSomething,StandingStill
455,TakingSomething,TakingSomething,StandingStill
456,TakingSomething,TakingSomething,StandingStill
457,TakingSomething,Reaching,StandingStill
458,TakingSomething,Reaching,StandingStill
459,TakingSomething,Reaching,StandingStill
460,CarryingWhileLocomoting,Reaching,StandingStill
461,CarryingWhileLocomoting,Reaching,StandingStill
462,CarryingWhileLocomoting,Reaching,StandingStill
463,CarryingWhileLocomoting,Reaching,StandingStill
464,CarryingWhileLocomoting,Reaching,StandingStill
465,CarryingWhileLocomoting,Reaching,StandingStill
466,CarryingWhileLocomoting,Reaching,StandingStill
467,CarryingWhileLocomoting,Reaching,StandingStill
468,CarryingWhileLocomoting,Reaching,StandingStill
469,CarryingWhileLocomoting,Reaching,StandingStill
470,CarryingWhileLocomoting,Reaching,StandingStill
471,CarryingWhileLocomoting,Reaching,StandingStill
472,CarryingWhileLocomoting,Reaching,StandingStill
473,CarryingWhileLocomoting,Reaching,StandingStill
474,CarryingWhileLocomoting,ClosingADoor,StandingStill
475,CarryingWhileLocomoting,ClosingADoor,StandingStill
476,CarryingWhileLocomoting,ClosingADoor,StandingStill
477,CarryingWhileLocomoting,ClosingADoor,StandingStill
478,CarryingWhileLocomoting,ClosingADoor,StandingStill
479,CarryingWhileLocomoting,ClosingADoor,StandingStill
480,CarryingWhileLocomoting,ClosingADoor,StandingStill
481,CarryingWhileLocomoting,ClosingADoor,StandingStill
482,CarryingWhileLocomoting,ClosingADoor,StandingStill
483,CarryingWhileLocomoting,ClosingADoor,StandingStill
484,CarryingWhileLocomoting,ClosingADoor,StandingStill
485,CarryingWhileLocomoting,ClosingADoor,StandingStill
486,CarryingWhileLocomoting,ClosingADoor,StandingStill
487,CarryingWhileLocomoting,ClosingADoor,StandingStill
488,CarryingWhileLocomoting,ClosingADoor,StandingStill
489,CarryingWhileLocomoting,ClosingADoor,StandingStill
490,CarryingWhileLocomoting,ClosingADoor,StandingStill
491,CarryingWhileLocomoting,ClosingADoor,StandingStill
492,CarryingWhileLocomoting,ClosingADoor,StandingStill
493,CarryingWhileLocomoting,ClosingADoor,StandingStill
494,CarryingWhileLocomoting,ClosingADoor,StandingStill
495,CarryingWhileLocomoting,ClosingADoor,StandingStill
496,CarryingWhileLocomoting,ClosingADoor,StandingStill
497,CarryingWhileLocomoting,ClosingADoor,StandingStill
498,CarryingWhileLocomoting,ClosingADoor,StandingStill
499,CarryingWhileLocomoting,ClosingADoor,StandingStill
500,CarryingWhileLocomoting,ClosingADoor,StandingStill
501,CarryingWhileLocomoting,ClosingADoor,StandingStill
502,CarryingWhileLocomoting,ClosingADoor,StandingStill
503,CarryingWhileLocomoting,ClosingADoor,StandingStill
504,CarryingWhileLocomoting,ClosingADoor,StandingStill
505,CarryingWhileLocomoting,ClosingADoor,StandingStill
506,CarryingWhileLocomoting,ClosingADoor,StandingStill
507,CarryingWhileLocomoting,ClosingADoor,StandingStill
508,CarryingWhileLocomoting,ClosingADoor,StandingStill
509,CarryingWhileLocomoting,ClosingADoor,StandingStill
510,CarryingWhileLocomoting,ClosingADoor,StandingStill
511,CarryingWhileLocomoting,ClosingADoor,StandingStill
512,CarryingWhileLocomoting,ClosingADoor,StandingStill
513,CarryingWhileLocomoting,ClosingADoor,StandingStill
514,CarryingWhileLocomoting,ClosingADoor,StandingStill
515,CarryingWhileLocomoting,ClosingADoor,StandingStill
516,CarryingWhileLocomoting,ReleasingGraspOfSomething,StandingStill
517,CarryingWhileLocomoting,ReleasingGraspOfSomething,StandingStill
518,CarryingWhileLocomoting,ReleasingGraspOfSomething,StandingStill
519,CarryingWhileLocomoting,ReleasingGraspOfSomething,StandingStill
520,CarryingWhileLocomoting,ReleasingGraspOfSomething,StandingStill
521,CarryingWhileLocomoting,ReleasingGraspOfSomething,StandingStill
522,CarryingWhileLocomoting,ReleasingGraspOfSomething,StandingStill
523,CarryingWhileLocomoting,ReleasingGraspOfSomething,StandingStill
524,CarryingWhileLocomoting,ReleasingGraspOfSomething,StandingStill
525,CarryingWhileLocomoting,ReleasingGraspOfSomething,StandingStill
526,CarryingWhileLocomoting,ReleasingGraspOfSomething,StandingStill
527,CarryingWhileLocomoting,ReleasingGraspOfSomething,StandingStill
528,CarryingWhileLocomoting,ReleasingGraspOfSomething,StandingStill
529,CarryingWhileLocomoting,ReleasingGraspOfSomething,HumanWalkingProcess
530,CarryingWhileLocomoting,ReleasingGraspOfSomething,HumanWalkingProcess
531,CarryingWhileLocomoting,ReleasingGraspOfSomething,HumanWalkingProcess
532,CarryingWhileLocomoting,ReleasingGraspOfSomething,HumanWalkingProcess
533,CarryingWhileLocomoting,ReleasingGraspOfSomething,HumanWalkingProcess
534,CarryingWhileLocomoting,ReleasingGraspOfSomething,HumanWalkingProcess
535,CarryingWhileLocomoting,ReleasingGraspOfSomething,HumanWalkingProcess
536,CarryingWhileLocomoting,ReleasingGraspOfSomething,HumanWalkingProcess
537,CarryingWhileLocomoting,ReleasingGraspOfSomething,HumanWalkingProcess
538,CarryingWhileLocomoting,ReleasingGraspOfSomething,HumanWalkingProcess
539,CarryingWhileLocomoting,ReleasingGraspOfSomething,HumanWalkingProcess
540,CarryingWhileLocomoting,ReleasingGraspOfSomething,HumanWalkingProcess
541,CarryingWhileLocomoting,ReleasingGraspOfSomething,HumanWalkingProcess
542,CarryingWhileLocomoting,ReleasingGraspOfSomething,HumanWalkingProcess
543,CarryingWhileLocomoting,ReleasingGraspOfSomething,HumanWalkingProcess
544,CarryingWhileLocomoting,ReleasingGraspOfSomething,HumanWalkingProcess
545,CarryingWhileLocomoting,ReleasingGraspOfSomething,HumanWalkingProcess
546,CarryingWhileLocomoting,ReleasingGraspOfSomething,HumanWalkingProcess
547,CarryingWhileLocomoting,ReleasingGraspOfSomething,HumanWalkingProcess
548,CarryingWhileLocomoting,ReleasingGraspOfSomething,HumanWalkingProcess
549,CarryingWhileLocomoting,ReleasingGraspOfSomething,HumanWalkingProcess
550,CarryingWhileLocomoting,ReleasingGraspOfSomething,HumanWalkingProcess
551,CarryingWhileLocomoting,ReleasingGraspOfSomething,HumanWalkingProcess
552,CarryingWhileLocomoting,ReleasingGraspOfSomething,HumanWalkingProcess
553,CarryingWhileLocomoting,ReleasingGraspOfSomething,HumanWalkingProcess
554,CarryingWhileLocomoting,ReleasingGraspOfSomething,HumanWalkingProcess
555,CarryingWhileLocomoting,ReleasingGraspOfSomething,HumanWalkingProcess
556,CarryingWhileLocomoting,ReleasingGraspOfSomething,HumanWalkingProcess
557,CarryingWhileLocomoting,ReleasingGraspOfSomething,HumanWalkingProcess
558,CarryingWhileLocomoting,ReleasingGraspOfSomething,HumanWalkingProcess
559,CarryingWhileLocomoting,ReleasingGraspOfSomething,HumanWalkingProcess
560,CarryingWhileLocomoting,ReleasingGraspOfSomething,HumanWalkingProcess
561,CarryingWhileLocomoting,ReleasingGraspOfSomething,HumanWalkingProcess
562,CarryingWhileLocomoting,ReleasingGraspOfSomething,HumanWalkingProcess
563,CarryingWhileLocomoting,ReleasingGraspOfSomething,HumanWalkingProcess
564,CarryingWhileLocomoting,ReleasingGraspOfSomething,HumanWalkingProcess
565,CarryingWhileLocomoting,ReleasingGraspOfSomething,HumanWalkingProcess
566,LoweringAnObject,ReleasingGraspOfSomething,HumanWalkingProcess
567,LoweringAnObject,ReleasingGraspOfSomething,HumanWalkingProcess
568,LoweringAnObject,ReleasingGraspOfSomething,HumanWalkingProcess
569,LoweringAnObject,ReleasingGraspOfSomething,HumanWalkingProcess
570,LoweringAnObject,ReleasingGraspOfSomething,HumanWalkingProcess
571,LoweringAnObject,ReleasingGraspOfSomething,HumanWalkingProcess
572,LoweringAnObject,ReleasingGraspOfSomething,HumanWalkingProcess
573,LoweringAnObject,ReleasingGraspOfSomething,HumanWalkingProcess
574,LoweringAnObject,ReleasingGraspOfSomething,HumanWalkingProcess
575,LoweringAnObject,ReleasingGraspOfSomething,HumanWalkingProcess
576,LoweringAnObject,ReleasingGraspOfSomething,HumanWalkingProcess
577,LoweringAnObject,ReleasingGraspOfSomething,HumanWalkingProcess
578,LoweringAnObject,ReleasingGraspOfSomething,HumanWalkingProcess
579,LoweringAnObject,ReleasingGraspOfSomething,HumanWalkingProcess
580,LoweringAnObject,ReleasingGraspOfSomething,StandingStill
581,LoweringAnObject,ReleasingGraspOfSomething,StandingStill
582,LoweringAnObject,ReleasingGraspOfSomething,StandingStill
583,LoweringAnObject,ReleasingGraspOfSomething,StandingStill
584,LoweringAnObject,ReleasingGraspOfSomething,StandingStill
585,LoweringAnObject,ReleasingGraspOfSomething,StandingStill
586,LoweringAnObject,ReleasingGraspOfSomething,StandingStill
587,LoweringAnObject,ReleasingGraspOfSomething,StandingStill
588,LoweringAnObject,ReleasingGraspOfSomething,StandingStill
589,LoweringAnObject,ReleasingGraspOfSomething,StandingStill
590,LoweringAnObject,ReleasingGraspOfSomething,StandingStill
591,LoweringAnObject,ReleasingGraspOfSomething,StandingStill
592,LoweringAnObject,ReleasingGraspOfSomething,StandingStill
593,LoweringAnObject,ReleasingGraspOfSomething,StandingStill
594,LoweringAnObject,ReleasingGraspOfSomething,StandingStill
595,LoweringAnObject,ReleasingGraspOfSomething,StandingStill
596,LoweringAnObject,ReleasingGraspOfSomething,StandingStill
597,LoweringAnObject,ReleasingGraspOfSomething,StandingStill
598,LoweringAnObject,ReleasingGraspOfSomething,StandingStill
599,LoweringAnObject,LoweringAnObject,StandingStill
600,LoweringAnObject,LoweringAnObject,StandingStill
601,ReleasingGraspOfSomething,LoweringAnObject,StandingStill
602,ReleasingGraspOfSomething,LoweringAnObject,StandingStill
603,ReleasingGraspOfSomething,LoweringAnObject,StandingStill
604,ReleasingGraspOfSomething,LoweringAnObject,StandingStill
605,ReleasingGraspOfSomething,LoweringAnObject,StandingStill
606,ReleasingGraspOfSomething,LoweringAnObject,StandingStill
607,ReleasingGraspOfSomething,LoweringAnObject,StandingStill
608,ReleasingGraspOfSomething,LoweringAnObject,StandingStill
609,ReleasingGraspOfSomething,LoweringAnObject,StandingStill
610,ReleasingGraspOfSomething,LoweringAnObject,StandingStill
611,ReleasingGraspOfSomething,LoweringAnObject,StandingStill
612,ReleasingGraspOfSomething,LoweringAnObject,StandingStill
613,ReleasingGraspOfSomething,LoweringAnObject,StandingStill
614,ReleasingGraspOfSomething,LoweringAnObject,StandingStill
615,ReleasingGraspOfSomething,LoweringAnObject,StandingStill
616,ReleasingGraspOfSomething,LoweringAnObject,StandingStill
617,ReleasingGraspOfSomething,LoweringAnObject,StandingStill
618,ReleasingGraspOfSomething,LoweringAnObject,StandingStill
619,ReleasingGraspOfSomething,LoweringAnObject,StandingStill
620,ReleasingGraspOfSomething,LoweringAnObject,StandingStill
621,CarryingWhileLocomoting,LoweringAnObject,StandingStill
622,CarryingWhileLocomoting,LoweringAnObject,StandingStill
623,CarryingWhileLocomoting,LoweringAnObject,StandingStill
624,CarryingWhileLocomoting,LoweringAnObject,StandingStill
625,CarryingWhileLocomoting,LoweringAnObject,StandingStill
626,CarryingWhileLocomoting,LoweringAnObject,StandingStill
627,CarryingWhileLocomoting,LoweringAnObject,StandingStill
628,CarryingWhileLocomoting,LoweringAnObject,StandingStill
629,CarryingWhileLocomoting,LoweringAnObject,StandingStill
630,CarryingWhileLocomoting,LoweringAnObject,StandingStill
631,CarryingWhileLocomoting,LoweringAnObject,StandingStill
632,CarryingWhileLocomoting,LoweringAnObject,StandingStill
633,CarryingWhileLocomoting,LoweringAnObject,StandingStill
634,CarryingWhileLocomoting,LoweringAnObject,StandingStill
635,CarryingWhileLocomoting,LoweringAnObject,StandingStill
636,CarryingWhileLocomoting,LoweringAnObject,StandingStill
637,CarryingWhileLocomoting,LoweringAnObject,StandingStill
638,CarryingWhileLocomoting,LoweringAnObject,StandingStill
639,CarryingWhileLocomoting,LoweringAnObject,StandingStill
640,CarryingWhileLocomoting,LoweringAnObject,StandingStill
641,CarryingWhileLocomoting,LoweringAnObject,StandingStill
642,CarryingWhileLocomoting,LoweringAnObject,StandingStill
643,CarryingWhileLocomoting,LoweringAnObject,StandingStill
644,CarryingWhileLocomoting,LoweringAnObject,StandingStill
645,CarryingWhileLocomoting,LoweringAnObject,StandingStill
646,CarryingWhileLocomoting,LoweringAnObject,StandingStill
647,CarryingWhileLocomoting,ReleasingGraspOfSomething,StandingStill
648,CarryingWhileLocomoting,ReleasingGraspOfSomething,StandingStill
649,CarryingWhileLocomoting,ReleasingGraspOfSomething,StandingStill
650,CarryingWhileLocomoting,ReleasingGraspOfSomething,StandingStill
651,CarryingWhileLocomoting,ReleasingGraspOfSomething,StandingStill
652,CarryingWhileLocomoting,ReleasingGraspOfSomething,StandingStill
653,CarryingWhileLocomoting,ReleasingGraspOfSomething,StandingStill
654,CarryingWhileLocomoting,ReleasingGraspOfSomething,StandingStill
655,CarryingWhileLocomoting,ReleasingGraspOfSomething,StandingStill
656,CarryingWhileLocomoting,ReleasingGraspOfSomething,StandingStill
657,CarryingWhileLocomoting,ReleasingGraspOfSomething,StandingStill
658,CarryingWhileLocomoting,ReleasingGraspOfSomething,StandingStill
659,CarryingWhileLocomoting,ReleasingGraspOfSomething,StandingStill
660,CarryingWhileLocomoting,ReleasingGraspOfSomething,StandingStill
661,CarryingWhileLocomoting,ReleasingGraspOfSomething,StandingStill
662,CarryingWhileLocomoting,ReleasingGraspOfSomething,StandingStill
663,CarryingWhileLocomoting,ReleasingGraspOfSomething,StandingStill
664,CarryingWhileLocomoting,ReleasingGraspOfSomething,StandingStill
665,CarryingWhileLocomoting,ReleasingGraspOfSomething,StandingStill
666,CarryingWhileLocomoting,ReleasingGraspOfSomething,StandingStill
667,CarryingWhileLocomoting,ReleasingGraspOfSomething,StandingStill
668,CarryingWhileLocomoting,CarryingWhileLocomoting,StandingStill
669,CarryingWhileLocomoting,CarryingWhileLocomoting,StandingStill
670,CarryingWhileLocomoting,CarryingWhileLocomoting,HumanWalkingProcess
671,CarryingWhileLocomoting,CarryingWhileLocomoting,HumanWalkingProcess
672,CarryingWhileLocomoting,CarryingWhileLocomoting,HumanWalkingProcess
673,CarryingWhileLocomoting,CarryingWhileLocomoting,HumanWalkingProcess
674,CarryingWhileLocomoting,CarryingWhileLocomoting,HumanWalkingProcess
675,CarryingWhileLocomoting,CarryingWhileLocomoting,HumanWalkingProcess
676,CarryingWhileLocomoting,CarryingWhileLocomoting,HumanWalkingProcess
677,CarryingWhileLocomoting,CarryingWhileLocomoting,HumanWalkingProcess
678,CarryingWhileLocomoting,CarryingWhileLocomoting,HumanWalkingProcess
679,CarryingWhileLocomoting,CarryingWhileLocomoting,HumanWalkingProcess
680,CarryingWhileLocomoting,CarryingWhileLocomoting,HumanWalkingProcess
681,CarryingWhileLocomoting,CarryingWhileLocomoting,HumanWalkingProcess
682,CarryingWhileLocomoting,CarryingWhileLocomoting,HumanWalkingProcess
683,CarryingWhileLocomoting,CarryingWhileLocomoting,HumanWalkingProcess
684,CarryingWhileLocomoting,CarryingWhileLocomoting,HumanWalkingProcess
685,CarryingWhileLocomoting,CarryingWhileLocomoting,HumanWalkingProcess
686,CarryingWhileLocomoting,CarryingWhileLocomoting,HumanWalkingProcess
687,CarryingWhileLocomoting,CarryingWhileLocomoting,HumanWalkingProcess
688,CarryingWhileLocomoting,CarryingWhileLocomoting,HumanWalkingProcess
689,CarryingWhileLocomoting,CarryingWhileLocomoting,HumanWalkingProcess
690,CarryingWhileLocomoting,CarryingWhileLocomoting,HumanWalkingProcess
691,CarryingWhileLocomoting,CarryingWhileLocomoting,HumanWalkingProcess
692,CarryingWhileLocomoting,CarryingWhileLocomoting,HumanWalkingProcess
693,CarryingWhileLocomoting,CarryingWhileLocomoting,HumanWalkingProcess
694,CarryingWhileLocomoting,CarryingWhileLocomoting,HumanWalkingProcess
695,CarryingWhileLocomoting,CarryingWhileLocomoting,HumanWalkingProcess
696,CarryingWhileLocomoting,CarryingWhileLocomoting,HumanWalkingProcess
697,CarryingWhileLocomoting,CarryingWhileLocomoting,HumanWalkingProcess
698,CarryingWhileLocomoting,CarryingWhileLocomoting,HumanWalkingProcess
699,CarryingWhileLocomoting,CarryingWhileLocomoting,HumanWalkingProcess
700,CarryingWhileLocomoting,CarryingWhileLocomoting,HumanWalkingProcess
701,CarryingWhileLocomoting,CarryingWhileLocomoting,HumanWalkingProcess
702,CarryingWhileLocomoting,CarryingWhileLocomoting,HumanWalkingProcess
703,CarryingWhileLocomoting,CarryingWhileLocomoting,HumanWalkingProcess
704,CarryingWhileLocomoting,CarryingWhileLocomoting,HumanWalkingProcess
705,CarryingWhileLocomoting,CarryingWhileLocomoting,HumanWalkingProcess
706,CarryingWhileLocomoting,CarryingWhileLocomoting,HumanWalkingProcess
707,CarryingWhileLocomoting,CarryingWhileLocomoting,HumanWalkingProcess
708,CarryingWhileLocomoting,CarryingWhileLocomoting,HumanWalkingProcess
709,CarryingWhileLocomoting,CarryingWhileLocomoting,HumanWalkingProcess
710,CarryingWhileLocomoting,CarryingWhileLocomoting,HumanWalkingProcess
711,CarryingWhileLocomoting,CarryingWhileLocomoting,HumanWalkingProcess
712,CarryingWhileLocomoting,CarryingWhileLocomoting,HumanWalkingProcess
713,CarryingWhileLocomoting,CarryingWhileLocomoting,HumanWalkingProcess
714,CarryingWhileLocomoting,CarryingWhileLocomoting,HumanWalkingProcess
715,CarryingWhileLocomoting,CarryingWhileLocomoting,HumanWalkingProcess
716,CarryingWhileLocomoting,CarryingWhileLocomoting,HumanWalkingProcess
717,CarryingWhileLocomoting,CarryingWhileLocomoting,HumanWalkingProcess
718,CarryingWhileLocomoting,CarryingWhileLocomoting,HumanWalkingProcess
719,CarryingWhileLocomoting,CarryingWhileLocomoting,HumanWalkingProcess
720,CarryingWhileLocomoting,CarryingWhileLocomoting,HumanWalkingProcess
721,CarryingWhileLocomoting,CarryingWhileLocomoting,HumanWalkingProcess
722,CarryingWhileLocomoting,CarryingWhileLocomoting,HumanWalkingProcess
723,CarryingWhileLocomoting,CarryingWhileLocomoting,HumanWalkingProcess
724,CarryingWhileLocomoting,CarryingWhileLocomoting,HumanWalkingProcess
725,Reaching,CarryingWhileLocomoting,HumanWalkingProcess
726,Reaching,CarryingWhileLocomoting,HumanWalkingProcess
727,Reaching,CarryingWhileLocomoting,HumanWalkingProcess
728,Reaching,CarryingWhileLocomoting,HumanWalkingProcess
729,Reaching,CarryingWhileLocomoting,HumanWalkingProcess
730,Reaching,CarryingWhileLocomoting,HumanWalkingProcess
731,Reaching,CarryingWhileLocomoting,StandingStill
732,Reaching,CarryingWhileLocomoting,StandingStill
733,Reaching,CarryingWhileLocomoting,StandingStill
734,Reaching,CarryingWhileLocomoting,StandingStill
735,Reaching,CarryingWhileLocomoting,StandingStill
736,Reaching,CarryingWhileLocomoting,StandingStill
737,Reaching,CarryingWhileLocomoting,StandingStill
738,OpeningADrawer,CarryingWhileLocomoting,StandingStill
739,OpeningADrawer,CarryingWhileLocomoting,StandingStill
740,OpeningADrawer,CarryingWhileLocomoting,StandingStill
741,OpeningADrawer,CarryingWhileLocomoting,StandingStill
742,OpeningADrawer,CarryingWhileLocomoting,StandingStill
743,OpeningADrawer,CarryingWhileLocomoting,StandingStill
744,OpeningADrawer,CarryingWhileLocomoting,StandingStill
745,OpeningADrawer,CarryingWhileLocomoting,StandingStill
746,OpeningADrawer,CarryingWhileLocomoting,StandingStill
747,OpeningADrawer,CarryingWhileLocomoting,StandingStill
748,OpeningADrawer,CarryingWhileLocomoting,StandingStill
749,OpeningADrawer,CarryingWhileLocomoting,StandingStill
750,OpeningADrawer,CarryingWhileLocomoting,StandingStill
751,OpeningADrawer,CarryingWhileLocomoting,StandingStill
752,OpeningADrawer,CarryingWhileLocomoting,StandingStill
753,OpeningADrawer,CarryingWhileLocomoting,StandingStill
754,OpeningADrawer,CarryingWhileLocomoting,StandingStill
755,OpeningADrawer,CarryingWhileLocomoting,StandingStill
756,OpeningADrawer,CarryingWhileLocomoting,StandingStill
757,OpeningADrawer,CarryingWhileLocomoting,StandingStill
758,OpeningADrawer,CarryingWhileLocomoting,StandingStill
759,OpeningADrawer,CarryingWhileLocomoting,StandingStill
760,OpeningADrawer,CarryingWhileLocomoting,StandingStill
761,OpeningADrawer,CarryingWhileLocomoting,StandingStill
762,OpeningADrawer,CarryingWhileLocomoting,StandingStill
763,OpeningADrawer,CarryingWhileLocomoting,StandingStill
764,OpeningADrawer,CarryingWhileLocomoting,StandingStill
765,OpeningADrawer,CarryingWhileLocomoting,StandingStill
766,OpeningADrawer,CarryingWhileLocomoting,StandingStill
767,OpeningADrawer,CarryingWhileLocomoting,StandingStill
768,OpeningADrawer,Reaching,StandingStill
769,OpeningADrawer,Reaching,StandingStill
770,OpeningADrawer,Reaching,StandingStill
771,OpeningADrawer,Reaching,StandingStill
772,Reaching,Reaching,StandingStill
773,Reaching,Reaching,StandingStill
774,Reaching,Reaching,StandingStill
775,Reaching,Reaching,StandingStill
776,Reaching,Reaching,StandingStill
777,Reaching,Reaching,StandingStill
778,Reaching,Reaching,StandingStill
779,Reaching,Reaching,StandingStill
780,Reaching,Reaching,StandingStill
781,Reaching,Reaching,StandingStill
782,TakingSomething,Reaching,StandingStill
783,TakingSomething,Reaching,StandingStill
784,TakingSomething,Reaching,StandingStill
785,TakingSomething,Reaching,StandingStill
786,TakingSomething,Reaching,StandingStill
787,TakingSomething,Reaching,StandingStill
788,TakingSomething,Reaching,StandingStill
789,TakingSomething,Reaching,StandingStill
790,TakingSomething,Reaching,StandingStill
791,TakingSomething,Reaching,StandingStill
792,TakingSomething,Reaching,StandingStill
793,TakingSomething,Reaching,StandingStill
794,TakingSomething,Reaching,StandingStill
795,TakingSomething,TakingSomething,StandingStill
796,TakingSomething,TakingSomething,StandingStill
797,TakingSomething,TakingSomething,StandingStill
798,TakingSomething,TakingSomething,StandingStill
799,TakingSomething,TakingSomething,StandingStill
800,TakingSomething,TakingSomething,StandingStill
801,TakingSomething,TakingSomething,StandingStill
802,TakingSomething,TakingSomething,StandingStill
803,TakingSomething,TakingSomething,StandingStill
804,TakingSomething,TakingSomething,StandingStill
805,TakingSomething,TakingSomething,StandingStill
806,TakingSomething,TakingSomething,StandingStill
807,TakingSomething,TakingSomething,StandingStill
808,TakingSomething,TakingSomething,StandingStill
809,TakingSomething,TakingSomething,StandingStill
810,TakingSomething,TakingSomething,StandingStill
811,TakingSomething,TakingSomething,StandingStill
812,TakingSomething,TakingSomething,StandingStill
813,TakingSomething,TakingSomething,StandingStill
814,TakingSomething,TakingSomething,StandingStill
815,TakingSomething,TakingSomething,StandingStill
816,TakingSomething,TakingSomething,StandingStill
817,TakingSomething,TakingSomething,StandingStill
818,TakingSomething,TakingSomething,StandingStill
819,TakingSomething,TakingSomething,StandingStill
820,TakingSomething,TakingSomething,StandingStill
821,TakingSomething,TakingSomething,StandingStill
822,TakingSomething,TakingSomething,StandingStill
823,TakingSomething,TakingSomething,StandingStill
824,TakingSomething,TakingSomething,StandingStill
825,TakingSomething,TakingSomething,StandingStill
826,TakingSomething,TakingSomething,StandingStill
827,TakingSomething,TakingSomething,StandingStill
828,TakingSomething,TakingSomething,StandingStill
829,TakingSomething,TakingSomething,StandingStill
830,TakingSomething,TakingSomething,StandingStill
831,TakingSomething,TakingSomething,StandingStill
832,TakingSomething,TakingSomething,StandingStill
833,ReleasingGraspOfSomething,TakingSomething,StandingStill
834,ReleasingGraspOfSomething,TakingSomething,StandingStill
835,ReleasingGraspOfSomething,TakingSomething,StandingStill
836,ReleasingGraspOfSomething,TakingSomething,StandingStill
837,ReleasingGraspOfSomething,TakingSomething,StandingStill
838,ReleasingGraspOfSomething,TakingSomething,StandingStill
839,ReleasingGraspOfSomething,TakingSomething,StandingStill
840,ReleasingGraspOfSomething,TakingSomething,StandingStill
841,ReleasingGraspOfSomething,TakingSomething,StandingStill
842,ReleasingGraspOfSomething,TakingSomething,StandingStill
843,ReleasingGraspOfSomething,TakingSomething,StandingStill
844,ClosingADrawer,TakingSomething,StandingStill
845,ClosingADrawer,TakingSomething,StandingStill
846,ClosingADrawer,TakingSomething,StandingStill
847,ClosingADrawer,TakingSomething,StandingStill
848,ClosingADrawer,TakingSomething,StandingStill
849,ClosingADrawer,TakingSomething,StandingStill
850,ClosingADrawer,TakingSomething,StandingStill
851,ClosingADrawer,TakingSomething,StandingStill
852,ClosingADrawer,TakingSomething,StandingStill
853,ClosingADrawer,TakingSomething,StandingStill
854,ClosingADrawer,TakingSomething,StandingStill
855,ClosingADrawer,TakingSomething,StandingStill
856,ClosingADrawer,TakingSomething,StandingStill
857,ClosingADrawer,TakingSomething,StandingStill
858,ClosingADrawer,TakingSomething,StandingStill
859,ClosingADrawer,TakingSomething,StandingStill
860,ClosingADrawer,CarryingWhileLocomoting,StandingStill
861,ClosingADrawer,CarryingWhileLocomoting,StandingStill
862,ClosingADrawer,CarryingWhileLocomoting,StandingStill
863,ClosingADrawer,CarryingWhileLocomoting,StandingStill
864,ClosingADrawer,CarryingWhileLocomoting,StandingStill
865,ClosingADrawer,CarryingWhileLocomoting,StandingStill
866,ClosingADrawer,CarryingWhileLocomoting,StandingStill
867,ClosingADrawer,CarryingWhileLocomoting,StandingStill
868,ClosingADrawer,CarryingWhileLocomoting,StandingStill
869,ClosingADrawer,CarryingWhileLocomoting,StandingStill
870,ClosingADrawer,CarryingWhileLocomoting,StandingStill
871,ClosingADrawer,CarryingWhileLocomoting,StandingStill
872,ClosingADrawer,CarryingWhileLocomoting,StandingStill
873,ClosingADrawer,CarryingWhileLocomoting,StandingStill
874,ClosingADrawer,CarryingWhileLocomoting,StandingStill
875,ClosingADrawer,CarryingWhileLocomoting,StandingStill
876,ClosingADrawer,CarryingWhileLocomoting,StandingStill
877,ClosingADrawer,CarryingWhileLocomoting,StandingStill
878,ClosingADrawer,CarryingWhileLocomoting,StandingStill
879,ClosingADrawer,CarryingWhileLocomoting,StandingStill
880,ClosingADrawer,CarryingWhileLocomoting,StandingStill
881,ClosingADrawer,CarryingWhileLocomoting,StandingStill
882,ClosingADrawer,CarryingWhileLocomoting,StandingStill
883,ClosingADrawer,CarryingWhileLocomoting,StandingStill
884,ReleasingGraspOfSomething,CarryingWhileLocomoting,StandingStill
885,ReleasingGraspOfSomething,CarryingWhileLocomoting,StandingStill
886,ReleasingGraspOfSomething,CarryingWhileLocomoting,StandingStill
887,ReleasingGraspOfSomething,CarryingWhileLocomoting,StandingStill
888,ReleasingGraspOfSomething,CarryingWhileLocomoting,StandingStill
889,ReleasingGraspOfSomething,CarryingWhileLocomoting,StandingStill
890,ReleasingGraspOfSomething,CarryingWhileLocomoting,StandingStill
891,ReleasingGraspOfSomething,CarryingWhileLocomoting,HumanWalkingProcess
892,ReleasingGraspOfSomething,CarryingWhileLocomoting,HumanWalkingProcess
893,ReleasingGraspOfSomething,CarryingWhileLocomoting,HumanWalkingProcess
894,ReleasingGraspOfSomething,CarryingWhileLocomoting,HumanWalkingProcess
895,ReleasingGraspOfSomething,CarryingWhileLocomoting,HumanWalkingProcess
896,ReleasingGraspOfSomething,CarryingWhileLocomoting,HumanWalkingProcess
897,CarryingWhileLocomoting,CarryingWhileLocomoting,HumanWalkingProcess
898,CarryingWhileLocomoting,CarryingWhileLocomoting,HumanWalkingProcess
899,CarryingWhileLocomoting,CarryingWhileLocomoting,HumanWalkingProcess
900,CarryingWhileLocomoting,CarryingWhileLocomoting,HumanWalkingProcess
901,CarryingWhileLocomoting,CarryingWhileLocomoting,HumanWalkingProcess
902,CarryingWhileLocomoting,CarryingWhileLocomoting,HumanWalkingProcess
903,CarryingWhileLocomoting,CarryingWhileLocomoting,HumanWalkingProcess
904,CarryingWhileLocomoting,CarryingWhileLocomoting,HumanWalkingProcess
905,CarryingWhileLocomoting,CarryingWhileLocomoting,HumanWalkingProcess
906,CarryingWhileLocomoting,CarryingWhileLocomoting,HumanWalkingProcess
907,CarryingWhileLocomoting,CarryingWhileLocomoting,HumanWalkingProcess
908,CarryingWhileLocomoting,CarryingWhileLocomoting,HumanWalkingProcess
909,CarryingWhileLocomoting,CarryingWhileLocomoting,HumanWalkingProcess
910,CarryingWhileLocomoting,CarryingWhileLocomoting,HumanWalkingProcess
911,CarryingWhileLocomoting,CarryingWhileLocomoting,HumanWalkingProcess
912,CarryingWhileLocomoting,CarryingWhileLocomoting,HumanWalkingProcess
913,CarryingWhileLocomoting,CarryingWhileLocomoting,HumanWalkingProcess
914,CarryingWhileLocomoting,CarryingWhileLocomoting,HumanWalkingProcess
915,CarryingWhileLocomoting,CarryingWhileLocomoting,HumanWalkingProcess
916,CarryingWhileLocomoting,CarryingWhileLocomoting,HumanWalkingProcess
917,CarryingWhileLocomoting,CarryingWhileLocomoting,HumanWalkingProcess
918,CarryingWhileLocomoting,CarryingWhileLocomoting,HumanWalkingProcess
919,CarryingWhileLocomoting,CarryingWhileLocomoting,HumanWalkingProcess
920,CarryingWhileLocomoting,CarryingWhileLocomoting,HumanWalkingProcess
921,CarryingWhileLocomoting,CarryingWhileLocomoting,HumanWalkingProcess
922,CarryingWhileLocomoting,CarryingWhileLocomoting,HumanWalkingProcess
923,CarryingWhileLocomoting,CarryingWhileLocomoting,HumanWalkingProcess
924,CarryingWhileLocomoting,CarryingWhileLocomoting,HumanWalkingProcess
925,CarryingWhileLocomoting,CarryingWhileLocomoting,HumanWalkingProcess
926,CarryingWhileLocomoting,CarryingWhileLocomoting,HumanWalkingProcess
927,CarryingWhileLocomoting,CarryingWhileLocomoting,HumanWalkingProcess
928,CarryingWhileLocomoting,CarryingWhileLocomoting,HumanWalkingProcess
929,CarryingWhileLocomoting,CarryingWhileLocomoting,HumanWalkingProcess
930,CarryingWhileLocomoting,CarryingWhileLocomoting,HumanWalkingProcess
931,CarryingWhileLocomoting,CarryingWhileLocomoting,HumanWalkingProcess
932,CarryingWhileLocomoting,CarryingWhileLocomoting,HumanWalkingProcess
933,CarryingWhileLocomoting,CarryingWhileLocomoting,HumanWalkingProcess
934,CarryingWhileLocomoting,CarryingWhileLocomoting,HumanWalkingProcess
935,CarryingWhileLocomoting,CarryingWhileLocomoting,HumanWalkingProcess
936,CarryingWhileLocomoting,CarryingWhileLocomoting,HumanWalkingProcess
937,CarryingWhileLocomoting,CarryingWhileLocomoting,HumanWalkingProcess
938,CarryingWhileLocomoting,CarryingWhileLocomoting,HumanWalkingProcess
939,CarryingWhileLocomoting,CarryingWhileLocomoting,HumanWalkingProcess
940,CarryingWhileLocomoting,CarryingWhileLocomoting,HumanWalkingProcess
941,CarryingWhileLocomoting,CarryingWhileLocomoting,HumanWalkingProcess
942,CarryingWhileLocomoting,CarryingWhileLocomoting,HumanWalkingProcess
943,CarryingWhileLocomoting,CarryingWhileLocomoting,HumanWalkingProcess
944,CarryingWhileLocomoting,CarryingWhileLocomoting,HumanWalkingProcess
945,CarryingWhileLocomoting,CarryingWhileLocomoting,HumanWalkingProcess
946,CarryingWhileLocomoting,CarryingWhileLocomoting,HumanWalkingProcess
947,CarryingWhileLocomoting,CarryingWhileLocomoting,HumanWalkingProcess
948,CarryingWhileLocomoting,CarryingWhileLocomoting,HumanWalkingProcess
949,CarryingWhileLocomoting,CarryingWhileLocomoting,HumanWalkingProcess
950,CarryingWhileLocomoting,CarryingWhileLocomoting,HumanWalkingProcess
951,CarryingWhileLocomoting,CarryingWhileLocomoting,HumanWalkingProcess
952,CarryingWhileLocomoting,CarryingWhileLocomoting,HumanWalkingProcess
953,CarryingWhileLocomoting,CarryingWhileLocomoting,HumanWalkingProcess
954,CarryingWhileLocomoting,CarryingWhileLocomoting,StandingStill
955,CarryingWhileLocomoting,CarryingWhileLocomoting,StandingStill
956,CarryingWhileLocomoting,CarryingWhileLocomoting,StandingStill
957,CarryingWhileLocomoting,CarryingWhileLocomoting,StandingStill
958,LoweringAnObject,CarryingWhileLocomoting,StandingStill
959,LoweringAnObject,CarryingWhileLocomoting,StandingStill
960,LoweringAnObject,CarryingWhileLocomoting,StandingStill
961,LoweringAnObject,CarryingWhileLocomoting,StandingStill
962,LoweringAnObject,CarryingWhileLocomoting,StandingStill
963,LoweringAnObject,CarryingWhileLocomoting,StandingStill
964,LoweringAnObject,CarryingWhileLocomoting,StandingStill
965,LoweringAnObject,CarryingWhileLocomoting,StandingStill
966,LoweringAnObject,CarryingWhileLocomoting,StandingStill
967,LoweringAnObject,CarryingWhileLocomoting,StandingStill
968,LoweringAnObject,CarryingWhileLocomoting,StandingStill
969,LoweringAnObject,CarryingWhileLocomoting,StandingStill
970,LoweringAnObject,CarryingWhileLocomoting,StandingStill
971,LoweringAnObject,CarryingWhileLocomoting,StandingStill
972,LoweringAnObject,CarryingWhileLocomoting,StandingStill
973,LoweringAnObject,CarryingWhileLocomoting,StandingStill
974,ReleasingGraspOfSomething,CarryingWhileLocomoting,StandingStill
975,ReleasingGraspOfSomething,CarryingWhileLocomoting,StandingStill
976,ReleasingGraspOfSomething,CarryingWhileLocomoting,StandingStill
977,ReleasingGraspOfSomething,CarryingWhileLocomoting,StandingStill
978,ReleasingGraspOfSomething,CarryingWhileLocomoting,StandingStill
979,ReleasingGraspOfSomething,CarryingWhileLocomoting,StandingStill
980,ReleasingGraspOfSomething,CarryingWhileLocomoting,StandingStill
981,ReleasingGraspOfSomething,CarryingWhileLocomoting,StandingStill
982,ReleasingGraspOfSomething,CarryingWhileLocomoting,StandingStill
983,ReleasingGraspOfSomething,CarryingWhileLocomoting,StandingStill
984,ReleasingGraspOfSomething,CarryingWhileLocomoting,StandingStill
985,ReleasingGraspOfSomething,CarryingWhileLocomoting,StandingStill
986,ReleasingGraspOfSomething,CarryingWhileLocomoting,StandingStill
987,ReleasingGraspOfSomething,CarryingWhileLocomoting,StandingStill
988,ReleasingGraspOfSomething,CarryingWhileLocomoting,StandingStill
989,ReleasingGraspOfSomething,CarryingWhileLocomoting,StandingStill
990,ReleasingGraspOfSomething,CarryingWhileLocomoting,StandingStill
991,ReleasingGraspOfSomething,CarryingWhileLocomoting,StandingStill
992,ReleasingGraspOfSomething,CarryingWhileLocomoting,StandingStill
993,ReleasingGraspOfSomething,CarryingWhileLocomoting,StandingStill
994,ReleasingGraspOfSomething,CarryingWhileLocomoting,StandingStill
995,ReleasingGraspOfSomething,CarryingWhileLocomoting,StandingStill
996,ReleasingGraspOfSomething,CarryingWhileLocomoting,StandingStill
997,LoweringAnObject,CarryingWhileLocomoting,StandingStill
998,LoweringAnObject,CarryingWhileLocomoting,StandingStill
999,LoweringAnObject,CarryingWhileLocomoting,StandingStill
1000,LoweringAnObject,CarryingWhileLocomoting,StandingStill
1001,LoweringAnObject,CarryingWhileLocomoting,StandingStill
1002,LoweringAnObject,CarryingWhileLocomoting,StandingStill
1003,LoweringAnObject,CarryingWhileLocomoting,StandingStill
1004,LoweringAnObject,CarryingWhileLocomoting,StandingStill
1005,LoweringAnObject,CarryingWhileLocomoting,StandingStill
1006,LoweringAnObject,CarryingWhileLocomoting,StandingStill
1007,LoweringAnObject,CarryingWhileLocomoting,StandingStill
1008,LoweringAnObject,CarryingWhileLocomoting,StandingStill
1009,LoweringAnObject,CarryingWhileLocomoting,StandingStill
1010,LoweringAnObject,CarryingWhileLocomoting,StandingStill
1011,LoweringAnObject,CarryingWhileLocomoting,StandingStill
1012,LoweringAnObject,CarryingWhileLocomoting,StandingStill
1013,LoweringAnObject,CarryingWhileLocomoting,StandingStill
1014,LoweringAnObject,CarryingWhileLocomoting,StandingStill
1015,LoweringAnObject,CarryingWhileLocomoting,StandingStill
1016,LoweringAnObject,CarryingWhileLocomoting,StandingStill
1017,LoweringAnObject,CarryingWhileLocomoting,StandingStill
1018,LoweringAnObject,CarryingWhileLocomoting,StandingStill
1019,LoweringAnObject,CarryingWhileLocomoting,StandingStill
1020,LoweringAnObject,CarryingWhileLocomoting,StandingStill
1021,LoweringAnObject,CarryingWhileLocomoting,StandingStill
1022,LoweringAnObject,CarryingWhileLocomoting,StandingStill
1023,LoweringAnObject,CarryingWhileLocomoting,StandingStill
1024,LoweringAnObject,CarryingWhileLocomoting,StandingStill
1025,LoweringAnObject,CarryingWhileLocomoting,StandingStill
1026,LoweringAnObject,CarryingWhileLocomoting,StandingStill
1027,LoweringAnObject,CarryingWhileLocomoting,StandingStill
1028,LoweringAnObject,CarryingWhileLocomoting,StandingStill
1029,ReleasingGraspOfSomething,CarryingWhileLocomoting,StandingStill
1030,ReleasingGraspOfSomething,LoweringAnObject,StandingStill
1031,ReleasingGraspOfSomething,LoweringAnObject,StandingStill
1032,ReleasingGraspOfSomething,LoweringAnObject,StandingStill
1033,ReleasingGraspOfSomething,LoweringAnObject,StandingStill
1034,ReleasingGraspOfSomething,LoweringAnObject,StandingStill
1035,ReleasingGraspOfSomething,LoweringAnObject,StandingStill
1036,ReleasingGraspOfSomething,LoweringAnObject,StandingStill
1037,ReleasingGraspOfSomething,LoweringAnObject,StandingStill
1038,ReleasingGraspOfSomething,LoweringAnObject,StandingStill
1039,ReleasingGraspOfSomething,LoweringAnObject,StandingStill
1040,CarryingWhileLocomoting,LoweringAnObject,StandingStill
1041,CarryingWhileLocomoting,LoweringAnObject,StandingStill
1042,CarryingWhileLocomoting,LoweringAnObject,StandingStill
1043,CarryingWhileLocomoting,LoweringAnObject,StandingStill
1044,CarryingWhileLocomoting,LoweringAnObject,StandingStill
1045,CarryingWhileLocomoting,LoweringAnObject,StandingStill
1046,CarryingWhileLocomoting,LoweringAnObject,StandingStill
1047,CarryingWhileLocomoting,LoweringAnObject,StandingStill
1048,CarryingWhileLocomoting,LoweringAnObject,StandingStill
1049,CarryingWhileLocomoting,LoweringAnObject,StandingStill
1050,CarryingWhileLocomoting,LoweringAnObject,StandingStill
1051,CarryingWhileLocomoting,LoweringAnObject,StandingStill
1052,CarryingWhileLocomoting,LoweringAnObject,StandingStill
1053,CarryingWhileLocomoting,LoweringAnObject,StandingStill
1054,CarryingWhileLocomoting,ReleasingGraspOfSomething,StandingStill
1055,CarryingWhileLocomoting,ReleasingGraspOfSomething,StandingStill
1056,CarryingWhileLocomoting,ReleasingGraspOfSomething,StandingStill
1057,CarryingWhileLocomoting,ReleasingGraspOfSomething,StandingStill
1058,CarryingWhileLocomoting,ReleasingGraspOfSomething,StandingStill
1059,CarryingWhileLocomoting,ReleasingGraspOfSomething,StandingStill
1060,CarryingWhileLocomoting,ReleasingGraspOfSomething,StandingStill
1061,CarryingWhileLocomoting,ReleasingGraspOfSomething,StandingStill
1062,CarryingWhileLocomoting,ReleasingGraspOfSomething,StandingStill
1063,CarryingWhileLocomoting,ReleasingGraspOfSomething,StandingStill
1064,CarryingWhileLocomoting,ReleasingGraspOfSomething,StandingStill
1065,CarryingWhileLocomoting,ReleasingGraspOfSomething,StandingStill
1066,CarryingWhileLocomoting,ReleasingGraspOfSomething,StandingStill
1067,CarryingWhileLocomoting,ReleasingGraspOfSomething,StandingStill
1068,CarryingWhileLocomoting,ReleasingGraspOfSomething,StandingStill
1069,CarryingWhileLocomoting,ReleasingGraspOfSomething,StandingStill
1070,CarryingWhileLocomoting,ReleasingGraspOfSomething,StandingStill
1071,CarryingWhileLocomoting,ReleasingGraspOfSomething,StandingStill
1072,CarryingWhileLocomoting,ReleasingGraspOfSomething,StandingStill
1073,CarryingWhileLocomoting,ReleasingGraspOfSomething,StandingStill
1074,CarryingWhileLocomoting,ReleasingGraspOfSomething,StandingStill
1075,CarryingWhileLocomoting,ReleasingGraspOfSomething,StandingStill
1076,CarryingWhileLocomoting,ReleasingGraspOfSomething,StandingStill
1077,CarryingWhileLocomoting,ReleasingGraspOfSomething,StandingStill
1078,CarryingWhileLocomoting,ReleasingGraspOfSomething,HumanWalkingProcess
1079,CarryingWhileLocomoting,ReleasingGraspOfSomething,HumanWalkingProcess
1080,CarryingWhileLocomoting,CarryingWhileLocomoting,HumanWalkingProcess
1081,CarryingWhileLocomoting,CarryingWhileLocomoting,HumanWalkingProcess
1082,CarryingWhileLocomoting,CarryingWhileLocomoting,HumanWalkingProcess
1083,CarryingWhileLocomoting,CarryingWhileLocomoting,HumanWalkingProcess
1084,CarryingWhileLocomoting,CarryingWhileLocomoting,HumanWalkingProcess
1085,CarryingWhileLocomoting,CarryingWhileLocomoting,HumanWalkingProcess
1086,CarryingWhileLocomoting,CarryingWhileLocomoting,HumanWalkingProcess
1087,CarryingWhileLocomoting,CarryingWhileLocomoting,HumanWalkingProcess
1088,CarryingWhileLocomoting,CarryingWhileLocomoting,HumanWalkingProcess
1089,CarryingWhileLocomoting,CarryingWhileLocomoting,HumanWalkingProcess
1090,CarryingWhileLocomoting,CarryingWhileLocomoting,HumanWalkingProcess
1091,CarryingWhileLocomoting,CarryingWhileLocomoting,HumanWalkingProcess
1092,CarryingWhileLocomoting,CarryingWhileLocomoting,HumanWalkingProcess
1093,CarryingWhileLocomoting,CarryingWhileLocomoting,HumanWalkingProcess
1094,CarryingWhileLocomoting,CarryingWhileLocomoting,HumanWalkingProcess
1095,CarryingWhileLocomoting,CarryingWhileLocomoting,HumanWalkingProcess
1096,CarryingWhileLocomoting,CarryingWhileLocomoting,HumanWalkingProcess
1097,CarryingWhileLocomoting,CarryingWhileLocomoting,HumanWalkingProcess
1098,CarryingWhileLocomoting,CarryingWhileLocomoting,HumanWalkingProcess
1099,CarryingWhileLocomoting,CarryingWhileLocomoting,HumanWalkingProcess
1100,CarryingWhileLocomoting,CarryingWhileLocomoting,HumanWalkingProcess
1101,CarryingWhileLocomoting,CarryingWhileLocomoting,HumanWalkingProcess
1102,CarryingWhileLocomoting,CarryingWhileLocomoting,HumanWalkingProcess
1103,CarryingWhileLocomoting,CarryingWhileLocomoting,HumanWalkingProcess
1104,CarryingWhileLocomoting,CarryingWhileLocomoting,HumanWalkingProcess
1105,CarryingWhileLocomoting,CarryingWhileLocomoting,HumanWalkingProcess
1106,CarryingWhileLocomoting,CarryingWhileLocomoting,HumanWalkingProcess
1107,CarryingWhileLocomoting,CarryingWhileLocomoting,HumanWalkingProcess
1108,CarryingWhileLocomoting,CarryingWhileLocomoting,HumanWalkingProcess
1109,CarryingWhileLocomoting,CarryingWhileLocomoting,HumanWalkingProcess
1110,CarryingWhileLocomoting,CarryingWhileLocomoting,HumanWalkingProcess
1111,CarryingWhileLocomoting,CarryingWhileLocomoting,HumanWalkingProcess
1112,CarryingWhileLocomoting,CarryingWhileLocomoting,HumanWalkingProcess
1113,CarryingWhileLocomoting,CarryingWhileLocomoting,HumanWalkingProcess
1114,CarryingWhileLocomoting,CarryingWhileLocomoting,HumanWalkingProcess
1115,CarryingWhileLocomoting,CarryingWhileLocomoting,HumanWalkingProcess
1116,CarryingWhileLocomoting,CarryingWhileLocomoting,HumanWalkingProcess
1117,CarryingWhileLocomoting,CarryingWhileLocomoting,HumanWalkingProcess
1118,CarryingWhileLocomoting,CarryingWhileLocomoting,HumanWalkingProcess
1119,CarryingWhileLocomoting,CarryingWhileLocomoting,HumanWalkingProcess
1120,CarryingWhileLocomoting,CarryingWhileLocomoting,HumanWalkingProcess
1121,CarryingWhileLocomoting,CarryingWhileLocomoting,HumanWalkingProcess
1122,CarryingWhileLocomoting,CarryingWhileLocomoting,HumanWalkingProcess
1123,CarryingWhileLocomoting,CarryingWhileLocomoting,HumanWalkingProcess
1124,CarryingWhileLocomoting,CarryingWhileLocomoting,HumanWalkingProcess
1125,CarryingWhileLocomoting,CarryingWhileLocomoting,HumanWalkingProcess
1126,CarryingWhileLocomoting,CarryingWhileLocomoting,HumanWalkingProcess
1127,CarryingWhileLocomoting,CarryingWhileLocomoting,HumanWalkingProcess
1128,CarryingWhileLocomoting,CarryingWhileLocomoting,HumanWalkingProcess
1129,CarryingWhileLocomoting,CarryingWhileLocomoting,HumanWalkingProcess
1130,CarryingWhileLocomoting,CarryingWhileLocomoting,HumanWalkingProcess
1131,CarryingWhileLocomoting,CarryingWhileLocomoting,HumanWalkingProcess
1132,CarryingWhileLocomoting,CarryingWhileLocomoting,HumanWalkingProcess
1133,CarryingWhileLocomoting,CarryingWhileLocomoting,HumanWalkingProcess
1134,CarryingWhileLocomoting,CarryingWhileLocomoting,HumanWalkingProcess
